subject,date,probe
459601,20240409,probe00
459601,20240409,probe01
459601,20240410,probe00
459601,20240410,probe01
459601,20240411,probe00
459601,20240411,probe01
462910,20240813,probe00
462910,20240813,probe01
462910,20240814,probe00
462910,20240814,probe01
462910,20240815,probe00
462910,20240815,probe01
462911,20240809,probe00
462911,20240809,probe01
466394,20241105,probe00
466394,20241105,probe01
466394,20241107,probe00
466394,20241107,probe01
466394,20241108,probe00
466394,20241108,probe01
466395,20241113,probe00
466395,20241113,probe01
466395,20241114,probe00
466395,20241114,probe01
466395,20241115,probe00
466395,20241115,probe01
