p_obj1,p_obj2,p_sound_id,p_ripples,amp_ripples,assembly,region,subject,date,probe
0.894936594759526,0.08593831229486082,0.7392939887485852,,,1,PERI,459601,20240409,probe00
0.572905488745693,0.24303922580204707,0.3969245019692238,,,2,PERI,459601,20240409,probe00
0.1640694505059347,0.5433710842305493,0.8723916866407653,,,3,PERI,459601,20240409,probe00
0.16298982366802217,0.09734943366425652,0.1518338699156686,,,4,PERI,459601,20240409,probe00
0.00615429892162378,0.0009038558846390377,0.011331240924478236,,,1,TEa,459601,20240409,probe00
0.004914797276307836,0.9405315728512201,0.14534333905778085,,,2,TEa,459601,20240409,probe00
0.14784452848783292,0.8655590477577887,0.13631919487764244,,,3,TEa,459601,20240409,probe00
0.009584028482956364,0.015371669388216103,0.0004261862976692177,,,4,TEa,459601,20240409,probe00
0.4701461566575571,0.005933766495762605,0.3645381577408041,,,5,TEa,459601,20240409,probe00
0.8956662404718911,0.4389186630118731,0.5905287726921733,,,6,TEa,459601,20240409,probe00
0.8650282502684554,0.1732422402428292,0.5437535357949671,,,1,VIS,459601,20240409,probe00
0.0762481096098222,0.28779769297956626,0.9686862969606459,,,2,VIS,459601,20240409,probe00
0.944887899795207,0.6519506110875934,0.802673540253565,,,3,VIS,459601,20240409,probe00
0.4852461809295351,0.049890440415463644,0.38525899302162303,,,4,VIS,459601,20240409,probe00
0.789088534010556,0.8722112365340642,0.7491948716648394,,,5,VIS,459601,20240409,probe00
0.7250089858092865,0.2116075322737947,0.8049190941684252,,,1,CA1,459601,20240409,probe01
0.5076849778656076,0.756567757611169,0.8995142260067528,,,2,CA1,459601,20240409,probe01
0.31749815256762903,0.7425144926197753,0.47505928891837357,,,3,CA1,459601,20240409,probe01
0.03780683259095052,0.48766704396350835,0.07269568560455697,,,4,CA1,459601,20240409,probe01
0.16737487667437168,0.019208685004565962,0.5624587863732606,,,5,CA1,459601,20240409,probe01
0.8402973348305993,0.2034718550704202,0.7771836681226271,,,6,CA1,459601,20240409,probe01
0.0999579950416346,0.9365889416585634,0.9151285487984606,,,7,CA1,459601,20240409,probe01
0.33458175546683744,0.22430301838699673,0.11094060886729284,0.0448783765877826,0.08925941312260208,1,PERI,459601,20240410,probe00
0.7177346714667231,0.05240380653563326,0.6925686673570806,0.00681486752531979,0.22731015237071445,2,PERI,459601,20240410,probe00
0.8684195000308859,0.756337655750584,0.8363428895302532,0.07400382472155453,0.11016148200969064,3,PERI,459601,20240410,probe00
0.8498109497228686,0.9529503442411489,0.618354486935287,0.05883341426502042,-0.06695066182379554,4,PERI,459601,20240410,probe00
0.4624112285049422,0.6158889857864017,0.15951069257975836,0.0005624529190485505,0.2646399577005597,5,PERI,459601,20240410,probe00
0.25495918402743734,0.07008949652196184,0.49436084105859046,1.0108917408602203e-05,0.5906355930350741,1,TEa,459601,20240410,probe00
0.2805803906382347,0.007084469721165387,0.2841446145807289,0.003073935421574303,0.4021178527814457,2,TEa,459601,20240410,probe00
0.5527139991755485,0.38513476253972634,0.3861954919827575,0.6890234671445505,-0.1586186892661591,3,TEa,459601,20240410,probe00
0.7737241947126132,0.5968409103419489,0.5671464313114345,0.0003308242790107663,0.35031715626637466,4,TEa,459601,20240410,probe00
0.169004864499124,0.08611829677237881,0.5568643249579902,0.6355937351973806,-0.17310632845404078,5,TEa,459601,20240410,probe00
0.8326101695888329,0.3020620421286425,0.6077761774228448,0.05010663863493914,0.1402242400687771,6,TEa,459601,20240410,probe00
0.8835095343239068,0.06284931422947881,0.8446651155202703,0.2209934963172726,-0.1059999834507942,7,TEa,459601,20240410,probe00
0.9416319209409871,0.8653503510118645,0.8762982540105104,0.20446945895235802,0.1643501536389091,8,TEa,459601,20240410,probe00
0.8169023187190858,0.6570780218036958,0.9215996811235259,0.2670041065423201,0.04197382526500358,1,VIS,459601,20240410,probe00
0.8597001535208119,0.31203303129595494,0.6027718893700376,0.11675027024361495,0.21019785128568505,2,VIS,459601,20240410,probe00
0.2569487591797568,0.5456843494302221,0.23165146210026932,0.24961089398991587,0.19791413168066282,3,VIS,459601,20240410,probe00
0.6008647656047074,0.6341801383721697,0.8226934148945422,0.038612842895436095,-0.09821004336351641,4,VIS,459601,20240410,probe00
0.4218034002332436,0.8232474925657894,0.49155825599420844,0.000999495717147525,-0.33496328052594593,5,VIS,459601,20240410,probe00
0.42943829336455386,0.09909077253082699,0.46350135167440876,0.03236664594091987,-0.10791075671246203,6,VIS,459601,20240410,probe00
0.7109485297184013,0.33676082469819313,0.05569106461302398,0.03719878344635785,0.14890356910768848,7,VIS,459601,20240410,probe00
0.5860468582600886,0.8411890165548261,0.9135336732259253,0.5603869669329538,0.17364620523941174,8,VIS,459601,20240410,probe00
0.9418458520625637,0.0382473166199504,0.8432949956673831,0.6046515292647165,-0.10005632874871141,9,VIS,459601,20240410,probe00
0.9413144261815688,0.8745049773364515,0.8855266297164786,0.09527727165826227,0.05713249848774189,10,VIS,459601,20240410,probe00
0.08211306958549658,0.28288137721294115,0.9051507911618353,0.0002812675535143194,0.5279347686134337,11,VIS,459601,20240410,probe00
0.9495594849053284,0.5261989934438924,0.9469215218041795,0.005729274369740911,-0.26085265674118824,12,VIS,459601,20240410,probe00
0.8874934588904797,0.7283077818070782,0.47460124159908423,0.043867070263463814,0.03611418280256136,1,CA1,459601,20240410,probe01
0.22984440638351822,0.03242987241951478,0.2739971202224345,0.025074095206884195,0.2534736156360127,2,CA1,459601,20240410,probe01
0.9261543806058122,0.9162324232437495,0.8046574246605325,0.06542359911374618,0.07279539006770723,3,CA1,459601,20240410,probe01
0.9495769349592696,0.3047834428106252,0.8245081091646977,1.1934611070518741e-06,1.029381621555643,4,CA1,459601,20240410,probe01
0.2010014114830384,0.5122863940318045,0.05852492272257703,0.7098191815491323,-0.12788985101439262,5,CA1,459601,20240410,probe01
0.8307322389429629,0.6623978712989216,0.9194616217579511,0.00706117633460801,-0.24314905853827432,6,CA1,459601,20240410,probe01
0.8193067738414426,0.037796489719533866,0.1129985849031464,0.0070645314473953835,0.4232406705905666,7,CA1,459601,20240410,probe01
0.689968655385198,0.9162922976058842,0.6576997909493443,0.0045413770219402405,0.40068377823974966,8,CA1,459601,20240410,probe01
0.8751144219399362,0.003592752934655885,0.6244226487875348,3.6858438330344967e-06,0.4540237509537004,9,CA1,459601,20240410,probe01
0.2696827110790969,0.15511322623345347,0.449233107718506,0.4016513280285383,-0.19993190184375242,1,LEC,459601,20240411,probe00
0.4627755834868045,0.8650936238073845,0.5575821305736973,0.8517345995969853,-0.18470683938842494,2,LEC,459601,20240411,probe00
0.7593050742926495,0.03474298644395457,0.9639557693575511,0.5861276139381899,0.3083613499977006,1,PERI,459601,20240411,probe00
0.12935565137443172,0.1950481728770258,0.19668344224979895,0.005623277393798531,0.3253287541431525,2,PERI,459601,20240411,probe00
0.06380171742175822,0.018659985710153926,0.106301141437393,0.8135166815196817,0.25980024989551415,3,PERI,459601,20240411,probe00
0.8774188841168853,0.03649846027267489,0.9334137871865108,0.0661526989671335,0.18713715626923388,4,PERI,459601,20240411,probe00
0.7206293994286632,0.8888918541492294,0.9078164557223345,0.35523081292476144,0.11805774674302517,5,PERI,459601,20240411,probe00
0.2139052168844383,0.0009864538949597712,0.5941531108553271,0.04068060882976998,0.641687191342059,6,PERI,459601,20240411,probe00
0.4128668473153756,0.08867498916032424,0.2561955980463402,0.16869600573610932,-0.3987453034820149,7,PERI,459601,20240411,probe00
0.5889575737427036,8.947898261668641e-06,0.9213316032784241,0.7657664261789827,-0.21827519374205617,8,PERI,459601,20240411,probe00
0.7356059730118121,0.8277266712885304,0.4077031845059401,0.066578039678993,-0.45186555134648704,1,TEa,459601,20240411,probe00
0.23347833306344534,0.20179219917149926,0.1162004515482381,0.007092652849605141,0.22463767301383675,2,TEa,459601,20240411,probe00
0.3395184495630271,0.4123781324440289,0.29089831201664973,0.13352817025158814,0.24468383978520988,3,TEa,459601,20240411,probe00
0.465395511063035,0.3650510667675494,0.6944875864135778,0.056093643172406726,0.26765578484215125,4,TEa,459601,20240411,probe00
0.2886206202404994,0.037938314122273886,0.1635833481460528,0.0004917912094724031,1.6961346057299171,5,TEa,459601,20240411,probe00
0.014739330307425025,5.873173453685432e-06,0.20733114537980646,0.4453096785802815,-0.23166887190699798,6,TEa,459601,20240411,probe00
0.05152388255519558,0.03429472423970614,0.08611837331109373,0.2051983470916222,0.4604081517715335,7,TEa,459601,20240411,probe00
0.06238745058711259,0.06880880356439156,0.03968269882811981,0.08379051005923832,0.647918833880104,8,TEa,459601,20240411,probe00
0.34236070661437235,0.05960019832895047,0.3806728916653245,0.0019105888996081566,-0.38040133168069135,1,VIS,459601,20240411,probe00
0.7772886729622216,0.03456002655546897,0.8127563806707554,0.02297140882639881,0.8282667170482977,2,VIS,459601,20240411,probe00
0.8661301646066102,0.787231453587117,0.9034291538995788,0.0009934019320326781,0.22056679363856735,1,CA1,459601,20240411,probe01
0.4781798349113541,0.15992830513979983,0.4656786479049554,0.014346705338370458,-0.12548294819280004,2,CA1,459601,20240411,probe01
0.22165359693128506,0.0004076750352811631,0.47753436718653375,0.001700224068806988,0.27946018662577415,3,CA1,459601,20240411,probe01
0.9270166206187163,0.03899069357478746,0.5181108327096839,0.00020115986537372343,2.748313937329466,4,CA1,459601,20240411,probe01
0.7370591819224144,0.5541297557798478,0.4439932615248442,1.3501825869011164e-05,-0.42216147987006736,1,CA1,462910,20240813,probe00
0.921291823811385,0.56500236459735,0.981278043464447,0.0012627741647229795,0.168761766907323,2,CA1,462910,20240813,probe00
0.28572496511605616,0.09843206253707004,0.7078900424710104,1.5595575197924205e-07,-0.6220007995263277,3,CA1,462910,20240813,probe00
0.07509399504959557,0.00015626367982179978,0.05031569383237611,3.754441202374892e-12,2.200358075983483,4,CA1,462910,20240813,probe00
0.3639101034044916,0.6369104625501736,0.7670922190092699,1.3446277424833397e-10,-0.1982937884737511,5,CA1,462910,20240813,probe00
0.64535831050422,0.45759731104869805,0.32186631799755583,1.3044708757625756e-08,-0.2488943148246426,6,CA1,462910,20240813,probe00
0.8981634399129791,0.21111940468160062,0.12115103994108423,0.2606992824932104,-0.12911121598305417,7,CA1,462910,20240813,probe00
0.2327927854362839,0.16067599476749406,0.6910508727258788,1.452909850985229e-06,0.6684997362592163,8,CA1,462910,20240813,probe00
0.5368546086497432,0.0014618185018594465,0.8171554496718711,0.0005559741531399043,0.20183466234784628,9,CA1,462910,20240813,probe00
0.9288744660046441,0.7065965209452444,0.8351200596707848,0.002152556625293345,0.12510947254010227,10,CA1,462910,20240813,probe00
0.7622876659190497,0.0026456868038090553,0.04379651069069013,0.0002453679086149574,-0.434223006330962,11,CA1,462910,20240813,probe00
0.7276898746938423,0.002012511984028076,0.8200276026653093,0.00393075950188615,-0.2159703355272479,1,LEC,462910,20240813,probe00
0.9327428777250705,0.6866742909862418,0.8725790595710267,1.6628231794824089e-06,-0.34986461864447915,2,LEC,462910,20240813,probe00
0.12257761445501236,0.016168666197806214,0.3402699276839479,5.934548408248475e-10,-0.5177126227521642,3,LEC,462910,20240813,probe00
0.9353102051813278,0.014079744833567553,0.9571341103624026,5.016419194880939e-05,0.382255224483959,4,LEC,462910,20240813,probe00
0.9274818008606448,0.34280313945352936,0.7455588757048004,0.018172881569331834,-0.16811075455241473,1,VIS,462910,20240813,probe00
0.9468295217931267,0.8976771438291373,0.7560245823704258,0.008333721540375483,0.09517052034568252,2,VIS,462910,20240813,probe00
0.607211017815225,0.036777986559389575,0.8779173834297416,0.6490407085689236,-0.04499472307484191,3,VIS,462910,20240813,probe00
0.47862714761993286,0.0480304697648678,0.5407654988567543,0.002931520639750773,0.1896336918451947,4,VIS,462910,20240813,probe00
0.3393129115194592,0.017551994797667336,0.9331205750917136,0.0015334511209106338,0.23560957783495806,5,VIS,462910,20240813,probe00
0.4728110622766736,0.42128338368321805,0.26274964503262177,0.002793777742930992,-0.08622183230040299,6,VIS,462910,20240813,probe00
0.06281242769273232,0.26932857409601496,0.11024470031692812,0.005105107351653815,0.03161840781825414,1,CA1,462910,20240813,probe01
0.5787370629658382,0.3205938824546225,0.6719249751242025,8.648054072857292e-07,0.14001512121241683,2,CA1,462910,20240813,probe01
0.5768035734265684,0.09899624121779571,0.7917832503790991,7.944466591436328e-05,0.45643345416591313,3,CA1,462910,20240813,probe01
0.7957599027461075,0.006469747398141101,0.8417610853319157,1.8984813721090177e-14,0.4323829350803398,4,CA1,462910,20240813,probe01
0.40912802653474467,0.020597120372042643,0.6675976930422182,6.882272529651345e-13,1.57888746273904,5,CA1,462910,20240813,probe01
0.0786154216516296,0.19386083035639523,0.08655391163160764,0.0004139072491472495,-0.08820097962951076,6,CA1,462910,20240813,probe01
0.6903436963706486,0.006431025735776585,0.27658145630680664,4.879208148622638e-12,-0.2448365858348736,7,CA1,462910,20240813,probe01
0.7274550604314018,0.01551542783138704,0.8867634793689104,7.374434396467677e-12,0.4155186235378069,8,CA1,462910,20240813,probe01
0.5407469667544847,0.06849333406708857,0.8889269480796577,0.004684403817674321,0.05737374526002348,1,AUD,462910,20240814,probe00
0.9630292004440355,0.576662611705011,0.7055083729697424,0.053176200238737925,0.07893288863338062,1,CA1,462910,20240814,probe00
0.48760952219497167,0.028179248920877198,0.7448765750347959,2.1070410938239803e-07,-0.5179458002785662,2,CA1,462910,20240814,probe00
0.6352336946952487,0.17204611653333624,0.7257546438424125,3.479725396715594e-10,1.5942633500651893,3,CA1,462910,20240814,probe00
0.5800223179591679,0.32297531934894885,0.7492765159018355,2.618220871053456e-05,0.5378191309281483,4,CA1,462910,20240814,probe00
0.952415446871072,0.03318866679018828,0.8150885073126339,9.137907875045315e-05,0.22219190609559633,5,CA1,462910,20240814,probe00
0.8693667090034045,0.24747091402682286,0.4097026180550173,0.028161234557689374,0.14200128890502622,1,LEC,462910,20240814,probe00
0.15257337063259602,0.2175054397634043,0.5272942342183864,3.1258803656619705e-08,-0.5879353090556568,1,PERI,462910,20240814,probe00
0.4278732679182339,0.28316732135893086,0.35048833790138134,8.773985916255e-06,-0.13434545122370653,2,PERI,462910,20240814,probe00
0.8669747230867206,0.12845361578275472,0.8107144759334522,0.06068056739406169,0.12986424918215295,3,PERI,462910,20240814,probe00
0.9117031119794496,0.35224525710044763,0.782829804429792,3.928094208571764e-06,-0.30443625466681173,4,PERI,462910,20240814,probe00
0.4112665580337076,0.41171822508037137,0.05002192258405436,1.226574397605873e-12,-0.5357273491753681,1,CA1,462910,20240814,probe01
0.5293211453189008,0.8717610061318711,0.24317775661169116,7.069567153905609e-12,0.9428987469035394,2,CA1,462910,20240814,probe01
0.9363176435370383,0.5216220117749151,0.7382570983030825,0.13912991293208254,-0.1399403475609449,3,CA1,462910,20240814,probe01
0.2570163826807004,0.2689718273819969,0.2513923036454039,0.35821613519595186,-0.10772310861893578,4,CA1,462910,20240814,probe01
0.26370247023257054,0.5194016117202409,0.3205488996319653,1.6136001246280784e-07,0.18164207966933293,5,CA1,462910,20240814,probe01
0.6892401425328227,0.9251052985085736,0.7694648281679268,0.010181617640638407,-0.056852337956282445,6,CA1,462910,20240814,probe01
0.6821567539356268,0.4102703656876233,0.6624133548037587,1.9866793279366135e-06,0.14988147800259133,7,CA1,462910,20240814,probe01
0.9068186928471524,0.09279251845829273,0.9052382214772527,2.543187882508846e-12,0.2625026138358657,8,CA1,462910,20240814,probe01
0.6087345981177401,0.07671708752178663,0.5679687304967184,2.630760054245229e-09,2.0458556646977786,9,CA1,462910,20240814,probe01
0.631262388304501,0.9023248443628833,0.31864239230870206,1.4414432936149524e-07,0.3836500454559967,10,CA1,462910,20240814,probe01
0.453264616663678,0.5063295027468369,0.27449071449890916,0.004166485302214307,-0.14459470980883776,1,CA1,462910,20240815,probe00
0.6711409011848194,0.7082361433340016,0.729463504901474,1.7040900318066043e-05,0.2821830994448544,2,CA1,462910,20240815,probe00
0.8610580536341507,0.31193255843687195,0.3515612654608071,1.1614627615230688e-07,-0.49436932995749683,3,CA1,462910,20240815,probe00
0.9855631750625425,0.0078001751000866815,0.8222613648269663,0.01843956511308975,-0.2529439855282462,4,CA1,462910,20240815,probe00
0.8965072233330011,0.34111580672168307,0.7733301552734674,0.0004207796373986161,0.06518322871722212,5,CA1,462910,20240815,probe00
0.605787337343386,0.4090773225888127,0.640922413759997,3.800408226362073e-05,-0.16309349796257427,6,CA1,462910,20240815,probe00
0.6196921328416365,0.7790428855581548,0.9831669990001897,9.064004324876862e-09,0.9356721685701636,7,CA1,462910,20240815,probe00
0.40638706788970513,0.26072250491744864,0.6557230659925614,0.0029938686501556067,-0.18053119001688664,8,CA1,462910,20240815,probe00
0.5583218964708467,0.8856206089645119,0.19131060814921486,5.5057379768630454e-05,0.09486837967674665,9,CA1,462910,20240815,probe00
0.6974705353626535,0.31203758721353303,0.22074178076105477,2.560646017446544e-08,-0.5383936145872223,10,CA1,462910,20240815,probe00
0.5974886360513123,0.08878805927213884,0.11954928691392541,0.00010636625414661705,-0.1882133918490519,11,CA1,462910,20240815,probe00
0.606418846825079,0.015717570616467835,0.4148128112478804,0.0009338628513153591,0.171458695840196,12,CA1,462910,20240815,probe00
0.8027999071868781,0.44449041772530795,0.8690868173571414,2.514338523629256e-05,0.10320859998518724,13,CA1,462910,20240815,probe00
0.827271591938016,0.6729854022045021,0.7063932072611818,2.716223912457849e-10,0.7297388213750462,14,CA1,462910,20240815,probe00
0.9712671780383106,0.8362076649645162,0.3834477437176499,7.756803018899028e-06,0.18390421573267662,1,VIS,462910,20240815,probe00
0.9435546758670613,0.17020052310798406,0.9009388919343835,1.0264602168241765e-08,-0.5919672968036851,2,VIS,462910,20240815,probe00
0.8893441757068928,0.07248537054514548,0.8870319911000951,0.014769094462461774,-0.19243799553164107,3,VIS,462910,20240815,probe00
0.7226703847059589,0.02281454456021581,0.30587577568360647,0.0012404778406767125,-0.40085714436336295,4,VIS,462910,20240815,probe00
0.9372126904089758,0.7105869561606766,0.577304475238958,0.0021798090268899672,-0.062436890844642046,5,VIS,462910,20240815,probe00
0.05220542729673605,0.007637754906313132,0.8932684394443022,2.5529228446785623e-06,-0.12268950325238462,6,VIS,462910,20240815,probe00
0.4334037680655022,0.7927975861647045,0.4855523401625824,3.8143485259212184e-08,0.15986611512443097,7,VIS,462910,20240815,probe00
0.9021177427523841,0.6857423767928286,0.907232872481521,0.8634709790279045,-0.09097702895504788,8,VIS,462910,20240815,probe00
0.8897820534111511,0.06732044417919625,0.5484313244456278,0.0020939312419393508,-0.09096746853055444,9,VIS,462910,20240815,probe00
0.6175275094535371,0.29588046827633185,0.9236390455159961,0.007107934666469973,-0.20173424069064638,10,VIS,462910,20240815,probe00
0.40591687380613695,0.7220826207319027,0.9357277776877196,3.6082671650561338e-06,0.5524747996114645,11,VIS,462910,20240815,probe00
0.12126442312218688,0.003261304284985167,0.08805980759374321,7.796347056820974e-05,-0.1607016197660787,12,VIS,462910,20240815,probe00
0.7179853458263838,0.7840946282277764,0.42423777712147726,3.312067845284705e-05,0.13898186600378198,13,VIS,462910,20240815,probe00
0.7126234916361843,0.036068213017310446,0.8621294179514952,0.004197756501827965,-0.14556253350031298,14,VIS,462910,20240815,probe00
0.48805147394728843,0.5310667881149869,0.6346676175811286,0.0001030746014668571,0.28524816008768455,15,VIS,462910,20240815,probe00
0.9046107410544928,0.8886409316170408,0.7177083318683828,7.202427543262502e-11,0.15852458878406908,1,CA1,462910,20240815,probe01
0.5705754228227845,0.20520321585106682,0.8139749117891513,5.850875339774575e-14,0.5975326383927854,2,CA1,462910,20240815,probe01
0.72993505630161,0.018650422291576763,0.6682198403152224,2.247935171340032e-11,2.3393559656385303,3,CA1,462910,20240815,probe01
0.833410979075618,0.8987145958271924,0.8644459098879003,0.7418597624572545,-0.2786979771924414,1,AUD,462911,20240809,probe00
0.25686769411874477,0.6178351321512874,0.2557655667220595,0.03649145416938915,0.1925416316928669,2,AUD,462911,20240809,probe00
0.43121153391023137,0.3705847102846459,0.3847655863913507,0.29504303820109745,-0.4804124260982796,3,AUD,462911,20240809,probe00
0.43806559656576205,0.7338025802121817,0.7383307417319755,0.03658823686127344,0.2734258495647959,4,AUD,462911,20240809,probe00
0.8013087223930137,0.882600847140209,0.8631930062627282,0.31361902121233887,0.14821937677840147,5,AUD,462911,20240809,probe00
0.24843139611927045,0.039908996953987974,0.19990263218147597,0.17756393732747378,-0.2348145641835094,6,AUD,462911,20240809,probe00
0.8457671190313333,0.9342725632116281,0.9025074293248019,0.004034251785035359,0.3815722113609676,7,AUD,462911,20240809,probe00
0.776962793073102,0.907208570169409,0.7014467987499329,0.22641448047602464,0.15350533544263073,1,PERI,462911,20240809,probe00
0.3842744749636898,0.8377781397411368,0.03234319474685565,0.2711138143289076,-0.3356914816548181,2,PERI,462911,20240809,probe00
0.7482659173429697,0.7130645509693498,0.3349094768272636,0.015214136764489572,-0.2414970002361813,3,PERI,462911,20240809,probe00
0.4604124647157216,0.9187679623023418,0.3282729440508113,0.0005011165445240051,0.381603793862466,4,PERI,462911,20240809,probe00
0.795686275713234,0.9198104839942622,0.7134642025961028,0.0012857333434524998,0.11851631691866889,1,TEa,462911,20240809,probe00
0.7290835392877654,0.9514411683858774,0.7077473689313014,0.000555488268512816,0.47479643918315173,2,TEa,462911,20240809,probe00
0.05909583210875158,0.5853266440927347,0.7021405958872581,0.08635724854839344,-0.3515864529556384,3,TEa,462911,20240809,probe00
0.8749435111109295,0.754547323006961,0.9493813446579412,0.007318007827217032,-0.34795039519539983,1,VIS,462911,20240809,probe00
0.2688005257674413,0.12505608663022327,0.3877394571650423,0.00030958205798714555,0.29314016819880406,2,VIS,462911,20240809,probe00
0.26200380778136145,0.06468566488884675,0.6493316209885861,1.2518759831658954e-05,0.6125406921147093,1,CA1,462911,20240809,probe01
0.23346477787612852,0.7081596919277314,0.15556886127085712,0.007536931527884039,0.3313051950451281,2,CA1,462911,20240809,probe01
0.7352209638529371,0.7738072471484254,0.8646096955859187,0.6215916489870923,-0.16324106501753438,3,CA1,462911,20240809,probe01
0.030760308379416013,0.5316945928428105,0.0765477559599852,0.011081061795715108,0.32765047806479825,4,CA1,462911,20240809,probe01
0.6662276977811417,0.08491223097928124,0.18156695962445435,6.93498714565699e-07,0.9180421142763777,5,CA1,462911,20240809,probe01
0.8401112924718187,0.3611775790979238,0.9125256805854843,6.142880748960522e-06,1.2444855341316754,6,CA1,462911,20240809,probe01
0.727601352518541,0.9047795837380121,0.8690539599590473,0.007734956080227562,0.23296573535595755,7,CA1,462911,20240809,probe01
0.3652358803991109,0.087233174315135,0.5414554188982317,0.03441671675024904,-0.3252622251166133,8,CA1,462911,20240809,probe01
0.8931371500247237,0.7144594673507368,0.8277710089643489,2.1145102417241546e-05,-0.22144354465762808,9,CA1,462911,20240809,probe01
0.8263349685624918,0.5485088074255522,0.41081657764347534,0.00042132494187163694,0.555890573491408,10,CA1,462911,20240809,probe01
0.7459815642929315,0.3574789110965081,0.8127685208575265,5.547403906347448e-06,1.6725616556821996,11,CA1,462911,20240809,probe01
0.8529529636927815,0.8272018586627545,0.9023249072481047,,,1,CA1,466394,20241105,probe00
0.397538314687765,0.7406389229098833,0.3300498310792247,,,2,CA1,466394,20241105,probe00
0.16647493670681635,0.4939757229195132,0.643190178806905,,,3,CA1,466394,20241105,probe00
0.8163347642390749,0.9694851817759175,0.6679509932068435,,,4,CA1,466394,20241105,probe00
0.949023778861773,0.8659168520022009,0.28690483261634814,,,5,CA1,466394,20241105,probe00
0.4065113530735358,0.05958003827668146,0.6826671245092357,,,6,CA1,466394,20241105,probe00
0.9380449648069735,0.24724070563277167,0.330836667320789,,,7,CA1,466394,20241105,probe00
0.3064857225299298,0.7044086232232732,0.7548156011463732,,,8,CA1,466394,20241105,probe00
0.5808390147465745,0.2026786118088989,0.1316555565809565,,,9,CA1,466394,20241105,probe00
0.02052000761382433,0.1840137585517886,0.15638332010051925,,,1,AUD,466394,20241105,probe01
0.9034818517220297,0.6124862199496052,0.449031215554761,,,2,AUD,466394,20241105,probe01
0.24754226589324557,0.6403295461129006,0.8076588326399493,,,3,AUD,466394,20241105,probe01
0.4807855799240064,0.8257543548610118,0.3272578885412438,,,4,AUD,466394,20241105,probe01
0.4562938926877482,0.9314055468294973,0.8589583439182846,,,5,AUD,466394,20241105,probe01
0.012745111436478718,0.4459645569162939,0.10704007519498926,,,6,AUD,466394,20241105,probe01
0.21618147889108386,0.9654124667832621,0.15367996411595575,,,7,AUD,466394,20241105,probe01
0.03875175083091109,0.4274549087516071,0.3470794363713061,,,8,AUD,466394,20241105,probe01
0.6710970450566394,0.039143880882369864,0.3328952433562056,,,9,AUD,466394,20241105,probe01
0.5283108750200828,0.7093993885341073,0.8588379936342485,,,10,AUD,466394,20241105,probe01
0.834510081329914,0.6376615450879013,0.6482044691784643,,,11,AUD,466394,20241105,probe01
0.270689564389894,0.5603100796295529,0.25413961311168454,,,12,AUD,466394,20241105,probe01
0.3223802100410279,0.49565834623161864,0.010387006864662651,,,13,AUD,466394,20241105,probe01
0.9019016957295254,0.05780263237058991,0.7957040876243684,,,14,AUD,466394,20241105,probe01
0.007289541867408378,0.594278419599574,0.264843997516664,,,15,AUD,466394,20241105,probe01
0.6579541639886326,0.7564678446884454,0.6764604202524642,,,16,AUD,466394,20241105,probe01
0.6973718047197122,0.11299504530766957,0.39841435587556595,,,1,PERI,466394,20241105,probe01
0.5914981050685784,0.8854571086256067,0.2886631245702208,,,2,PERI,466394,20241105,probe01
0.2697654996975256,0.5430558162052233,0.6979889116523932,,,3,PERI,466394,20241105,probe01
0.4264879239353855,0.07025743390386152,0.6555095008910998,,,1,TEa,466394,20241105,probe01
0.3022890964276589,0.407764230219022,0.6524672206664844,,,2,TEa,466394,20241105,probe01
0.1303396186436867,0.9172461199983105,0.1699499730570384,,,3,TEa,466394,20241105,probe01
0.7205012979127703,0.8405826545200976,0.6526025493810027,,,4,TEa,466394,20241105,probe01
0.3218683847686127,0.3389523317113393,0.5390521103033405,,,5,TEa,466394,20241105,probe01
0.24210953022095816,0.3108239475093817,0.019882105908679226,,,1,AUD,466394,20241107,probe01
0.11364109355465413,0.012086074896969001,0.04383545649837062,,,2,AUD,466394,20241107,probe01
0.003703261775368283,0.8486653527938263,0.0005194667293855204,,,3,AUD,466394,20241107,probe01
0.6220876660687871,0.8007038081401257,0.9488581136177383,,,4,AUD,466394,20241107,probe01
0.178770318908685,0.01872567277635606,0.7351830026887283,,,5,AUD,466394,20241107,probe01
0.2319711619830569,0.5436648199700822,0.009799582096718051,,,6,AUD,466394,20241107,probe01
0.1825522512311898,0.7279869767603167,0.449488313123674,,,7,AUD,466394,20241107,probe01
0.1065105354739464,0.08826553579862018,0.13660451471398927,,,8,AUD,466394,20241107,probe01
0.6937560855689415,0.8416712216239174,0.8276066353626738,,,9,AUD,466394,20241107,probe01
0.40738182508570775,0.8590328154195966,0.774663838877727,,,10,AUD,466394,20241107,probe01
0.8466497900436671,0.9207105706021385,0.6144247873476544,,,11,AUD,466394,20241107,probe01
0.9283904355878492,0.5050861978950384,0.7195776344843265,,,1,LEC,466394,20241107,probe01
0.21137107674471756,0.30942539695040894,0.10625876779980237,,,1,PERI,466394,20241107,probe01
0.6718168976331909,0.48132807383928156,0.8524269178888448,,,2,PERI,466394,20241107,probe01
0.6639364485711037,0.14461798276160787,0.6360822291357535,,,3,PERI,466394,20241107,probe01
0.9229753618995004,0.021223452509366747,0.7983128532224346,,,4,PERI,466394,20241107,probe01
0.1585991419373327,0.1025228412464747,0.8338699816133807,,,5,PERI,466394,20241107,probe01
0.11049974904769022,0.013632587170015253,0.20314557845829362,,,6,PERI,466394,20241107,probe01
0.8464884868451185,0.8037493951000311,0.8470160150503878,,,7,PERI,466394,20241107,probe01
0.19348401889165834,0.790143920674039,0.13640421980866368,,,8,PERI,466394,20241107,probe01
0.44529831010671284,0.06661809071434299,0.311253409190694,,,9,PERI,466394,20241107,probe01
0.7827134022164411,0.02000133313383956,0.5245292890813955,,,1,TEa,466394,20241107,probe01
0.06292077715430688,0.48995083761467917,0.43991861878325966,,,2,TEa,466394,20241107,probe01
0.7585532927222078,0.03114223301957386,0.230408575125445,,,3,TEa,466394,20241107,probe01
0.6871021742224375,0.3425874197866623,0.13956661433671225,,,4,TEa,466394,20241107,probe01
0.9001963817691371,0.028323698360316008,0.7743035758423703,,,5,TEa,466394,20241107,probe01
0.13401114461580432,0.6400368300597078,0.6082638250687841,,,6,TEa,466394,20241107,probe01
0.08783764951105677,0.04969650388884628,0.36759554614498036,,,1,AUD,466394,20241108,probe00
0.9016482975967286,0.03103809812199476,0.8957654335882749,,,2,AUD,466394,20241108,probe00
0.8317996707809898,0.7541126967157211,0.9613119401466469,,,3,AUD,466394,20241108,probe00
0.726776712521765,0.11208769048486245,0.6029409591249659,,,4,AUD,466394,20241108,probe00
0.7904730286942685,0.2789438966183062,0.8018493262246768,,,5,AUD,466394,20241108,probe00
0.34296580644074337,0.016125347703875637,0.10054647643487258,,,6,AUD,466394,20241108,probe00
0.5404466728714402,0.04380934565949535,0.29965351401573737,,,7,AUD,466394,20241108,probe00
0.20555063496972514,0.04948440397903564,0.6895728941968589,,,8,AUD,466394,20241108,probe00
0.11297511256088966,0.08352745109651094,0.8517732850184228,,,9,AUD,466394,20241108,probe00
0.8600685482140689,0.017829698451696796,0.9538937587302304,,,10,AUD,466394,20241108,probe00
0.2387089670441349,0.01605567866042723,0.15662504170377123,,,11,AUD,466394,20241108,probe00
0.06154783507109074,0.3885040774928671,0.8021136653567233,,,1,LEC,466394,20241108,probe00
0.09215889434264624,0.0017448284904434397,0.11004046222898467,,,1,PERI,466394,20241108,probe00
0.0025773140278507745,0.0008599676646896537,0.049246788015501974,,,2,PERI,466394,20241108,probe00
0.8943182650348174,0.0408315255413354,0.6110189882126513,,,3,PERI,466394,20241108,probe00
0.49820171096425037,0.06533945865143376,0.3157741111011627,,,4,PERI,466394,20241108,probe00
0.3094814069625357,0.44411835616688555,0.0434905697720438,,,5,PERI,466394,20241108,probe00
0.5083764194368559,0.2795204509361766,0.47422359543353687,,,6,PERI,466394,20241108,probe00
0.8685805315436792,0.6283366603931417,0.9272534810105656,,,1,TEa,466394,20241108,probe00
0.7123511308180639,0.7221791013614524,0.6836238012069153,,,2,TEa,466394,20241108,probe00
0.6154081586059004,0.07310430720440408,0.41299375278292794,,,3,TEa,466394,20241108,probe00
0.09713588913193882,0.055245472064281764,0.13333924514707152,,,4,TEa,466394,20241108,probe00
0.958418397176503,0.7137661715942359,0.23317167647966697,,,1,VIS,466394,20241108,probe00
0.9047774438837712,0.5151303149365208,0.8544919088243099,,,1,CA1,466394,20241108,probe01
0.5963461662309755,0.061406964978879874,0.6202431760142014,,,2,CA1,466394,20241108,probe01
0.7443447985417687,0.21082923134529086,0.8106039308126501,,,3,CA1,466394,20241108,probe01
0.8173551209031986,0.3781419131593391,0.6719343488657354,,,4,CA1,466394,20241108,probe01
0.801747841648601,0.1035344158131597,0.8165367727013135,,,5,CA1,466394,20241108,probe01
0.3337502699514272,0.0008635952927057433,0.5094252728234994,,,6,CA1,466394,20241108,probe01
0.39123162061786965,0.7912263344959675,0.3296117632181429,0.06778639023253741,-0.28255477257976247,1,LEC,466395,20241113,probe00
0.18635781287612585,0.873944847238822,0.5274741264084659,6.940119667475653e-05,-0.31559556000177197,1,PERI,466395,20241113,probe00
0.3053834866854812,0.8826814262411053,0.6588515207955908,0.2217370966759884,-0.22949328545784947,2,PERI,466395,20241113,probe00
0.8871458555574612,0.7300724752940351,0.8764238022898626,0.05243898005654579,-0.14159256594874056,3,PERI,466395,20241113,probe00
0.15930996569478928,0.19300396025885658,0.07348649541029872,0.27365205455924124,-0.15190247461022424,4,PERI,466395,20241113,probe00
0.5844152126110309,0.7343842940713897,0.12040968463187607,0.03146058611883995,0.3624440612044148,5,PERI,466395,20241113,probe00
0.6236481354876502,0.3113555893921588,0.6474249870988591,0.5832257683203202,0.29187221228106364,6,PERI,466395,20241113,probe00
0.5340430664311436,0.6057116533913953,0.9526065984761103,0.2061681978625597,-0.19036861330070443,7,PERI,466395,20241113,probe00
0.34604933603781174,0.3895299410465891,0.921612588960094,0.050332483907631564,0.23729981569300657,8,PERI,466395,20241113,probe00
0.07730272866476318,0.6005781953255986,0.200251428182868,0.0003807304785692356,0.28545795835980164,9,PERI,466395,20241113,probe00
0.7492545683813322,0.07049928229255997,0.8188374073680773,0.19013406826410217,-0.15942183398093862,10,PERI,466395,20241113,probe00
0.8667212458624328,0.5706812000902164,0.4199398453276889,0.5047938757391276,-0.22898804778321466,11,PERI,466395,20241113,probe00
0.8790382362550669,0.23934833410611056,0.695497007713626,0.004520185625617401,0.09648604638816809,12,PERI,466395,20241113,probe00
0.5052884947056989,0.29393093155740524,0.3033050853960735,0.6394685749428132,-0.13113218692006381,1,TEa,466395,20241113,probe00
0.35578404321929036,0.05056120098927741,0.5867409672340971,0.12082907061162651,0.23978508960357137,2,TEa,466395,20241113,probe00
0.31644921253112823,0.13901422295334953,0.43135685403766677,0.013291793682706277,-0.12625080753930862,3,TEa,466395,20241113,probe00
0.9047157232739981,0.8246876982050891,0.2883114899309539,0.018464374805376993,-0.20292431853760504,4,TEa,466395,20241113,probe00
0.870412487127278,0.6642038141683795,0.8835342026708264,0.0010145508151045979,0.20771319625394505,5,TEa,466395,20241113,probe00
0.35167916688663026,0.8835366717382943,0.8166698902626982,2.291427933032164e-05,-0.4470451572742483,6,TEa,466395,20241113,probe00
0.575337066632085,0.8544217494683191,0.5920069160087159,0.6038992807143587,0.14042825660234806,7,TEa,466395,20241113,probe00
0.3960150435225447,0.8891028074272332,0.8242179559012122,7.10146035975967e-07,-0.3339791583429295,8,TEa,466395,20241113,probe00
0.6913711754271581,0.45919992615323124,0.9270508371849323,0.001357500385500865,0.20952780402666066,9,TEa,466395,20241113,probe00
0.9119037140769326,0.7721153897802047,0.14866600212665637,0.0064565105188856275,-0.24507483629386392,10,TEa,466395,20241113,probe00
0.9128465174242772,0.4611710275885106,0.8914789784461392,0.7326079823627478,0.157695678970489,11,TEa,466395,20241113,probe00
0.03321827241401143,0.15326168692091502,0.39191479445083954,0.8939416926786258,0.19396069701582824,12,TEa,466395,20241113,probe00
0.4959274317990122,0.3114815412391956,0.847775898655725,2.7934302602172778e-05,-0.3144410284928869,13,TEa,466395,20241113,probe00
0.8776089339886851,0.7674027645263441,0.3507423725408403,0.0017213799167081767,0.3780616376794994,14,TEa,466395,20241113,probe00
0.6415466999953396,0.09919205663950481,0.9099097880591976,0.08638760656439048,0.37311554622190835,15,TEa,466395,20241113,probe00
0.4698477960456572,0.7049581435353511,0.030336458647155173,0.001769762066889169,0.37786752995693573,16,TEa,466395,20241113,probe00
0.02525482744572083,0.051570085894140805,0.2546190651180539,0.00012489553838079814,-0.45079334393854753,17,TEa,466395,20241113,probe00
0.2504180046023857,0.4553026328274995,0.6813314421094907,0.0686014308930657,-0.20107570897228727,18,TEa,466395,20241113,probe00
0.5051502256523919,0.6686732378772942,0.681635192317475,0.03108584857968233,0.17192411614682962,1,VIS,466395,20241113,probe00
0.8323820630770946,0.7125714260302579,0.29045803790513947,0.0006058266538606638,0.2033106881266452,1,CA1,466395,20241113,probe01
0.7068507259727885,0.6903591887186324,0.749544848549621,1.2249807759268094e-06,0.19601338801764612,2,CA1,466395,20241113,probe01
0.8697380023484168,0.8559045254889244,0.9121815517405691,1.77273604540229e-06,0.21536151359147615,3,CA1,466395,20241113,probe01
0.64719411980577,0.9296458044689049,0.42963644308627547,1.2526702763970832e-07,-0.40694418335463906,4,CA1,466395,20241113,probe01
0.918417931995802,0.6673650840614006,0.8614444127984128,4.025080269087766e-11,1.5824688920786887,5,CA1,466395,20241113,probe01
0.8357472370358097,0.532200802775059,0.5600395839900009,2.295094170268186e-08,0.5545542957449124,6,CA1,466395,20241113,probe01
0.4255155786478152,0.5807929433787803,0.7849514260582328,0.25529029117865465,-0.6513965463254864,1,AUD,466395,20241114,probe00
0.5807548997332541,0.13525118905206202,0.7052662201381208,0.07275329656107488,-0.2608097885823085,2,AUD,466395,20241114,probe00
0.02027876570509135,0.6599764484913977,0.7805648060624605,0.35612241728265714,-0.3506249314335784,3,AUD,466395,20241114,probe00
0.6991259175878202,0.5137404479536646,0.2730417603024208,0.05799545051537913,-0.33271840336063696,4,AUD,466395,20241114,probe00
0.19245749296941006,0.4304280600785242,0.0929206989706931,0.06065869951239755,0.9412456862056701,5,AUD,466395,20241114,probe00
0.6798285164368378,0.4271480514646546,0.6922527811108464,0.332306995267468,-0.18847409943478896,6,AUD,466395,20241114,probe00
0.9132655754381811,0.9084815297809381,0.8848897432697723,0.7106642073063518,-0.2961886856721084,7,AUD,466395,20241114,probe00
0.6217574105495491,0.5333636563653474,0.9173111857714176,0.14967811062038872,0.5036348153996939,8,AUD,466395,20241114,probe00
0.24425353901593838,0.06290180091048192,0.832465536000266,0.5379480837306871,0.8208594017889098,1,PERI,466395,20241114,probe00
0.25717577661325686,0.8622056579080801,0.6337138250217471,0.5284719768594055,-0.2689823421354658,2,PERI,466395,20241114,probe00
0.9384018284312742,0.9145123236230305,0.13334272767411925,0.291252075417862,0.18686676738546124,3,PERI,466395,20241114,probe00
0.4806273907367784,0.017431130942494266,0.9451621975621439,0.03028795575938248,-0.2981950482289633,4,PERI,466395,20241114,probe00
0.7065397305142262,0.9602987891691782,0.8244574643755562,0.3829517048277049,0.2603819767433282,5,PERI,466395,20241114,probe00
0.29098359012432407,0.23908306717592864,0.5223561975047104,0.2404211347678793,-0.3628445889883156,6,PERI,466395,20241114,probe00
0.46286826108672907,0.09418887375222629,0.6406358561914924,0.07443792771956304,-0.5851707342957775,7,PERI,466395,20241114,probe00
0.13973199023776195,0.1904176681752795,0.3133092458754966,0.3076993864791263,0.17199680685517676,8,PERI,466395,20241114,probe00
0.5708987445442983,0.8498091655775484,0.5499372049338658,0.6348968354608537,-0.5438467395168286,9,PERI,466395,20241114,probe00
0.4944592223814077,0.6689228691977622,0.21075552435247635,0.11831188521032576,0.46611030522990027,10,PERI,466395,20241114,probe00
0.7982300572306018,0.34916312920686043,0.8346157516692891,0.21780054789821868,-0.13989986235787033,11,PERI,466395,20241114,probe00
0.6122607185970909,0.31362337932245254,0.4911097128244821,0.845845183329275,-0.11809790439070501,12,PERI,466395,20241114,probe00
0.19181873305943853,0.8195031742818251,0.692082958709324,0.042972318522284114,-0.30516327680991256,1,TEa,466395,20241114,probe00
0.7719910620287759,0.7130057979166038,0.8494649906430666,0.7209701276825382,0.33511433112035316,2,TEa,466395,20241114,probe00
0.3875797614906952,0.5154883691393941,0.040122876186984624,0.30386076120990657,0.2195970597612756,3,TEa,466395,20241114,probe00
0.6808578550779896,0.2809318187080514,0.473525622108555,0.06752129122874584,0.2682376490323318,1,VIS,466395,20241114,probe00
0.8252998566274405,0.9189481619404031,0.8946774754219418,4.590467306064827e-05,0.8451093679918672,1,CA1,466395,20241114,probe01
0.7316935625356051,0.33261886072576197,0.8459368756002859,0.0028889250430008673,0.21133798958270297,2,CA1,466395,20241114,probe01
0.8122049834930034,0.854047409470186,0.7275913816589857,0.0016228204461679052,1.427450320793252,3,CA1,466395,20241114,probe01
0.918036159680132,0.7413511738319997,0.8201416280334439,0.04273785415635578,0.17259193119737956,4,CA1,466395,20241114,probe01
0.904073661022748,0.02449248116364877,0.8556799752868095,0.0006324225844077658,0.8857326049924363,5,CA1,466395,20241114,probe01
0.10185978854775979,0.13343372622744742,0.7279844862613045,0.4733071852062344,-0.5154286904992358,1,AUD,466395,20241115,probe00
0.849676865805141,0.7268837049563457,0.7805762895723756,0.13936877547671433,-0.3196969876665678,2,AUD,466395,20241115,probe00
0.8841523548351069,0.7413650694022911,0.9039546272692455,0.0037169363694116164,-0.3151548157774305,3,AUD,466395,20241115,probe00
0.26806866424222,0.06496565991185832,0.19230990985375673,0.3381479655298093,0.3450438837363853,4,AUD,466395,20241115,probe00
0.03286832620330504,0.0316045682706968,0.07465616632275607,0.24454360215531623,0.5673724952761322,5,AUD,466395,20241115,probe00
0.13944987803953157,0.2682213086849905,0.14388075297982594,0.35087160075099155,0.13547008222784543,6,AUD,466395,20241115,probe00
0.10193306292310655,0.02669540821599381,0.22251736856439985,3.8462744663569914e-05,-0.5562867525094501,7,AUD,466395,20241115,probe00
0.07278471818455534,0.3244172107985711,0.11550918878377847,0.034161509495872266,0.351835000147542,8,AUD,466395,20241115,probe00
0.8995437466398812,0.8861071952496045,0.7270846879402392,0.35048496702556753,0.4006753499340732,9,AUD,466395,20241115,probe00
0.8246590213624898,0.3456803650620487,0.8878675568306285,0.0027146557663378923,0.25636858959805436,10,AUD,466395,20241115,probe00
0.26498599406279133,0.6203705964241768,0.4336282111910785,0.578083431913091,-0.43273549205522555,1,TEa,466395,20241115,probe00
0.5155835959830202,0.804166089194893,0.8665739454814914,0.049659075730594804,0.541354411917591,2,TEa,466395,20241115,probe00
0.7808942623957177,0.1781923694405163,0.8303358507746161,1.6255684806232296e-05,0.8657058547994329,1,CA1,466395,20241115,probe01
0.7305103560784164,0.006971861705092786,0.7503612696520265,9.360937648028589e-06,-0.3617098837764511,2,CA1,466395,20241115,probe01
0.7704524042076726,0.005766946986302979,0.8089034987974102,8.065909374854741e-07,2.6020577342660345,3,CA1,466395,20241115,probe01
0.16642459089861172,0.2190991669039375,0.31213348469557456,0.18102779091189003,0.49757697973561077,4,CA1,466395,20241115,probe01
0.9313838770799909,0.846570751853065,0.7490509058660619,1.212808979145219e-05,0.5095886968392427,5,CA1,466395,20241115,probe01
0.3919958003389984,0.8054546201425075,0.22360287878140406,0.00038569079746308965,-0.3472896970275104,6,CA1,466395,20241115,probe01
0.29938769849410907,0.9500092654923985,0.17393994407097646,0.0021777648731319266,0.6018301142970719,7,CA1,466395,20241115,probe01
0.4443349808243765,0.8699093737349632,0.4537467333511531,0.04661615158198551,0.32048187415054213,8,CA1,466395,20241115,probe01
0.669341899700533,0.0499955020330165,0.26716195082050676,0.016806446657507856,-0.35726060756846423,1,AUD,466396,20241031,probe00
0.2231126702507329,0.029555850707945752,0.29726215332932315,0.0012002456879409706,-0.17780104295497837,2,AUD,466396,20241031,probe00
0.8372687234953898,0.5886190375233691,0.869399181863563,0.039359558413134765,-0.11967526345403047,3,AUD,466396,20241031,probe00
0.6489222917665949,0.8654790281040977,0.4533859024734693,0.013690302281544442,0.10723264873334475,4,AUD,466396,20241031,probe00
0.09131263813448498,0.11821850558124192,0.775218386373472,0.014787424431583207,-0.2165599221605838,5,AUD,466396,20241031,probe00
0.10907412766765756,0.546314615522118,0.2678329369636585,0.010658405306887442,0.10092251447429658,6,AUD,466396,20241031,probe00
0.3837564168656583,0.07985126412057342,0.642133211908333,0.04608415816882305,0.11369163811219277,7,AUD,466396,20241031,probe00
0.23597816220524548,0.15818465760524236,0.8041597304760946,0.7825917183181414,0.055983544150242606,8,AUD,466396,20241031,probe00
0.45668625924248696,0.5580107615601406,0.17473584811070542,0.045698672997407486,0.2801337321540186,1,LEC,466396,20241031,probe00
0.6670484809084563,0.7723577711712769,0.36040029612931956,0.0036389807091550264,0.20364766906405665,2,LEC,466396,20241031,probe00
0.9650162211280355,0.6948998789418341,0.0801317013500934,0.004132951262765805,0.3973437409980721,3,LEC,466396,20241031,probe00
0.9378114746974295,0.7677580371332808,0.8078338717306172,0.2045600008166617,0.19334343981129132,4,LEC,466396,20241031,probe00
0.07532022955067086,0.06593765063309764,0.09318929063459469,0.3767513648415771,-0.15194114386005841,5,LEC,466396,20241031,probe00
0.895210148479986,0.17561567292913505,0.9176307534075626,0.810073425894486,0.16033473656001024,6,LEC,466396,20241031,probe00
0.8971658749411627,0.003786176094610627,0.24584419491673049,8.267022432850712e-05,-0.3720942750129698,1,PERI,466396,20241031,probe00
0.4734571273044633,0.19605139770730717,0.2800238865702773,0.011586275630431353,0.08537833214322653,2,PERI,466396,20241031,probe00
0.39109280447951233,0.20146789448575642,0.7034935219048741,0.08987054256371207,-0.30044551726759144,3,PERI,466396,20241031,probe00
0.21908454138295907,0.01849023648095449,0.8211568546947675,0.00033566904173643053,-0.2490397372337788,4,PERI,466396,20241031,probe00
0.4926655761216603,0.788430027178443,0.47798060466538383,0.24130237797023113,0.10500598440983927,1,TEa,466396,20241031,probe00
0.33264850031994675,0.7469038377482667,0.500945521875674,0.23914208226410594,0.426476387629309,2,TEa,466396,20241031,probe00
0.6456846036428314,0.5547890759987626,0.8196657155399117,0.08879929386842367,0.14701736099625917,3,TEa,466396,20241031,probe00
0.8940794378449888,0.6066172108175096,0.792862290871513,0.0037915288037962958,-0.18142866536445468,1,VIS,466396,20241031,probe00
0.8278023439520733,0.8959151077538621,0.8688214762105204,0.33353325544788226,-0.18059970784365578,2,VIS,466396,20241031,probe00
0.8962819349555172,0.18407125256242252,0.6367423586686408,0.010064807577366941,0.1610180960243745,3,VIS,466396,20241031,probe00
0.5377069814137773,0.8770394419240547,0.6109720432793091,3.321343429063539e-06,0.4640276112838892,1,CA1,466396,20241031,probe01
0.02681731473745974,0.10548022693026804,0.028832629275741484,0.004048395425481188,0.5892748130873496,2,CA1,466396,20241031,probe01
0.21534104147650412,0.5123654314416013,0.3467855987140045,0.40426226266155885,-0.07259518159092387,3,CA1,466396,20241031,probe01
0.8085573023507578,0.09456974928217532,0.040975463574318804,0.17721004053247325,-0.15034630025179221,4,CA1,466396,20241031,probe01
0.27746539739489406,0.008702905085411272,0.12693483209828438,0.0002482463310979899,1.073700935091783,5,CA1,466396,20241031,probe01
0.04429106671783667,0.022399370899040316,0.11603309261631645,1.9148134468016664e-06,0.29370572335099676,6,CA1,466396,20241031,probe01
0.45578665141829533,0.11690354501152855,0.6804477723270443,0.00045454699590152803,0.2273402476179293,7,CA1,466396,20241031,probe01
0.9109978641722728,0.415987087470844,0.682514888951398,0.0006056803822777068,-0.26018017514169345,8,CA1,466396,20241031,probe01
0.446735932029787,0.5057944457284836,0.38011256398529736,0.001091274327402747,-0.040949821911256526,9,CA1,466396,20241031,probe01
0.18280314909597561,0.0980464813747115,0.05473089725630065,0.004369726446071698,0.2371596545243163,10,CA1,466396,20241031,probe01
0.7422989641059875,0.052564419378572924,0.4955873555422893,0.8393997544503002,-0.08451794550872517,11,CA1,466396,20241031,probe01
0.8932173162936639,0.4824033624869307,0.40914407861805224,2.508757834807085e-08,0.9825610410570297,12,CA1,466396,20241031,probe01
0.8930409264839014,0.27185213814848697,0.6501777766882534,1.775645331880682e-07,1.1002212123808113,13,CA1,466396,20241031,probe01
0.6483808105475184,0.41678916191487814,0.40501752589097195,0.0008855099985590753,0.026798306833861658,14,CA1,466396,20241031,probe01
0.7979029981631902,0.6903079539423773,0.9325685621143605,2.104746432696203e-08,1.6605931446755067,1,CA1,466396,20241101,probe00
0.8323282811255052,0.7307181224619136,0.3521531533493427,0.008039734634701534,0.17910059837104148,2,CA1,466396,20241101,probe00
0.5914438191118743,0.8563324332260698,0.8015263812924444,1.70930427589866e-08,1.72492599999434,3,CA1,466396,20241101,probe00
0.5024994952049884,0.5913730536140057,0.43339239786711503,0.0011723371492646795,0.21161570764159218,4,CA1,466396,20241101,probe00
0.34920730063266536,0.2602121433232808,0.9341226720768967,5.877749855054404e-06,-0.48242573464907934,5,CA1,466396,20241101,probe00
0.8928800894239997,0.09532948354542747,0.24130433830229137,0.8663398020329698,-0.18645541263879106,1,LEC,466396,20241101,probe00
0.7726063531087236,0.2836613292809116,0.09289228289072105,0.9108132658732487,0.05170238795814421,2,LEC,466396,20241101,probe00
0.2226282497731077,0.4882493571910197,0.5116173275962268,0.0744589351213093,-0.06648041470390831,3,LEC,466396,20241101,probe00
0.5671444935103818,0.9236274813072168,0.20225588604336253,0.48740481468566543,-0.06260636665582407,4,LEC,466396,20241101,probe00
0.09063399815016948,0.4255347810306732,0.07321902291894655,3.652064425152535e-05,-0.3265628308571836,5,LEC,466396,20241101,probe00
0.26251104641986733,0.15879977232820397,0.41491697916649795,0.07084924645698554,0.09863065921063083,6,LEC,466396,20241101,probe00
0.3421151951449536,0.19123436516718928,0.7460508991986442,0.20508826831836824,0.23500995203508893,7,LEC,466396,20241101,probe00
0.5975479163926485,0.11126559666733404,0.34087214190719073,0.0002984144556599233,0.3413674223619956,8,LEC,466396,20241101,probe00
0.5943695735562822,0.9439429059628537,0.5969444367996957,0.0016139918342181758,-0.1625153079179201,1,VIS,466396,20241101,probe00
0.3250572698839014,0.4587649075345973,0.793827499342032,0.8228522783287425,0.11087363553763674,2,VIS,466396,20241101,probe00
0.4502532398569279,0.2942017874157111,0.46766709191198885,0.08301043111776629,0.29242645662023053,3,VIS,466396,20241101,probe00
0.29563255599634897,0.06918925538542486,0.23314437667606513,0.39074455737170066,-0.24330273845086628,4,VIS,466396,20241101,probe00
0.8673920250341149,0.353005709188719,0.5823126648852439,1.0742709786182303e-06,1.909127441748612,1,CA1,466396,20241101,probe01
0.4231155134871297,0.2510188513563316,0.8206195234708713,0.0007522578075938036,0.25104068609883157,2,CA1,466396,20241101,probe01
0.5869582838873317,0.3733609849513989,0.7896038397499122,3.1207568988556034e-05,1.4260215049182214,3,CA1,466396,20241101,probe01
0.28031675225557706,0.3449712932776823,0.4006746765502113,0.0003116204076922813,-0.11704914199758575,4,CA1,466396,20241101,probe01
0.7650102953018754,0.2701177573112362,0.5260953708983704,2.044938741563307e-06,0.5704721313166939,5,CA1,466396,20241101,probe01
0.7578268690515977,0.5818498081850549,0.14739807829721496,1.366199169350324e-06,0.6567017496792491,6,CA1,466396,20241101,probe01
0.5806463098641801,0.8636196745757327,0.4042727402746642,,,1,LEC,472975,20250326,probe00
0.22742239775352913,0.24273113811604874,0.5432548117060201,,,2,LEC,472975,20250326,probe00
0.8515720719089358,0.8352318459475421,0.8431030230622666,,,3,LEC,472975,20250326,probe00
0.3855494723288567,0.4068974025563765,0.5969531134652211,,,4,LEC,472975,20250326,probe00
0.13386030292036644,0.14728201482652303,0.13111737552334202,,,5,LEC,472975,20250326,probe00
0.7181695533745835,0.5598240151747134,0.6405533998521246,,,6,LEC,472975,20250326,probe00
0.009915379562502102,0.5020367098572898,0.26951175374325187,,,7,LEC,472975,20250326,probe00
0.6727557709870642,0.495268364513875,0.23996760582220555,,,8,LEC,472975,20250326,probe00
0.29813510961932277,0.012435216063694465,0.32104222042486785,,,9,LEC,472975,20250326,probe00
0.3847579704499998,0.865803998246097,0.46327624291406844,,,10,LEC,472975,20250326,probe00
0.2998565035884684,0.013050397346563436,0.04600236505761113,,,1,PERI,472975,20250326,probe00
0.2490053438739801,0.3418822925635113,0.7571032595540914,,,2,PERI,472975,20250326,probe00
0.043225112524460596,0.2960226358369703,0.14318443579249907,,,3,PERI,472975,20250326,probe00
0.2096556706421191,0.08534606003616296,0.9130520448238885,,,4,PERI,472975,20250326,probe00
0.585579788801601,0.14588793679387224,0.13697318669866265,,,5,PERI,472975,20250326,probe00
0.8279616474473639,0.1236874111859615,0.0938144760254166,,,6,PERI,472975,20250326,probe00
0.36100061745430956,0.11310040480310357,0.17518993019341145,,,7,PERI,472975,20250326,probe00
0.695202415849222,0.006707435577008369,0.8626978014267473,,,8,PERI,472975,20250326,probe00
0.8265695598562387,0.08637626352797223,0.4266761362990328,,,9,PERI,472975,20250326,probe00
0.7896098570674264,0.005061206156780518,0.21827783751923668,,,1,TEa,472975,20250326,probe00
0.9320478386133177,0.03652007182641337,0.5995564178449462,,,2,TEa,472975,20250326,probe00
0.3731554239755095,0.021094987796074993,0.2353231171305129,,,3,TEa,472975,20250326,probe00
0.4436623148508395,0.07219411336739379,0.709129968641712,,,4,TEa,472975,20250326,probe00
0.4679099872170467,0.7441843470963572,0.5332644433336433,,,5,TEa,472975,20250326,probe00
0.9160185479270675,0.455616008340878,0.9291125916656354,,,6,TEa,472975,20250326,probe00
0.3849312150561017,0.14196683693113354,0.1829231130081772,,,7,TEa,472975,20250326,probe00
0.34700745669480226,0.6006793769230756,0.4083107004244786,,,8,TEa,472975,20250326,probe00
0.5643960447138479,0.21930403857594605,0.27571397748794135,,,1,VIS,472975,20250326,probe00
0.5914343931227941,0.22244266067624596,0.5893440596750501,,,2,VIS,472975,20250326,probe00
0.4720562483584664,0.4096885995160128,0.6009563806303146,,,3,VIS,472975,20250326,probe00
0.36050699229133776,0.2822966922661825,0.6442397106563761,,,4,VIS,472975,20250326,probe00
0.7546404887837117,0.3212302362627075,0.7820003642793971,,,5,VIS,472975,20250326,probe00
0.7605843989882154,0.013007668862579647,0.350982569788335,,,6,VIS,472975,20250326,probe00
0.7702232760131984,0.043695255853091974,0.4635249776936813,,,7,VIS,472975,20250326,probe00
0.39702098525439444,0.004813474163633313,0.2639355286062147,,,1,CA1,472975,20250326,probe01
0.8083191886928859,0.6297652469141507,0.753640202329102,,,2,CA1,472975,20250326,probe01
0.04890355493283283,0.0802259948643933,0.07473148868974999,,,3,CA1,472975,20250326,probe01
0.15309283124603668,0.16223953214225995,0.119420764289498,,,4,CA1,472975,20250326,probe01
0.6600062053446709,0.18140091237270572,0.6291665403405193,,,5,CA1,472975,20250326,probe01
0.3667673415938576,0.6267408970878465,0.5145637186704299,,,6,CA1,472975,20250326,probe01
0.12704547830293,0.03217496216308058,0.5110725530243596,0.9377939998156912,0.08366517395449986,1,AUD,478154,20251003,probe00
0.31924547687599336,0.00048004637218534985,0.4729604316489825,8.572064585710137e-06,0.3237948209210489,2,AUD,478154,20251003,probe00
0.815335396106062,0.005473313339957375,0.792325126506839,0.000758202717430656,0.14886431378420692,3,AUD,478154,20251003,probe00
0.35013114497179776,0.05387963797388906,0.6570035481060919,0.07343844642933772,0.24269531824430712,4,AUD,478154,20251003,probe00
0.9125061401926896,0.10918945893808285,0.524058913014229,0.0009196419881717377,0.8271598280729671,5,AUD,478154,20251003,probe00
0.702998227526169,0.9130957722034093,0.9733299653932217,0.5905526080270733,0.3351949614765877,1,LEC,478154,20251003,probe00
0.16599401664108526,0.007598118293273837,0.06415001887062777,0.00014272445130991684,0.32081332873449636,1,PERI,478154,20251003,probe00
0.24723626156789325,0.9498107800438458,0.2321738400539355,0.012045139941826322,0.17688134017372595,2,PERI,478154,20251003,probe00
0.3164812546784306,0.009692673681236497,0.28057790405412464,0.03645523474982548,0.09301946488299072,3,PERI,478154,20251003,probe00
0.4637388423014016,0.22480479265559272,0.5584922453263758,0.7046542433338131,0.0623923935966421,4,PERI,478154,20251003,probe00
0.5536252429086772,9.536473379900823e-05,0.6784923209080509,0.11955777376305288,0.13209074411749525,5,PERI,478154,20251003,probe00
0.5213044068242166,0.8989153671237853,0.30644015354263987,0.21663442738318495,0.05601298098474593,6,PERI,478154,20251003,probe00
0.28298421213236424,0.5676554450393241,0.6505474926842462,0.15700276714300165,0.05693616577200699,7,PERI,478154,20251003,probe00
0.7174486534594198,0.771827363397924,0.5934335297714339,0.0012226618048328808,0.4039378526585644,8,PERI,478154,20251003,probe00
0.2755742968495538,0.18796418289777972,0.21760508430127656,0.0011876989284493877,0.19548381005873744,9,PERI,478154,20251003,probe00
0.0013605357553104769,0.00020864021514244158,0.171301779812831,0.05617874348824092,0.2076210329460624,1,TEa,478154,20251003,probe00
0.1811930287117911,0.7956662559767458,0.2685610525079407,0.014935095997493986,0.1514473756675971,2,TEa,478154,20251003,probe00
0.05565798762026486,0.00010909541563530745,0.7206477037920427,1.4334706736507385e-05,0.684640494277696,3,TEa,478154,20251003,probe00
0.11683669702016886,0.1432551747969334,0.26153418425528785,0.004610214400937562,0.21105991536285165,4,TEa,478154,20251003,probe00
0.05928170245585207,0.3563503440385116,0.07199996706591127,5.0305894865432244e-05,-0.18101928981913964,5,TEa,478154,20251003,probe00
0.8925934057781518,0.0031080826746013868,0.9056272544255831,3.155980250479917e-05,0.22728215515410505,6,TEa,478154,20251003,probe00
0.9030511531389445,0.06671476444306057,0.8924830419005231,0.0017731196170207575,1.0752491069858414,7,TEa,478154,20251003,probe00
0.4506731809458375,0.0010866962898985477,0.06888474104500619,0.0009771348911891131,-0.3433698783765582,8,TEa,478154,20251003,probe00
0.1438269533901696,0.6833430429856933,0.20206669549976575,0.11628777908565535,0.25324075003491675,9,TEa,478154,20251003,probe00
0.10760230820299821,0.6134045909266819,0.12235982513049959,0.03993047220916546,-0.2713815886964673,10,TEa,478154,20251003,probe00
0.1462685005132528,0.14122125944773412,0.22748072548861853,0.03809266824162327,0.24543548054439682,1,VIS,478154,20251003,probe00
0.9847082265887128,0.24805645430677947,0.8878778193294596,2.0786146703866137e-07,-0.3075259069351308,2,VIS,478154,20251003,probe00
0.534818070252985,0.15973878194067692,0.7469896113264316,8.280829441387194e-05,0.3751848288993976,3,VIS,478154,20251003,probe00
0.3149992638335911,0.0002676819671613151,0.13638666305096703,7.61662014646669e-05,-0.29442559101578286,4,VIS,478154,20251003,probe00
0.27177905323479334,0.08796890845839467,0.26007191483357717,0.000626845000417986,0.3877736068427744,5,VIS,478154,20251003,probe00
0.13578319295148344,0.016171572168681148,0.23757204325543724,1.2402776261022375e-05,0.2859865485413938,6,VIS,478154,20251003,probe00
0.8003079201802663,2.9997213759402896e-05,0.8597174113761739,0.004405019168251756,-0.1781904018264328,7,VIS,478154,20251003,probe00
0.07771698507228908,0.47538474889228544,0.26775360485374133,0.267649700207234,0.203871804113619,1,CA1,478154,20251003,probe01
0.09381693225675913,0.6909864217655973,0.07865265699458313,8.086838071974523e-05,0.39786203686385346,2,CA1,478154,20251003,probe01
0.4822506418627983,0.07688619436588362,0.5162946578624805,2.8936930126510774e-06,0.285826622634031,3,CA1,478154,20251003,probe01
0.43498934775896814,0.008695711523482696,0.3519361879174433,6.2506825431185575e-06,0.4760952505473819,4,CA1,478154,20251003,probe01
0.7206373669178068,0.8641861578848655,0.8310715877750249,5.352959187021611e-09,1.0504690078492032,5,CA1,478154,20251003,probe01
0.2869051493255773,0.3275021569819869,0.26788654307363613,2.6386540730172214e-09,1.680246027118637,6,CA1,478154,20251003,probe01
0.7459023732010033,0.10539810039961972,0.6523775344475454,7.312558717442741e-07,0.43666637109696443,7,CA1,478154,20251003,probe01
0.585096718330804,0.13080482818852512,0.6967773641223642,1.2897301626679791e-06,1.2468800670864963,8,CA1,478154,20251003,probe01
0.8668374942579342,0.6659029843263458,0.8984925577341961,,,1,CA1,478154,20251007,probe00
0.7039284857864851,0.6248465743972879,0.13707442907513556,,,2,CA1,478154,20251007,probe00
0.5502806271905074,0.18586492764962503,0.37856470498966843,,,3,CA1,478154,20251007,probe00
0.6254509054180182,0.6363426813130937,0.189477024583946,,,4,CA1,478154,20251007,probe00
0.22255878783625815,0.521287139543491,0.3740955021202269,,,5,CA1,478154,20251007,probe00
0.2447104068984236,0.9605409613141948,0.7297834672772903,,,6,CA1,478154,20251007,probe00
0.23688291799503647,0.2597454909443161,0.7433910180269001,,,7,CA1,478154,20251007,probe00
0.9524480827319014,0.7440241516509448,0.9359270766545372,,,8,CA1,478154,20251007,probe00
0.5893659635176585,0.43085586619228433,0.06273648074134697,0.13135130176761622,0.11565084233610678,1,AUD,478154,20251008,probe00
0.4200589639332961,0.2608178383763705,0.24001239533697594,0.00027238185573119633,0.1092339390825117,2,AUD,478154,20251008,probe00
0.8581518945040909,0.28162487788125956,0.29203557979701245,2.1597161386832653e-05,0.34371976239473107,3,AUD,478154,20251008,probe00
0.671834017617411,0.71332090080548,0.8111217730593406,2.0694914957264388e-06,-0.28200886236243916,4,AUD,478154,20251008,probe00
0.914371423575827,0.8700099929965681,0.38209644323744496,8.74417935614602e-05,0.23583208190638083,5,AUD,478154,20251008,probe00
0.7040729039346683,0.8190304802977014,0.27762283616026284,0.0004884865885163014,0.05458100146383266,6,AUD,478154,20251008,probe00
0.23389199451960296,0.0014734335290863543,0.004067472222718527,3.0014646679177304e-07,-0.4081500709994698,7,AUD,478154,20251008,probe00
0.9346059488123017,0.7254453911394352,0.8986398614142893,0.859995248210657,0.06945510696798105,1,LEC,478154,20251008,probe00
0.7569668625363196,0.683015140345437,0.9655077197571922,0.013825998939998807,0.11155857327585389,2,LEC,478154,20251008,probe00
0.11169382710356579,0.22246239336860452,0.08248204315774066,0.08113804140504488,-0.02202543183120163,3,LEC,478154,20251008,probe00
0.4066700315593246,0.2093910973146348,0.3406659153314443,0.07366794301881852,0.029631344637796146,1,PERI,478154,20251008,probe00
0.9149618980096906,0.6110266318657753,0.905401099992613,0.6564171333727393,0.0395848613197883,2,PERI,478154,20251008,probe00
0.8624617639461228,0.30267359574710073,0.8363099983946695,0.005571483333053351,-0.06637694977204306,3,PERI,478154,20251008,probe00
0.5269701866762491,0.5567502192736049,0.9111617014202619,0.0736248748330226,0.089364143777908,4,PERI,478154,20251008,probe00
0.7030384150342825,0.05760082278850054,0.26227127724995647,0.0005005728405322873,-0.24035418147829019,5,PERI,478154,20251008,probe00
0.7339054664410193,0.9221692955763128,0.9432382442784785,0.04580889903405916,-0.0508427901149416,1,TEa,478154,20251008,probe00
0.49908171996542294,0.2731947461252491,0.8873448365363844,2.711009933209496e-07,0.3146703944794253,2,TEa,478154,20251008,probe00
0.8753632227315651,0.10039113621403306,0.3597549940870004,5.518798542714087e-06,-0.2333751257197603,3,TEa,478154,20251008,probe00
0.607209943481791,0.051117121073051996,0.6603824664377336,0.07364121329583806,-0.2079210656130295,4,TEa,478154,20251008,probe00
0.8419327045991025,0.3774576483620038,0.7139381148250594,0.0012285228541978332,0.12099327920322678,5,TEa,478154,20251008,probe00
0.6350807340164673,0.7135515081884942,0.8871251637096574,0.3376917630506119,0.07293912784374683,1,VIS,478154,20251008,probe00
0.11003577602019887,0.04389307783954621,0.19017685324549294,0.004052156139321195,0.2250469343214536,2,VIS,478154,20251008,probe00
0.7213496674456363,0.5854355066037995,0.5794372388672933,1.4460199015964292e-07,-0.29933280065326007,3,VIS,478154,20251008,probe00
0.6926783088511967,0.11907685403335777,0.9022623943371701,0.004815666595816337,-0.07657696442047118,4,VIS,478154,20251008,probe00
0.7684963232005213,0.04578013835387729,0.5586036116111643,2.0830510649716416e-09,-0.24875231627860472,5,VIS,478154,20251008,probe00
0.23687997635057667,0.0011126113565267381,0.0006489517087832075,0.8745007195360369,0.07848544268922407,6,VIS,478154,20251008,probe00
0.7091503729190185,0.23733058188939493,0.643450110881685,8.703583591618269e-07,-0.3229778858760821,7,VIS,478154,20251008,probe00
0.6920000440601448,0.04176884696403993,0.825467245960062,0.33077223431040437,-0.026059605505764968,8,VIS,478154,20251008,probe00
0.5568815058533694,0.8889190186569831,0.08863693213873636,0.013972704813507208,-0.09171503848853267,9,VIS,478154,20251008,probe00
0.1309552246670832,0.1796442369510911,0.1644816974831732,0.27219468035025995,0.053150072382912285,10,VIS,478154,20251008,probe00
0.5296108015799239,0.9244719531071264,0.7082153812777823,0.0010108291599444374,-0.14286533964606182,11,VIS,478154,20251008,probe00
0.6293113497296896,0.7552087403805159,0.8368198263471263,4.182666357710474e-08,0.5474781994025472,1,CA1,478154,20251008,probe01
0.43920526876405563,0.08490295792453373,0.643469644912126,0.07275724225397728,0.23979840079665782,2,CA1,478154,20251008,probe01
0.2617929620576839,0.33836528436334656,0.25508536141745775,1.8291152814597922e-07,0.19565921557596624,3,CA1,478154,20251008,probe01
0.39885685373566127,0.7695074391167622,0.5361154302959412,0.00018121754892974629,0.13727968530243806,4,CA1,478154,20251008,probe01
0.8360510459452901,0.44391210509184886,0.7423357378524414,1.601840882159422e-11,2.012316255691878,5,CA1,478154,20251008,probe01
