region_pair,region1,region2,object,p_value,f_stat,subject,date
PERI 35 → PERI 36,PERI 35,PERI 36,object1,0.4024599507959771,1.027305850076495,459601,20240409
PERI 36 → PERI 35,PERI 36,PERI 35,object1,1.0,0.9212472639982048,459601,20240409
PERI 35 → PERI 36,PERI 35,PERI 36,object2,0.6610966885111509,1.2100412363965418,459601,20240409
PERI 36 → PERI 35,PERI 36,PERI 35,object2,1.0,1.284299268756504,459601,20240409
PERI 35 → PERI 36,PERI 35,PERI 36,object3,0.6610966885111509,1.200247638240309,459601,20240409
PERI 36 → PERI 35,PERI 36,PERI 35,object3,0.06077156130874351,1.2596318496015162,459601,20240409
PERI 35 → TEa,PERI 35,TEa,object1,0.6610966885111509,0.9353357540966908,459601,20240409
TEa → PERI 35,TEa,PERI 35,object1,0.6610966885111509,0.8348623581532543,459601,20240409
PERI 35 → TEa,PERI 35,TEa,object2,0.4024599507959771,0.8680615884821267,459601,20240409
TEa → PERI 35,TEa,PERI 35,object2,1.0,1.097095108395191,459601,20240409
PERI 35 → TEa,PERI 35,TEa,object3,1.0,1.1631238359679572,459601,20240409
TEa → PERI 35,TEa,PERI 35,object3,1.0,0.9186827673439486,459601,20240409
PERI 35 → VIS,PERI 35,VIS,object1,1.0,0.853541311871475,459601,20240409
VIS → PERI 35,VIS,PERI 35,object1,1.0,0.9585671317801902,459601,20240409
PERI 35 → VIS,PERI 35,VIS,object2,0.4024599507959771,0.705376086439258,459601,20240409
VIS → PERI 35,VIS,PERI 35,object2,0.6610966885111509,0.9418600155390224,459601,20240409
PERI 35 → VIS,PERI 35,VIS,object3,1.0,0.8415939022210914,459601,20240409
VIS → PERI 35,VIS,PERI 35,object3,1.0,1.0070766237115614,459601,20240409
PERI 35 → dCA1,PERI 35,dCA1,object1,0.4024599507959771,0.8705815133200863,459601,20240409
dCA1 → PERI 35,dCA1,PERI 35,object1,0.4024599507959771,0.7814541943332155,459601,20240409
PERI 35 → dCA1,PERI 35,dCA1,object2,1.0,0.8282093895747389,459601,20240409
dCA1 → PERI 35,dCA1,PERI 35,object2,0.18782118685303947,1.1437872788211267,459601,20240409
PERI 35 → dCA1,PERI 35,dCA1,object3,1.0,0.9438440491234784,459601,20240409
dCA1 → PERI 35,dCA1,PERI 35,object3,1.0,1.1610081714125502,459601,20240409
PERI 36 → TEa,PERI 36,TEa,object1,0.18782118685303947,0.8544296519229844,459601,20240409
TEa → PERI 36,TEa,PERI 36,object1,0.06077156130874351,1.149288273557666,459601,20240409
PERI 36 → TEa,PERI 36,TEa,object2,0.4024599507959771,1.1903007530553347,459601,20240409
TEa → PERI 36,TEa,PERI 36,object2,0.18782118685303947,0.8075812252566119,459601,20240409
PERI 36 → TEa,PERI 36,TEa,object3,1.0,0.9812099067790857,459601,20240409
TEa → PERI 36,TEa,PERI 36,object3,1.0,0.996173783699819,459601,20240409
PERI 36 → VIS,PERI 36,VIS,object1,1.0,0.691843409037501,459601,20240409
VIS → PERI 36,VIS,PERI 36,object1,1.0,0.9403184803502826,459601,20240409
PERI 36 → VIS,PERI 36,VIS,object2,0.6610966885111509,0.8243917386702669,459601,20240409
VIS → PERI 36,VIS,PERI 36,object2,1.0,0.9277341753917958,459601,20240409
PERI 36 → VIS,PERI 36,VIS,object3,1.0,1.1341516479557088,459601,20240409
VIS → PERI 36,VIS,PERI 36,object3,0.4024599507959771,0.7037900085411828,459601,20240409
PERI 36 → dCA1,PERI 36,dCA1,object1,0.18782118685303947,1.024340256625107,459601,20240409
dCA1 → PERI 36,dCA1,PERI 36,object1,0.4024599507959771,0.968239376285241,459601,20240409
PERI 36 → dCA1,PERI 36,dCA1,object2,1.0,1.098223486271892,459601,20240409
dCA1 → PERI 36,dCA1,PERI 36,object2,0.4024599507959771,0.8062449495503246,459601,20240409
PERI 36 → dCA1,PERI 36,dCA1,object3,0.18782118685303947,0.7954584988819706,459601,20240409
dCA1 → PERI 36,dCA1,PERI 36,object3,0.6610966885111509,1.0383421798623624,459601,20240409
TEa → VIS,TEa,VIS,object1,1.0,0.8476451946135706,459601,20240409
VIS → TEa,VIS,TEa,object1,0.4024599507959771,1.0626125685839447,459601,20240409
TEa → VIS,TEa,VIS,object2,0.4024599507959771,0.9372319613241322,459601,20240409
VIS → TEa,VIS,TEa,object2,0.4024599507959771,0.8550907061603219,459601,20240409
TEa → VIS,TEa,VIS,object3,0.4024599507959771,0.8999959011070325,459601,20240409
VIS → TEa,VIS,TEa,object3,0.6610966885111509,1.1261325927442583,459601,20240409
TEa → dCA1,TEa,dCA1,object1,0.06077156130874351,1.1174748979385098,459601,20240409
dCA1 → TEa,dCA1,TEa,object1,1.0,1.2641944820526656,459601,20240409
TEa → dCA1,TEa,dCA1,object2,0.6610966885111509,1.0129551350128838,459601,20240409
dCA1 → TEa,dCA1,TEa,object2,0.4024599507959771,0.8949201547043943,459601,20240409
TEa → dCA1,TEa,dCA1,object3,0.6610966885111509,0.9146618893120904,459601,20240409
dCA1 → TEa,dCA1,TEa,object3,0.06077156130874351,1.25428428291649,459601,20240409
VIS → dCA1,VIS,dCA1,object1,0.18782118685303947,1.0636835559576778,459601,20240409
dCA1 → VIS,dCA1,VIS,object1,0.6610966885111509,1.2163450913567617,459601,20240409
VIS → dCA1,VIS,dCA1,object2,1.0,1.1995476687578106,459601,20240409
dCA1 → VIS,dCA1,VIS,object2,1.0,1.1126772270362981,459601,20240409
VIS → dCA1,VIS,dCA1,object3,1.0,0.7534890834070295,459601,20240409
dCA1 → VIS,dCA1,VIS,object3,0.6610966885111509,0.920494554609578,459601,20240409
PERI 35 → PERI 36,PERI 35,PERI 36,object1,0.009470777828277004,1.2106261965535696,459601,20240410
PERI 36 → PERI 35,PERI 36,PERI 35,object1,1.0,0.9792180261295614,459601,20240410
PERI 35 → PERI 36,PERI 35,PERI 36,object2,0.518211954897537,1.1684337683696482,459601,20240410
PERI 36 → PERI 35,PERI 36,PERI 35,object2,0.17592550610362442,1.0717447906580002,459601,20240410
PERI 35 → PERI 36,PERI 35,PERI 36,object3,1.0,1.1231586675825533,459601,20240410
PERI 36 → PERI 35,PERI 36,PERI 35,object3,0.3032221192914431,1.0770210355090253,459601,20240410
PERI 35 → TEa,PERI 35,TEa,object1,0.518211954897537,0.8111948066846478,459601,20240410
TEa → PERI 35,TEa,PERI 35,object1,0.17592550610362442,1.0289537589845121,459601,20240410
PERI 35 → TEa,PERI 35,TEa,object2,0.17592550610362442,0.8654423782427443,459601,20240410
TEa → PERI 35,TEa,PERI 35,object2,0.518211954897537,1.1145439344248407,459601,20240410
PERI 35 → TEa,PERI 35,TEa,object3,0.090667915769316,0.8903170506485958,459601,20240410
TEa → PERI 35,TEa,PERI 35,object3,1.0,1.1776361539227063,459601,20240410
PERI 35 → VIS,PERI 35,VIS,object1,0.3032221192914431,0.918116325785153,459601,20240410
VIS → PERI 35,VIS,PERI 35,object1,0.7335995515315792,0.9687961360221923,459601,20240410
PERI 35 → VIS,PERI 35,VIS,object2,0.3032221192914431,0.9352573566785474,459601,20240410
VIS → PERI 35,VIS,PERI 35,object2,0.518211954897537,0.7655793256073425,459601,20240410
PERI 35 → VIS,PERI 35,VIS,object3,0.518211954897537,0.9404611981053128,459601,20240410
VIS → PERI 35,VIS,PERI 35,object3,0.518211954897537,0.9437913885337794,459601,20240410
PERI 35 → dCA1,PERI 35,dCA1,object1,1.0,1.1658751701298469,459601,20240410
dCA1 → PERI 35,dCA1,PERI 35,object1,0.7335995515315792,0.9877174847981536,459601,20240410
PERI 35 → dCA1,PERI 35,dCA1,object2,0.7335995515315792,0.8590080348551816,459601,20240410
dCA1 → PERI 35,dCA1,PERI 35,object2,0.17592550610362442,0.8997408938931498,459601,20240410
PERI 35 → dCA1,PERI 35,dCA1,object3,0.518211954897537,1.1549984405064082,459601,20240410
dCA1 → PERI 35,dCA1,PERI 35,object3,0.518211954897537,0.9193602977802138,459601,20240410
PERI 36 → TEa,PERI 36,TEa,object1,0.3032221192914431,1.0152462268628573,459601,20240410
TEa → PERI 36,TEa,PERI 36,object1,0.518211954897537,1.2135317288819976,459601,20240410
PERI 36 → TEa,PERI 36,TEa,object2,0.3032221192914431,1.1643824249156074,459601,20240410
TEa → PERI 36,TEa,PERI 36,object2,1.0,0.9328055469938423,459601,20240410
PERI 36 → TEa,PERI 36,TEa,object3,1.0,0.9436570981266961,459601,20240410
TEa → PERI 36,TEa,PERI 36,object3,1.0,0.9687435724526515,459601,20240410
PERI 36 → VIS,PERI 36,VIS,object1,1.0,1.032962580285142,459601,20240410
VIS → PERI 36,VIS,PERI 36,object1,0.03170948439811572,1.0199025703376268,459601,20240410
PERI 36 → VIS,PERI 36,VIS,object2,1.0,0.8878460296614268,459601,20240410
VIS → PERI 36,VIS,PERI 36,object2,0.7335995515315792,1.0018958078378164,459601,20240410
PERI 36 → VIS,PERI 36,VIS,object3,0.3032221192914431,1.0703660305252005,459601,20240410
VIS → PERI 36,VIS,PERI 36,object3,0.090667915769316,0.9835711643023638,459601,20240410
PERI 36 → dCA1,PERI 36,dCA1,object1,0.7335995515315792,0.9749430338417673,459601,20240410
dCA1 → PERI 36,dCA1,PERI 36,object1,0.03170948439811572,0.9294152323707643,459601,20240410
PERI 36 → dCA1,PERI 36,dCA1,object2,1.0,1.067454875610206,459601,20240410
dCA1 → PERI 36,dCA1,PERI 36,object2,1.0,1.0646573688162793,459601,20240410
PERI 36 → dCA1,PERI 36,dCA1,object3,0.090667915769316,1.1504971133445303,459601,20240410
dCA1 → PERI 36,dCA1,PERI 36,object3,0.3032221192914431,1.0570507645376308,459601,20240410
TEa → VIS,TEa,VIS,object1,1.0,1.2588395689816667,459601,20240410
VIS → TEa,VIS,TEa,object1,0.518211954897537,1.011946794873118,459601,20240410
TEa → VIS,TEa,VIS,object2,0.3032221192914431,1.13550603561101,459601,20240410
VIS → TEa,VIS,TEa,object2,0.3032221192914431,1.1301151857462202,459601,20240410
TEa → VIS,TEa,VIS,object3,0.7335995515315792,0.9082524171429285,459601,20240410
VIS → TEa,VIS,TEa,object3,0.17592550610362442,0.9400269460737747,459601,20240410
TEa → dCA1,TEa,dCA1,object1,0.17592550610362442,1.1867337256389843,459601,20240410
dCA1 → TEa,dCA1,TEa,object1,0.3032221192914431,1.19870287468128,459601,20240410
TEa → dCA1,TEa,dCA1,object2,0.090667915769316,1.0317705426825001,459601,20240410
dCA1 → TEa,dCA1,TEa,object2,0.009470777828277004,1.0949685648162566,459601,20240410
TEa → dCA1,TEa,dCA1,object3,0.090667915769316,1.000308547978363,459601,20240410
dCA1 → TEa,dCA1,TEa,object3,0.090667915769316,0.9404052650760116,459601,20240410
VIS → dCA1,VIS,dCA1,object1,1.0,1.0101793108667754,459601,20240410
dCA1 → VIS,dCA1,VIS,object1,1.0,1.0059164726908056,459601,20240410
VIS → dCA1,VIS,dCA1,object2,1.0,1.2053899977029017,459601,20240410
dCA1 → VIS,dCA1,VIS,object2,0.7335995515315792,1.0394904199782538,459601,20240410
VIS → dCA1,VIS,dCA1,object3,0.3032221192914431,1.1237437274302897,459601,20240410
dCA1 → VIS,dCA1,VIS,object3,0.7335995515315792,0.9184008044376792,459601,20240410
LEC → PERI 35,LEC,PERI 35,object1,0.4432614322332461,0.9978019579970229,459601,20240411
PERI 35 → LEC,PERI 35,LEC,object1,0.6075082390785917,0.9131283342547274,459601,20240411
LEC → PERI 35,LEC,PERI 35,object2,0.3061425364016704,1.0749162545177064,459601,20240411
PERI 35 → LEC,PERI 35,LEC,object2,0.6075082390785917,1.0573719511674873,459601,20240411
LEC → PERI 35,LEC,PERI 35,object3,0.7999558121755401,1.031112518142994,459601,20240411
PERI 35 → LEC,PERI 35,LEC,object3,0.13087652047825624,1.124459511089671,459601,20240411
LEC → PERI 36,LEC,PERI 36,object1,0.6075082390785917,0.8716793325364929,459601,20240411
PERI 36 → LEC,PERI 36,LEC,object1,0.7999558121755401,0.9151434830005227,459601,20240411
LEC → PERI 36,LEC,PERI 36,object2,0.19520390370788432,0.8952069903379176,459601,20240411
PERI 36 → LEC,PERI 36,LEC,object2,0.7999558121755401,0.908450880129035,459601,20240411
LEC → PERI 36,LEC,PERI 36,object3,0.3061425364016704,0.9636409186346271,459601,20240411
PERI 36 → LEC,PERI 36,LEC,object3,0.7999558121755401,1.014379523553409,459601,20240411
LEC → TEa,LEC,TEa,object1,1.0,0.9525598462292926,459601,20240411
TEa → LEC,TEa,LEC,object1,0.7999558121755401,1.1552446902114895,459601,20240411
LEC → TEa,LEC,TEa,object2,0.19520390370788432,0.9647832888809147,459601,20240411
TEa → LEC,TEa,LEC,object2,0.19520390370788432,0.8412445216838966,459601,20240411
LEC → TEa,LEC,TEa,object3,1.0,0.9774600501801242,459601,20240411
TEa → LEC,TEa,LEC,object3,0.7999558121755401,0.9834188506240173,459601,20240411
LEC → VIS,LEC,VIS,object1,0.3061425364016704,1.016077669585449,459601,20240411
VIS → LEC,VIS,LEC,object1,0.6075082390785917,1.0788002891469683,459601,20240411
LEC → VIS,LEC,VIS,object2,0.7999558121755401,0.9815182147026147,459601,20240411
VIS → LEC,VIS,LEC,object2,0.6075082390785917,0.9472491108236993,459601,20240411
LEC → VIS,LEC,VIS,object3,0.7999558121755401,1.03626185203318,459601,20240411
VIS → LEC,VIS,LEC,object3,0.7999558121755401,0.9949501586865079,459601,20240411
LEC → dCA1,LEC,dCA1,object1,1.0,0.9532052932884716,459601,20240411
dCA1 → LEC,dCA1,LEC,object1,0.6075082390785917,1.145110400903869,459601,20240411
LEC → dCA1,LEC,dCA1,object2,0.6075082390785917,0.9912013108431867,459601,20240411
dCA1 → LEC,dCA1,LEC,object2,0.6075082390785917,0.9598266034775433,459601,20240411
LEC → dCA1,LEC,dCA1,object3,0.6075082390785917,1.013936319294396,459601,20240411
dCA1 → LEC,dCA1,LEC,object3,0.4432614322332461,0.9545878498176023,459601,20240411
PERI 35 → PERI 36,PERI 35,PERI 36,object1,0.4432614322332461,1.0058588251845588,459601,20240411
PERI 36 → PERI 35,PERI 36,PERI 35,object1,0.6075082390785917,0.9778272240413783,459601,20240411
PERI 35 → PERI 36,PERI 35,PERI 36,object2,0.19520390370788432,0.9188592611555557,459601,20240411
PERI 36 → PERI 35,PERI 36,PERI 35,object2,0.06748301608180704,1.0117295013402967,459601,20240411
PERI 35 → PERI 36,PERI 35,PERI 36,object3,0.7999558121755401,1.019375457493266,459601,20240411
PERI 36 → PERI 35,PERI 36,PERI 35,object3,0.13087652047825624,1.0846928747668811,459601,20240411
PERI 35 → TEa,PERI 35,TEa,object1,0.7999558121755401,1.1121938807259393,459601,20240411
TEa → PERI 35,TEa,PERI 35,object1,0.3061425364016704,1.0334193552911344,459601,20240411
PERI 35 → TEa,PERI 35,TEa,object2,0.7999558121755401,1.0463194021746336,459601,20240411
TEa → PERI 35,TEa,PERI 35,object2,0.6075082390785917,1.0413537488150757,459601,20240411
PERI 35 → TEa,PERI 35,TEa,object3,1.0,0.9432358645855945,459601,20240411
TEa → PERI 35,TEa,PERI 35,object3,0.4432614322332461,1.0444243102264799,459601,20240411
PERI 35 → VIS,PERI 35,VIS,object1,0.6075082390785917,1.1099083277771817,459601,20240411
VIS → PERI 35,VIS,PERI 35,object1,1.0,0.9503821647439553,459601,20240411
PERI 35 → VIS,PERI 35,VIS,object2,0.4432614322332461,1.0168498548398142,459601,20240411
VIS → PERI 35,VIS,PERI 35,object2,0.02129820103003169,0.9561837653676096,459601,20240411
PERI 35 → VIS,PERI 35,VIS,object3,1.0,0.994271504578818,459601,20240411
VIS → PERI 35,VIS,PERI 35,object3,0.7999558121755401,1.0144895826137197,459601,20240411
PERI 35 → dCA1,PERI 35,dCA1,object1,0.6075082390785917,0.9554333724064613,459601,20240411
dCA1 → PERI 35,dCA1,PERI 35,object1,1.0,1.1509561528967511,459601,20240411
PERI 35 → dCA1,PERI 35,dCA1,object2,0.19520390370788432,0.8821444267223433,459601,20240411
dCA1 → PERI 35,dCA1,PERI 35,object2,0.4432614322332461,0.8858853653704315,459601,20240411
PERI 35 → dCA1,PERI 35,dCA1,object3,0.3061425364016704,0.9892628923170934,459601,20240411
dCA1 → PERI 35,dCA1,PERI 35,object3,0.3061425364016704,0.904143705005933,459601,20240411
PERI 36 → TEa,PERI 36,TEa,object1,1.0,1.118755569558363,459601,20240411
TEa → PERI 36,TEa,PERI 36,object1,1.0,0.9164432316758704,459601,20240411
PERI 36 → TEa,PERI 36,TEa,object2,0.7999558121755401,1.0761054583702911,459601,20240411
TEa → PERI 36,TEa,PERI 36,object2,0.06748301608180704,1.129600832344587,459601,20240411
PERI 36 → TEa,PERI 36,TEa,object3,1.0,0.9665029494671397,459601,20240411
TEa → PERI 36,TEa,PERI 36,object3,1.0,1.0362332429790477,459601,20240411
PERI 36 → VIS,PERI 36,VIS,object1,0.03620332641250651,1.0028836800333152,459601,20240411
VIS → PERI 36,VIS,PERI 36,object1,0.19520390370788432,1.0895978798472084,459601,20240411
PERI 36 → VIS,PERI 36,VIS,object2,1.0,0.9529113759862793,459601,20240411
VIS → PERI 36,VIS,PERI 36,object2,0.4432614322332461,0.9410493845064152,459601,20240411
PERI 36 → VIS,PERI 36,VIS,object3,0.4432614322332461,0.9899722398127286,459601,20240411
VIS → PERI 36,VIS,PERI 36,object3,0.3061425364016704,0.9554811370343821,459601,20240411
PERI 36 → dCA1,PERI 36,dCA1,object1,1.0,0.9755283462076207,459601,20240411
dCA1 → PERI 36,dCA1,PERI 36,object1,0.02129820103003169,1.1398050491155445,459601,20240411
PERI 36 → dCA1,PERI 36,dCA1,object2,1.0,1.0011732158976039,459601,20240411
dCA1 → PERI 36,dCA1,PERI 36,object2,0.7999558121755401,0.9905936409744158,459601,20240411
PERI 36 → dCA1,PERI 36,dCA1,object3,0.4432614322332461,1.1141749244551287,459601,20240411
dCA1 → PERI 36,dCA1,PERI 36,object3,0.19520390370788432,1.0250517920804474,459601,20240411
TEa → VIS,TEa,VIS,object1,0.03620332641250651,0.9648510181383538,459601,20240411
VIS → TEa,VIS,TEa,object1,0.6075082390785917,1.014684290934022,459601,20240411
TEa → VIS,TEa,VIS,object2,0.13087652047825624,1.1682316330717144,459601,20240411
VIS → TEa,VIS,TEa,object2,0.7999558121755401,0.9123789619085326,459601,20240411
TEa → VIS,TEa,VIS,object3,1.0,0.9976659355128132,459601,20240411
VIS → TEa,VIS,TEa,object3,1.0,0.9157834754794179,459601,20240411
TEa → dCA1,TEa,dCA1,object1,0.6075082390785917,1.0924817350783522,459601,20240411
dCA1 → TEa,dCA1,TEa,object1,0.3061425364016704,1.0722985035895443,459601,20240411
TEa → dCA1,TEa,dCA1,object2,0.6075082390785917,1.0955719367567958,459601,20240411
dCA1 → TEa,dCA1,TEa,object2,0.3061425364016704,1.1220215939482538,459601,20240411
TEa → dCA1,TEa,dCA1,object3,0.13087652047825624,0.9795591217300137,459601,20240411
dCA1 → TEa,dCA1,TEa,object3,1.0,0.9978813604695356,459601,20240411
VIS → dCA1,VIS,dCA1,object1,0.4432614322332461,1.080142892730223,459601,20240411
dCA1 → VIS,dCA1,VIS,object1,0.7999558121755401,1.011976769493053,459601,20240411
VIS → dCA1,VIS,dCA1,object2,0.7999558121755401,1.0442450936054137,459601,20240411
dCA1 → VIS,dCA1,VIS,object2,1.0,0.9626426868851674,459601,20240411
VIS → dCA1,VIS,dCA1,object3,0.3061425364016704,1.016252126204863,459601,20240411
dCA1 → VIS,dCA1,VIS,object3,0.6075082390785917,0.9977755158522634,459601,20240411
LEC → VIS,LEC,VIS,object1,0.13613535503989566,0.9364801142475772,462910,20240813
VIS → LEC,VIS,LEC,object1,0.5306048338016924,0.9856479029018574,462910,20240813
LEC → VIS,LEC,VIS,object2,0.5306048338016924,0.9453990215692656,462910,20240813
VIS → LEC,VIS,LEC,object2,0.05397718401126959,1.0853422630502492,462910,20240813
LEC → VIS,LEC,VIS,object3,0.8352101575274145,0.947429798198318,462910,20240813
VIS → LEC,VIS,LEC,object3,0.5306048338016924,0.989544612901437,462910,20240813
LEC → iCA1,LEC,iCA1,object1,0.5306048338016924,1.031766081634546,462910,20240813
iCA1 → LEC,iCA1,LEC,object1,0.3968211760821949,1.1030483412737007,462910,20240813
LEC → iCA1,LEC,iCA1,object2,1.0,1.0353963430240976,462910,20240813
iCA1 → LEC,iCA1,LEC,object2,0.09415717126176565,1.0595882677244952,462910,20240813
LEC → iCA1,LEC,iCA1,object3,0.6718532702067649,0.9803075109602797,462910,20240813
iCA1 → LEC,iCA1,LEC,object3,0.6718532702067649,1.1689886167172567,462910,20240813
LEC → dCA1,LEC,dCA1,object1,0.3968211760821949,1.074686654570007,462910,20240813
dCA1 → LEC,dCA1,LEC,object1,0.29181411480737085,0.9624490541521749,462910,20240813
LEC → dCA1,LEC,dCA1,object2,0.6718532702067649,0.8867037512933085,462910,20240813
dCA1 → LEC,dCA1,LEC,object2,0.3968211760821949,0.9658554270150612,462910,20240813
LEC → dCA1,LEC,dCA1,object3,0.8352101575274145,1.0180702573128657,462910,20240813
dCA1 → LEC,dCA1,LEC,object3,0.09415717126176565,1.1445532262417428,462910,20240813
VIS → iCA1,VIS,iCA1,object1,1.0,1.0669658974319742,462910,20240813
iCA1 → VIS,iCA1,VIS,object1,0.29181411480737085,1.0341849120433089,462910,20240813
VIS → iCA1,VIS,iCA1,object2,0.5306048338016924,1.0353649496933164,462910,20240813
iCA1 → VIS,iCA1,VIS,object2,0.6718532702067649,0.993679399407752,462910,20240813
VIS → iCA1,VIS,iCA1,object3,0.29181411480737085,0.9128312311037341,462910,20240813
iCA1 → VIS,iCA1,VIS,object3,0.3968211760821949,1.0683085941855976,462910,20240813
VIS → dCA1,VIS,dCA1,object1,0.5306048338016924,0.9549385083347665,462910,20240813
dCA1 → VIS,dCA1,VIS,object1,1.0,0.9739530730620383,462910,20240813
VIS → dCA1,VIS,dCA1,object2,1.0,1.0532435939627869,462910,20240813
dCA1 → VIS,dCA1,VIS,object2,0.20491190979299645,1.0350227652729584,462910,20240813
VIS → dCA1,VIS,dCA1,object3,0.05397718401126959,1.1330396390612147,462910,20240813
dCA1 → VIS,dCA1,VIS,object3,0.5306048338016924,1.0192134080715056,462910,20240813
iCA1 → dCA1,iCA1,dCA1,object1,0.5306048338016924,1.1429036976064686,462910,20240813
dCA1 → iCA1,dCA1,iCA1,object1,0.009315101196091202,1.0502201129970294,462910,20240813
iCA1 → dCA1,iCA1,dCA1,object2,0.20491190979299645,1.1586694239982132,462910,20240813
dCA1 → iCA1,dCA1,iCA1,object2,0.3968211760821949,1.1401166190833192,462910,20240813
iCA1 → dCA1,iCA1,dCA1,object3,0.6718532702067649,1.0750211283393205,462910,20240813
dCA1 → iCA1,dCA1,iCA1,object3,0.5306048338016924,0.9748855004869292,462910,20240813
LEC → PERI 36,LEC,PERI 36,object1,0.5481588752895885,1.016618502366146,462910,20240814
PERI 36 → LEC,PERI 36,LEC,object1,0.8412092129336107,0.9899643062612775,462910,20240814
LEC → PERI 36,LEC,PERI 36,object2,0.8412092129336107,0.9795716327817809,462910,20240814
PERI 36 → LEC,PERI 36,LEC,object2,0.8412092129336107,1.004924176229061,462910,20240814
LEC → PERI 36,LEC,PERI 36,object3,0.5481588752895885,1.1864011746982859,462910,20240814
PERI 36 → LEC,PERI 36,LEC,object3,0.5481588752895885,1.041931208686948,462910,20240814
LEC → iCA1,LEC,iCA1,object1,0.024924047675637634,1.0318450182076944,462910,20240814
iCA1 → LEC,iCA1,LEC,object1,0.22643965679480615,1.0677365309849296,462910,20240814
LEC → iCA1,LEC,iCA1,object2,1.0,1.2059154250339137,462910,20240814
iCA1 → LEC,iCA1,LEC,object2,1.0,0.9390627466428658,462910,20240814
LEC → iCA1,LEC,iCA1,object3,0.8412092129336107,0.9865331189621667,462910,20240814
iCA1 → LEC,iCA1,LEC,object3,0.6895819200205918,0.9760895758859714,462910,20240814
LEC → dCA1,LEC,dCA1,object1,0.6895819200205918,0.9645317981606235,462910,20240814
dCA1 → LEC,dCA1,LEC,object1,0.6895819200205918,1.0311605004916653,462910,20240814
LEC → dCA1,LEC,dCA1,object2,0.1655526929929073,0.8806958305712221,462910,20240814
dCA1 → LEC,dCA1,LEC,object2,0.6895819200205918,1.12138561424047,462910,20240814
LEC → dCA1,LEC,dCA1,object3,0.22643965679480615,0.8863410228569599,462910,20240814
dCA1 → LEC,dCA1,LEC,object3,0.3183190759768639,0.9167004253590616,462910,20240814
PERI 36 → iCA1,PERI 36,iCA1,object1,0.6895819200205918,1.0090883144725789,462910,20240814
iCA1 → PERI 36,iCA1,PERI 36,object1,0.5481588752895885,1.0160806885606295,462910,20240814
PERI 36 → iCA1,PERI 36,iCA1,object2,1.0,0.9308902904062186,462910,20240814
iCA1 → PERI 36,iCA1,PERI 36,object2,0.22643965679480615,0.9267445992373974,462910,20240814
PERI 36 → iCA1,PERI 36,iCA1,object3,0.04380701033545842,1.1214967282248198,462910,20240814
iCA1 → PERI 36,iCA1,PERI 36,object3,0.5481588752895885,1.0334983769952886,462910,20240814
PERI 36 → dCA1,PERI 36,dCA1,object1,0.1655526929929073,1.1234954340699195,462910,20240814
dCA1 → PERI 36,dCA1,PERI 36,object1,0.6895819200205918,0.9606839169170097,462910,20240814
PERI 36 → dCA1,PERI 36,dCA1,object2,0.04380701033545842,0.9556263809229746,462910,20240814
dCA1 → PERI 36,dCA1,PERI 36,object2,1.0,0.8140130594632037,462910,20240814
PERI 36 → dCA1,PERI 36,dCA1,object3,0.6895819200205918,1.0612072553230854,462910,20240814
dCA1 → PERI 36,dCA1,PERI 36,object3,0.1655526929929073,1.0309898924474092,462910,20240814
iCA1 → dCA1,iCA1,dCA1,object1,0.22643965679480615,1.0032122645688835,462910,20240814
dCA1 → iCA1,dCA1,iCA1,object1,0.6895819200205918,0.9721079685351286,462910,20240814
iCA1 → dCA1,iCA1,dCA1,object2,0.5481588752895885,0.9108306879442406,462910,20240814
dCA1 → iCA1,dCA1,iCA1,object2,0.6895819200205918,1.0131783886495964,462910,20240814
iCA1 → dCA1,iCA1,dCA1,object3,0.8412092129336107,1.0319645755649434,462910,20240814
dCA1 → iCA1,dCA1,iCA1,object3,0.8412092129336107,0.9793707736507111,462910,20240814
VIS → iCA1,VIS,iCA1,object1,0.5857916919092152,1.08039731714029,462910,20240815
iCA1 → VIS,iCA1,VIS,object1,0.40126367970752064,1.0296158232056651,462910,20240815
VIS → iCA1,VIS,iCA1,object2,0.7798613187769255,1.0130330665995237,462910,20240815
iCA1 → VIS,iCA1,VIS,object2,1.0,1.2413061088541606,462910,20240815
VIS → iCA1,VIS,iCA1,object3,0.08793701117174504,1.1717363481203895,462910,20240815
iCA1 → VIS,iCA1,VIS,object3,0.26643635998890086,0.906155383470607,462910,20240815
VIS → dCA1,VIS,dCA1,object1,1.0,0.9880964295638905,462910,20240815
dCA1 → VIS,dCA1,VIS,object1,0.5857916919092152,1.0732118864693896,462910,20240815
VIS → dCA1,VIS,dCA1,object2,1.0,1.0612537640116741,462910,20240815
dCA1 → VIS,dCA1,VIS,object2,0.26643635998890086,0.8937183901724494,462910,20240815
VIS → dCA1,VIS,dCA1,object3,0.7798613187769255,0.8383281902320898,462910,20240815
dCA1 → VIS,dCA1,VIS,object3,1.0,0.886639269660745,462910,20240815
iCA1 → dCA1,iCA1,dCA1,object1,0.1648122373270981,0.9340324225268546,462910,20240815
dCA1 → iCA1,dCA1,iCA1,object1,0.40126367970752064,1.0578676049067388,462910,20240815
iCA1 → dCA1,iCA1,dCA1,object2,0.5857916919092152,1.2297923473574532,462910,20240815
dCA1 → iCA1,dCA1,iCA1,object2,0.7798613187769255,1.0484209046051425,462910,20240815
iCA1 → dCA1,iCA1,dCA1,object3,0.7798613187769255,0.9105640791400959,462910,20240815
dCA1 → iCA1,dCA1,iCA1,object3,0.40126367970752064,1.0583913277771488,462910,20240815
AUD → PERI 35,AUD,PERI 35,object1,0.04644878836583295,1.060312547012638,462911,20240809
PERI 35 → AUD,PERI 35,AUD,object1,0.8256906709103984,0.9667299422565202,462911,20240809
AUD → PERI 35,AUD,PERI 35,object2,1.0,0.9947169001478914,462911,20240809
PERI 35 → AUD,PERI 35,AUD,object2,0.8256906709103984,0.9076466771837881,462911,20240809
AUD → PERI 35,AUD,PERI 35,object3,0.6636135754411211,0.9400828659474788,462911,20240809
PERI 35 → AUD,PERI 35,AUD,object3,0.07475858436315626,1.0655882988054715,462911,20240809
AUD → PERI 36,AUD,PERI 36,object1,0.8256906709103984,0.9866931626656887,462911,20240809
PERI 36 → AUD,PERI 36,AUD,object1,0.8256906709103984,0.9601456513726225,462911,20240809
AUD → PERI 36,AUD,PERI 36,object2,0.27199173349124334,0.9258389620155558,462911,20240809
PERI 36 → AUD,PERI 36,AUD,object2,0.5088529561559614,0.9261305250651188,462911,20240809
AUD → PERI 36,AUD,PERI 36,object3,1.0,1.018407822605258,462911,20240809
PERI 36 → AUD,PERI 36,AUD,object3,0.5088529561559614,0.8979302915946688,462911,20240809
AUD → TEa,AUD,TEa,object1,0.380897354469689,1.0653645955807156,462911,20240809
TEa → AUD,TEa,AUD,object1,0.18444316391642562,0.9585318451056406,462911,20240809
AUD → TEa,AUD,TEa,object2,0.8256906709103984,1.0995502822833756,462911,20240809
TEa → AUD,TEa,AUD,object2,0.12749251808366047,1.0000235435037041,462911,20240809
AUD → TEa,AUD,TEa,object3,0.5088529561559614,0.9121453235200366,462911,20240809
TEa → AUD,TEa,AUD,object3,0.27199173349124334,0.9493481897797457,462911,20240809
AUD → VIS,AUD,VIS,object1,0.380897354469689,0.8684076377374556,462911,20240809
VIS → AUD,VIS,AUD,object1,0.8256906709103984,0.9316096767796169,462911,20240809
AUD → VIS,AUD,VIS,object2,0.5088529561559614,0.9421575171031012,462911,20240809
VIS → AUD,VIS,AUD,object2,0.5088529561559614,0.9593093829163799,462911,20240809
AUD → VIS,AUD,VIS,object3,0.8256906709103984,0.8997896432145213,462911,20240809
VIS → AUD,VIS,AUD,object3,0.6636135754411211,0.9791476897483478,462911,20240809
AUD → dCA1,AUD,dCA1,object1,0.5088529561559614,1.02583190419391,462911,20240809
dCA1 → AUD,dCA1,AUD,object1,0.6636135754411211,0.8998845073942314,462911,20240809
AUD → dCA1,AUD,dCA1,object2,0.18444316391642562,0.8151831945974936,462911,20240809
dCA1 → AUD,dCA1,AUD,object2,0.5088529561559614,1.0887892773243004,462911,20240809
AUD → dCA1,AUD,dCA1,object3,0.5088529561559614,0.9636663754296816,462911,20240809
dCA1 → AUD,dCA1,AUD,object3,0.8256906709103984,1.1223643989373446,462911,20240809
PERI 35 → PERI 36,PERI 35,PERI 36,object1,0.27199173349124334,1.0678215635223727,462911,20240809
PERI 36 → PERI 35,PERI 36,PERI 35,object1,0.8256906709103984,1.1430009113487662,462911,20240809
PERI 35 → PERI 36,PERI 35,PERI 36,object2,1.0,1.043176943356618,462911,20240809
PERI 36 → PERI 35,PERI 36,PERI 35,object2,0.8256906709103984,1.0039810661125503,462911,20240809
PERI 35 → PERI 36,PERI 35,PERI 36,object3,1.0,0.979767875753112,462911,20240809
PERI 36 → PERI 35,PERI 36,PERI 35,object3,0.12749251808366047,1.0344585580013792,462911,20240809
PERI 35 → TEa,PERI 35,TEa,object1,0.27199173349124334,1.0007556828382604,462911,20240809
TEa → PERI 35,TEa,PERI 35,object1,0.8256906709103984,1.1011874567037903,462911,20240809
PERI 35 → TEa,PERI 35,TEa,object2,1.0,1.0469729980830011,462911,20240809
TEa → PERI 35,TEa,PERI 35,object2,0.6636135754411211,0.9525264699326597,462911,20240809
PERI 35 → TEa,PERI 35,TEa,object3,0.5088529561559614,1.021581315151646,462911,20240809
TEa → PERI 35,TEa,PERI 35,object3,0.8256906709103984,0.966504580602362,462911,20240809
PERI 35 → VIS,PERI 35,VIS,object1,0.8256906709103984,0.9664416852853339,462911,20240809
VIS → PERI 35,VIS,PERI 35,object1,0.5088529561559614,1.0233925880569636,462911,20240809
PERI 35 → VIS,PERI 35,VIS,object2,0.380897354469689,1.040914703941774,462911,20240809
VIS → PERI 35,VIS,PERI 35,object2,0.18444316391642562,0.9170199210015599,462911,20240809
PERI 35 → VIS,PERI 35,VIS,object3,1.0,0.9622039798271942,462911,20240809
VIS → PERI 35,VIS,PERI 35,object3,1.0,0.9581178765393259,462911,20240809
PERI 35 → dCA1,PERI 35,dCA1,object1,0.6636135754411211,1.1445515735657246,462911,20240809
dCA1 → PERI 35,dCA1,PERI 35,object1,0.6636135754411211,1.0079196888123403,462911,20240809
PERI 35 → dCA1,PERI 35,dCA1,object2,0.8256906709103984,0.9676663464418178,462911,20240809
dCA1 → PERI 35,dCA1,PERI 35,object2,0.12749251808366047,0.9597921429958698,462911,20240809
PERI 35 → dCA1,PERI 35,dCA1,object3,0.8256906709103984,1.0108000253748166,462911,20240809
dCA1 → PERI 35,dCA1,PERI 35,object3,1.0,1.0133742614925925,462911,20240809
PERI 36 → TEa,PERI 36,TEa,object1,0.5088529561559614,0.9545235973773704,462911,20240809
TEa → PERI 36,TEa,PERI 36,object1,0.8256906709103984,0.9688908413797149,462911,20240809
PERI 36 → TEa,PERI 36,TEa,object2,1.0,0.9503272217532297,462911,20240809
TEa → PERI 36,TEa,PERI 36,object2,0.27199173349124334,1.0598145991942982,462911,20240809
PERI 36 → TEa,PERI 36,TEa,object3,0.8256906709103984,0.9838408878562775,462911,20240809
TEa → PERI 36,TEa,PERI 36,object3,0.8256906709103984,0.891203564097913,462911,20240809
PERI 36 → VIS,PERI 36,VIS,object1,0.8256906709103984,0.9736215495978499,462911,20240809
VIS → PERI 36,VIS,PERI 36,object1,0.04644878836583295,1.0040716217093002,462911,20240809
PERI 36 → VIS,PERI 36,VIS,object2,1.0,0.9750473813697337,462911,20240809
VIS → PERI 36,VIS,PERI 36,object2,0.04644878836583295,0.8770272639372404,462911,20240809
PERI 36 → VIS,PERI 36,VIS,object3,0.8256906709103984,1.0004821754789583,462911,20240809
VIS → PERI 36,VIS,PERI 36,object3,0.5088529561559614,1.0441732953179428,462911,20240809
PERI 36 → dCA1,PERI 36,dCA1,object1,0.8256906709103984,0.9252829182510693,462911,20240809
dCA1 → PERI 36,dCA1,PERI 36,object1,0.5088529561559614,0.9986990910259669,462911,20240809
PERI 36 → dCA1,PERI 36,dCA1,object2,0.27199173349124334,0.9367129505413466,462911,20240809
dCA1 → PERI 36,dCA1,PERI 36,object2,0.380897354469689,1.0614177490357313,462911,20240809
PERI 36 → dCA1,PERI 36,dCA1,object3,1.0,0.9946446714014827,462911,20240809
dCA1 → PERI 36,dCA1,PERI 36,object3,1.0,0.9091297519264205,462911,20240809
TEa → VIS,TEa,VIS,object1,0.6636135754411211,0.9498079962448207,462911,20240809
VIS → TEa,VIS,TEa,object1,0.5088529561559614,0.9944446551593688,462911,20240809
TEa → VIS,TEa,VIS,object2,1.0,0.976542457146599,462911,20240809
VIS → TEa,VIS,TEa,object2,0.8256906709103984,1.076169927435186,462911,20240809
TEa → VIS,TEa,VIS,object3,0.8256906709103984,0.9943411754993994,462911,20240809
VIS → TEa,VIS,TEa,object3,0.27199173349124334,0.9212845826681763,462911,20240809
TEa → dCA1,TEa,dCA1,object1,0.8256906709103984,0.9535632375499234,462911,20240809
dCA1 → TEa,dCA1,TEa,object1,0.380897354469689,0.9206665654932132,462911,20240809
TEa → dCA1,TEa,dCA1,object2,0.8256906709103984,0.8791954384324903,462911,20240809
dCA1 → TEa,dCA1,TEa,object2,1.0,0.9707509341190599,462911,20240809
TEa → dCA1,TEa,dCA1,object3,0.8256906709103984,0.987289017652277,462911,20240809
dCA1 → TEa,dCA1,TEa,object3,0.18444316391642562,0.8942973927351223,462911,20240809
VIS → dCA1,VIS,dCA1,object1,0.6636135754411211,0.9661758593872305,462911,20240809
dCA1 → VIS,dCA1,VIS,object1,1.0,0.9899761057840051,462911,20240809
VIS → dCA1,VIS,dCA1,object2,0.380897354469689,0.9356866124477378,462911,20240809
dCA1 → VIS,dCA1,VIS,object2,0.18444316391642562,0.9532814319613605,462911,20240809
VIS → dCA1,VIS,dCA1,object3,0.27199173349124334,0.959500831953697,462911,20240809
dCA1 → VIS,dCA1,VIS,object3,0.380897354469689,0.8704757646562046,462911,20240809
AUD → LEC,AUD,LEC,object1,1.0,1.154174350526357,466394,20241107
LEC → AUD,LEC,AUD,object1,0.5442723631338823,1.0628150372422267,466394,20241107
AUD → LEC,AUD,LEC,object2,0.1247890635636365,0.9739544771981641,466394,20241107
LEC → AUD,LEC,AUD,object2,0.7701547570588273,0.9621480704508689,466394,20241107
AUD → LEC,AUD,LEC,object3,0.5442723631338823,0.9113681487487559,466394,20241107
LEC → AUD,LEC,AUD,object3,0.02969410195488331,1.0948803470358615,466394,20241107
AUD → PERI 35,AUD,PERI 35,object1,0.5442723631338823,1.008217084371874,466394,20241107
PERI 35 → AUD,PERI 35,AUD,object1,0.5442723631338823,0.9203260200657973,466394,20241107
AUD → PERI 35,AUD,PERI 35,object2,1.0,1.080655094188465,466394,20241107
PERI 35 → AUD,PERI 35,AUD,object2,1.0,0.9807767109627321,466394,20241107
AUD → PERI 35,AUD,PERI 35,object3,0.7701547570588273,1.2044025940810021,466394,20241107
PERI 35 → AUD,PERI 35,AUD,object3,0.5442723631338823,0.9098832749200862,466394,20241107
AUD → PERI 36,AUD,PERI 36,object1,1.0,1.012609244784935,466394,20241107
PERI 36 → AUD,PERI 36,AUD,object1,0.3718884309280035,0.8185116582830338,466394,20241107
AUD → PERI 36,AUD,PERI 36,object2,0.5442723631338823,1.0440970313990667,466394,20241107
PERI 36 → AUD,PERI 36,AUD,object2,0.7701547570588273,1.009840576824018,466394,20241107
AUD → PERI 36,AUD,PERI 36,object3,0.009789148709941464,1.1408200274018065,466394,20241107
PERI 36 → AUD,PERI 36,AUD,object3,0.7701547570588273,1.208968004421696,466394,20241107
AUD → TEa,AUD,TEa,object1,0.7701547570588273,1.0348480149953074,466394,20241107
TEa → AUD,TEa,AUD,object1,1.0,1.068299911084067,466394,20241107
AUD → TEa,AUD,TEa,object2,0.1247890635636365,1.1042695377230816,466394,20241107
TEa → AUD,TEa,AUD,object2,0.3718884309280035,0.8028413777607499,466394,20241107
AUD → TEa,AUD,TEa,object3,0.7701547570588273,1.0314177985989248,466394,20241107
TEa → AUD,TEa,AUD,object3,0.3718884309280035,0.8075910325823384,466394,20241107
LEC → PERI 35,LEC,PERI 35,object1,0.7701547570588273,1.0650174965149461,466394,20241107
PERI 35 → LEC,PERI 35,LEC,object1,0.07576390094183538,0.8631109372314223,466394,20241107
LEC → PERI 35,LEC,PERI 35,object2,0.5442723631338823,1.041040181905237,466394,20241107
PERI 35 → LEC,PERI 35,LEC,object2,0.3718884309280035,0.9167007613100806,466394,20241107
LEC → PERI 35,LEC,PERI 35,object3,0.5442723631338823,1.063395231096,466394,20241107
PERI 35 → LEC,PERI 35,LEC,object3,0.1247890635636365,0.9579496190491059,466394,20241107
LEC → PERI 36,LEC,PERI 36,object1,0.5442723631338823,1.0347117627225622,466394,20241107
PERI 36 → LEC,PERI 36,LEC,object1,0.2264048551797339,1.0492760318724872,466394,20241107
LEC → PERI 36,LEC,PERI 36,object2,0.2264048551797339,0.9690888461969083,466394,20241107
PERI 36 → LEC,PERI 36,LEC,object2,0.07576390094183538,0.9358807899203907,466394,20241107
LEC → PERI 36,LEC,PERI 36,object3,0.1247890635636365,1.1770641529815906,466394,20241107
PERI 36 → LEC,PERI 36,LEC,object3,0.2264048551797339,0.9890978199722008,466394,20241107
LEC → TEa,LEC,TEa,object1,0.07576390094183538,0.7946946490622377,466394,20241107
TEa → LEC,TEa,LEC,object1,1.0,0.9368087584930238,466394,20241107
LEC → TEa,LEC,TEa,object2,0.2264048551797339,1.147024312056712,466394,20241107
TEa → LEC,TEa,LEC,object2,0.7701547570588273,1.031165189386802,466394,20241107
LEC → TEa,LEC,TEa,object3,1.0,1.0214519994030318,466394,20241107
TEa → LEC,TEa,LEC,object3,0.5442723631338823,0.9405139839808603,466394,20241107
PERI 35 → PERI 36,PERI 35,PERI 36,object1,0.7701547570588273,1.061113080783337,466394,20241107
PERI 36 → PERI 35,PERI 36,PERI 35,object1,0.5442723631338823,1.0217375931686234,466394,20241107
PERI 35 → PERI 36,PERI 35,PERI 36,object2,1.0,1.0519969134563771,466394,20241107
PERI 36 → PERI 35,PERI 36,PERI 35,object2,0.3718884309280035,0.970136761257357,466394,20241107
PERI 35 → PERI 36,PERI 35,PERI 36,object3,0.5442723631338823,1.0931116948161117,466394,20241107
PERI 36 → PERI 35,PERI 36,PERI 35,object3,0.7701547570588273,1.055846595231567,466394,20241107
PERI 35 → TEa,PERI 35,TEa,object1,0.7701547570588273,1.0025931438510838,466394,20241107
TEa → PERI 35,TEa,PERI 35,object1,0.07576390094183538,0.8240115503513279,466394,20241107
PERI 35 → TEa,PERI 35,TEa,object2,0.3718884309280035,0.9359489406934451,466394,20241107
TEa → PERI 35,TEa,PERI 35,object2,1.0,1.031338966574436,466394,20241107
PERI 35 → TEa,PERI 35,TEa,object3,0.7701547570588273,0.9274299440026987,466394,20241107
TEa → PERI 35,TEa,PERI 35,object3,0.3718884309280035,0.9617343686624122,466394,20241107
PERI 36 → TEa,PERI 36,TEa,object1,0.7701547570588273,1.0164685518362893,466394,20241107
TEa → PERI 36,TEa,PERI 36,object1,0.3718884309280035,0.9514051018237548,466394,20241107
PERI 36 → TEa,PERI 36,TEa,object2,0.3718884309280035,0.8643682940064945,466394,20241107
TEa → PERI 36,TEa,PERI 36,object2,1.0,1.057562712152325,466394,20241107
PERI 36 → TEa,PERI 36,TEa,object3,0.7701547570588273,1.1511350599014407,466394,20241107
TEa → PERI 36,TEa,PERI 36,object3,1.0,0.93265246555186,466394,20241107
AUD → PERI 35,AUD,PERI 35,object1,0.4212005624870393,0.9955325827111849,466394,20241108
PERI 35 → AUD,PERI 35,AUD,object1,0.787664888571271,1.0019577103110118,466394,20241108
AUD → PERI 35,AUD,PERI 35,object2,1.0,0.9404788648314015,466394,20241108
PERI 35 → AUD,PERI 35,AUD,object2,1.0,0.9433388728241157,466394,20241108
AUD → PERI 35,AUD,PERI 35,object3,0.787664888571271,1.0386043552343065,466394,20241108
PERI 35 → AUD,PERI 35,AUD,object3,0.09906516533843615,1.1096217054864166,466394,20241108
AUD → PERI 36,AUD,PERI 36,object1,0.275036365284715,1.0167114114682954,466394,20241108
PERI 36 → AUD,PERI 36,AUD,object1,0.4212005624870393,0.8538192220614174,466394,20241108
AUD → PERI 36,AUD,PERI 36,object2,0.275036365284715,0.9757482042872356,466394,20241108
PERI 36 → AUD,PERI 36,AUD,object2,0.275036365284715,1.1892141592347192,466394,20241108
AUD → PERI 36,AUD,PERI 36,object3,0.275036365284715,0.9278018748475907,466394,20241108
PERI 36 → AUD,PERI 36,AUD,object3,0.275036365284715,0.9883813390894849,466394,20241108
AUD → TEa,AUD,TEa,object1,0.4212005624870393,1.1106893967657832,466394,20241108
TEa → AUD,TEa,AUD,object1,0.0313664181115852,1.0869698429764245,466394,20241108
AUD → TEa,AUD,TEa,object2,0.09906516533843615,1.2569083778954961,466394,20241108
TEa → AUD,TEa,AUD,object2,0.787664888571271,1.1471116953963296,466394,20241108
AUD → TEa,AUD,TEa,object3,0.05383350637040371,1.0312607787073031,466394,20241108
TEa → AUD,TEa,AUD,object3,1.0,1.0009294652615992,466394,20241108
AUD → dCA1,AUD,dCA1,object1,0.787664888571271,1.0071902537290502,466394,20241108
dCA1 → AUD,dCA1,AUD,object1,1.0,1.0792744234546512,466394,20241108
AUD → dCA1,AUD,dCA1,object2,1.0,0.9029395626408135,466394,20241108
dCA1 → AUD,dCA1,AUD,object2,0.5892991923681163,1.0351975344905622,466394,20241108
AUD → dCA1,AUD,dCA1,object3,0.5892991923681163,0.9297122421158213,466394,20241108
dCA1 → AUD,dCA1,AUD,object3,0.275036365284715,1.1151738703609118,466394,20241108
PERI 35 → PERI 36,PERI 35,PERI 36,object1,0.4212005624870393,1.091798382083594,466394,20241108
PERI 36 → PERI 35,PERI 36,PERI 35,object1,0.4212005624870393,1.068077494924189,466394,20241108
PERI 35 → PERI 36,PERI 35,PERI 36,object2,0.4212005624870393,0.9367603415746147,466394,20241108
PERI 36 → PERI 35,PERI 36,PERI 35,object2,0.09906516533843615,1.0763643406518848,466394,20241108
PERI 35 → PERI 36,PERI 35,PERI 36,object3,0.4212005624870393,0.8796364209343261,466394,20241108
PERI 36 → PERI 35,PERI 36,PERI 35,object3,1.0,0.9930838865649674,466394,20241108
PERI 35 → TEa,PERI 35,TEa,object1,1.0,0.9057341319387393,466394,20241108
TEa → PERI 35,TEa,PERI 35,object1,1.0,0.9001855369366057,466394,20241108
PERI 35 → TEa,PERI 35,TEa,object2,0.787664888571271,1.068433538342846,466394,20241108
TEa → PERI 35,TEa,PERI 35,object2,1.0,1.0990579288049838,466394,20241108
PERI 35 → TEa,PERI 35,TEa,object3,0.5892991923681163,1.0616255048173588,466394,20241108
TEa → PERI 35,TEa,PERI 35,object3,0.787664888571271,0.9903921853738943,466394,20241108
PERI 35 → dCA1,PERI 35,dCA1,object1,1.0,1.0332496626833776,466394,20241108
dCA1 → PERI 35,dCA1,PERI 35,object1,1.0,0.9488732959283915,466394,20241108
PERI 35 → dCA1,PERI 35,dCA1,object2,0.787664888571271,1.0714672411695123,466394,20241108
dCA1 → PERI 35,dCA1,PERI 35,object2,0.787664888571271,0.8915555488595706,466394,20241108
PERI 35 → dCA1,PERI 35,dCA1,object3,0.18656856171488717,1.0908953220724569,466394,20241108
dCA1 → PERI 35,dCA1,PERI 35,object3,1.0,1.0225944162444969,466394,20241108
PERI 36 → TEa,PERI 36,TEa,object1,0.787664888571271,1.03489660656327,466394,20241108
TEa → PERI 36,TEa,PERI 36,object1,1.0,1.0043311237510142,466394,20241108
PERI 36 → TEa,PERI 36,TEa,object2,0.5892991923681163,1.0692281769220893,466394,20241108
TEa → PERI 36,TEa,PERI 36,object2,1.0,1.06410407783223,466394,20241108
PERI 36 → TEa,PERI 36,TEa,object3,0.5892991923681163,0.9385450988260666,466394,20241108
TEa → PERI 36,TEa,PERI 36,object3,0.275036365284715,1.0274673646097225,466394,20241108
PERI 36 → dCA1,PERI 36,dCA1,object1,0.0037335498154408607,1.1205405551986591,466394,20241108
dCA1 → PERI 36,dCA1,PERI 36,object1,0.5892991923681163,0.9901291373492316,466394,20241108
PERI 36 → dCA1,PERI 36,dCA1,object2,0.787664888571271,1.121382210591411,466394,20241108
dCA1 → PERI 36,dCA1,PERI 36,object2,0.787664888571271,0.9260755605526085,466394,20241108
PERI 36 → dCA1,PERI 36,dCA1,object3,0.275036365284715,1.0673929625051408,466394,20241108
dCA1 → PERI 36,dCA1,PERI 36,object3,0.5892991923681163,0.9851924423724119,466394,20241108
TEa → dCA1,TEa,dCA1,object1,0.5892991923681163,1.0604708531740832,466394,20241108
dCA1 → TEa,dCA1,TEa,object1,0.787664888571271,0.9791559904656071,466394,20241108
TEa → dCA1,TEa,dCA1,object2,0.18656856171488717,1.0095347417214455,466394,20241108
dCA1 → TEa,dCA1,TEa,object2,0.5892991923681163,1.005091095767101,466394,20241108
TEa → dCA1,TEa,dCA1,object3,0.787664888571271,0.9006365754359735,466394,20241108
dCA1 → TEa,dCA1,TEa,object3,1.0,1.0582790393869468,466394,20241108
AUD → PERI 35,AUD,PERI 35,object1,0.2203615988075303,1.1862390596380794,466395,20241114
PERI 35 → AUD,PERI 35,AUD,object1,1.0,0.9045785384834261,466395,20241114
AUD → PERI 35,AUD,PERI 35,object2,0.07381674831450451,1.331568921821013,466395,20241114
PERI 35 → AUD,PERI 35,AUD,object2,0.3709498614241603,0.9525799410919321,466395,20241114
AUD → PERI 35,AUD,PERI 35,object3,0.3709498614241603,0.9137772714996718,466395,20241114
PERI 35 → AUD,PERI 35,AUD,object3,1.0,1.0090997372525785,466395,20241114
AUD → PERI 36,AUD,PERI 36,object1,0.2203615988075303,1.0998747233280461,466395,20241114
PERI 36 → AUD,PERI 36,AUD,object1,1.0,0.8295236216824475,466395,20241114
AUD → PERI 36,AUD,PERI 36,object2,1.0,0.9901423421009022,466395,20241114
PERI 36 → AUD,PERI 36,AUD,object2,0.5403095141176556,1.035836043152211,466395,20241114
AUD → PERI 36,AUD,PERI 36,object3,1.0,0.9170561251960304,466395,20241114
PERI 36 → AUD,PERI 36,AUD,object3,1.0,1.0670906344106927,466395,20241114
AUD → TEa,AUD,TEa,object1,1.0,1.1447169477235815,466395,20241114
TEa → AUD,TEa,AUD,object1,0.3709498614241603,0.8466156337691088,466395,20241114
AUD → TEa,AUD,TEa,object2,1.0,1.1421458195063694,466395,20241114
TEa → AUD,TEa,AUD,object2,0.07381674831450451,1.2466676654405429,466395,20241114
AUD → TEa,AUD,TEa,object3,0.3709498614241603,0.9544191605936444,466395,20241114
TEa → AUD,TEa,AUD,object3,0.3709498614241603,0.9219964754588554,466395,20241114
AUD → dCA1,AUD,dCA1,object1,1.0,1.0203837255993848,466395,20241114
dCA1 → AUD,dCA1,AUD,object1,0.5403095141176556,1.1363321291952522,466395,20241114
AUD → dCA1,AUD,dCA1,object2,0.02737185740964015,0.928214965505848,466395,20241114
dCA1 → AUD,dCA1,AUD,object2,0.3709498614241603,0.9168703869229409,466395,20241114
AUD → dCA1,AUD,dCA1,object3,1.0,0.9338124292894634,466395,20241114
dCA1 → AUD,dCA1,AUD,object3,1.0,0.8887066674363029,466395,20241114
PERI 35 → PERI 36,PERI 35,PERI 36,object1,1.0,1.011778157740453,466395,20241114
PERI 36 → PERI 35,PERI 36,PERI 35,object1,1.0,1.208567553542177,466395,20241114
PERI 35 → PERI 36,PERI 35,PERI 36,object2,0.3709498614241603,1.032262896950595,466395,20241114
PERI 36 → PERI 35,PERI 36,PERI 35,object2,0.3709498614241603,0.9810481036051362,466395,20241114
PERI 35 → PERI 36,PERI 35,PERI 36,object3,1.0,1.0769021651748667,466395,20241114
PERI 36 → PERI 35,PERI 36,PERI 35,object3,0.2203615988075303,1.1224824270885991,466395,20241114
PERI 35 → TEa,PERI 35,TEa,object1,1.0,1.0475911504630404,466395,20241114
TEa → PERI 35,TEa,PERI 35,object1,1.0,1.0759693302382192,466395,20241114
PERI 35 → TEa,PERI 35,TEa,object2,1.0,1.1560084217447884,466395,20241114
TEa → PERI 35,TEa,PERI 35,object2,0.02737185740964015,1.23703085408062,466395,20241114
PERI 35 → TEa,PERI 35,TEa,object3,0.2203615988075303,1.0834319925619764,466395,20241114
TEa → PERI 35,TEa,PERI 35,object3,1.0,0.8827532652516832,466395,20241114
PERI 35 → dCA1,PERI 35,dCA1,object1,0.3709498614241603,0.8474642101540587,466395,20241114
dCA1 → PERI 35,dCA1,PERI 35,object1,0.2203615988075303,1.1211933819934088,466395,20241114
PERI 35 → dCA1,PERI 35,dCA1,object2,0.3709498614241603,1.003240946398265,466395,20241114
dCA1 → PERI 35,dCA1,PERI 35,object2,0.5403095141176556,0.94666002538391,466395,20241114
PERI 35 → dCA1,PERI 35,dCA1,object3,0.2203615988075303,1.2037642016332009,466395,20241114
dCA1 → PERI 35,dCA1,PERI 35,object3,1.0,0.9098350336582793,466395,20241114
PERI 36 → TEa,PERI 36,TEa,object1,0.12231127356392775,1.0965524647001899,466395,20241114
TEa → PERI 36,TEa,PERI 36,object1,1.0,1.2211397561575048,466395,20241114
PERI 36 → TEa,PERI 36,TEa,object2,1.0,0.9695032601558268,466395,20241114
TEa → PERI 36,TEa,PERI 36,object2,0.5403095141176556,1.0555062903202581,466395,20241114
PERI 36 → TEa,PERI 36,TEa,object3,0.3709498614241603,1.0178007822181887,466395,20241114
TEa → PERI 36,TEa,PERI 36,object3,1.0,1.0944894513326289,466395,20241114
PERI 36 → dCA1,PERI 36,dCA1,object1,0.5403095141176556,0.9588342834451671,466395,20241114
dCA1 → PERI 36,dCA1,PERI 36,object1,1.0,0.991183025999276,466395,20241114
PERI 36 → dCA1,PERI 36,dCA1,object2,1.0,0.9680153134066913,466395,20241114
dCA1 → PERI 36,dCA1,PERI 36,object2,0.5403095141176556,1.226362773594573,466395,20241114
PERI 36 → dCA1,PERI 36,dCA1,object3,0.07381674831450451,1.3262238036342573,466395,20241114
dCA1 → PERI 36,dCA1,PERI 36,object3,0.5403095141176556,0.9830866879564603,466395,20241114
TEa → dCA1,TEa,dCA1,object1,0.2203615988075303,1.1138747078073545,466395,20241114
dCA1 → TEa,dCA1,TEa,object1,0.3709498614241603,1.0662884262337071,466395,20241114
TEa → dCA1,TEa,dCA1,object2,0.5403095141176556,0.9031631645667421,466395,20241114
dCA1 → TEa,dCA1,TEa,object2,1.0,0.9209839872578087,466395,20241114
TEa → dCA1,TEa,dCA1,object3,1.0,1.2138397896575146,466395,20241114
dCA1 → TEa,dCA1,TEa,object3,0.2203615988075303,1.0662663240466217,466395,20241114
AUD → TEa,AUD,TEa,object1,1.0,0.9149173082479258,466395,20241115
TEa → AUD,TEa,AUD,object1,0.4517763958164569,1.189961529756022,466395,20241115
AUD → TEa,AUD,TEa,object2,0.4517763958164569,1.0864368843227705,466395,20241115
TEa → AUD,TEa,AUD,object2,1.0,1.0111856859765083,466395,20241115
AUD → TEa,AUD,TEa,object3,0.7223283043745692,1.0047739933175186,466395,20241115
TEa → AUD,TEa,AUD,object3,0.4517763958164569,1.0321211126426357,466395,20241115
AUD → dCA1,AUD,dCA1,object1,1.0,1.0782575983212064,466395,20241115
dCA1 → AUD,dCA1,AUD,object1,0.26666193206616934,0.9736980087321109,466395,20241115
AUD → dCA1,AUD,dCA1,object2,0.7223283043745692,1.0299496136502682,466395,20241115
dCA1 → AUD,dCA1,AUD,object2,0.7223283043745692,1.0597672754497922,466395,20241115
AUD → dCA1,AUD,dCA1,object3,0.7223283043745692,0.8231564862482161,466395,20241115
dCA1 → AUD,dCA1,AUD,object3,0.26666193206616934,0.8664642473396029,466395,20241115
TEa → dCA1,TEa,dCA1,object1,1.0,1.08080408958938,466395,20241115
dCA1 → TEa,dCA1,TEa,object1,0.4517763958164569,1.148312632097904,466395,20241115
TEa → dCA1,TEa,dCA1,object2,0.26666193206616934,0.9296437483260183,466395,20241115
dCA1 → TEa,dCA1,TEa,object2,1.0,0.904217933286129,466395,20241115
TEa → dCA1,TEa,dCA1,object3,0.26666193206616934,1.0013955823784064,466395,20241115
dCA1 → TEa,dCA1,TEa,object3,0.4517763958164569,0.9023838889899309,466395,20241115
LEC → PERI 35,LEC,PERI 35,object1,0.71520851730725,0.7034432719918956,472975,20250326
PERI 35 → LEC,PERI 35,LEC,object1,0.03972663420665231,1.1677797980678721,472975,20250326
LEC → PERI 35,LEC,PERI 35,object2,0.71520851730725,1.0148976915334444,472975,20250326
PERI 35 → LEC,PERI 35,LEC,object2,0.4379115473169411,1.0640924592695742,472975,20250326
LEC → PERI 35,LEC,PERI 35,object3,0.2627766189020091,0.9336520016852781,472975,20250326
PERI 35 → LEC,PERI 35,LEC,object3,0.71520851730725,1.0904446351994008,472975,20250326
LEC → PERI 36,LEC,PERI 36,object1,1.0,0.894861470160156,472975,20250326
PERI 36 → LEC,PERI 36,LEC,object1,0.2627766189020091,0.9285696063100632,472975,20250326
LEC → PERI 36,LEC,PERI 36,object2,1.0,1.0243874278710865,472975,20250326
PERI 36 → LEC,PERI 36,LEC,object2,0.71520851730725,1.040177678429599,472975,20250326
LEC → PERI 36,LEC,PERI 36,object3,0.2627766189020091,0.8401178036158163,472975,20250326
PERI 36 → LEC,PERI 36,LEC,object3,0.4379115473169411,1.086458969019846,472975,20250326
LEC → TEa,LEC,TEa,object1,1.0,1.009248544506404,472975,20250326
TEa → LEC,TEa,LEC,object1,0.71520851730725,0.9205517322501546,472975,20250326
LEC → TEa,LEC,TEa,object2,0.12038087755563415,1.1051304908482855,472975,20250326
TEa → LEC,TEa,LEC,object2,0.2627766189020091,0.902017670909832,472975,20250326
LEC → TEa,LEC,TEa,object3,0.71520851730725,0.8815106578522867,472975,20250326
TEa → LEC,TEa,LEC,object3,0.2627766189020091,0.9017780505757851,472975,20250326
LEC → VIS,LEC,VIS,object1,0.71520851730725,0.9902767623852354,472975,20250326
VIS → LEC,VIS,LEC,object1,0.12038087755563415,1.1016971977950014,472975,20250326
LEC → VIS,LEC,VIS,object2,0.4379115473169411,1.1490445938787044,472975,20250326
VIS → LEC,VIS,LEC,object2,0.4379115473169411,0.9022186946757484,472975,20250326
LEC → VIS,LEC,VIS,object3,0.4379115473169411,0.9701085110531531,472975,20250326
VIS → LEC,VIS,LEC,object3,0.71520851730725,1.0932814190513653,472975,20250326
LEC → dCA1,LEC,dCA1,object1,0.4379115473169411,0.8190732015807296,472975,20250326
dCA1 → LEC,dCA1,LEC,object1,0.71520851730725,1.2461019357428622,472975,20250326
LEC → dCA1,LEC,dCA1,object2,1.0,1.0996578779786388,472975,20250326
dCA1 → LEC,dCA1,LEC,object2,0.2627766189020091,1.0479754398630363,472975,20250326
LEC → dCA1,LEC,dCA1,object3,0.71520851730725,1.0331386242412044,472975,20250326
dCA1 → LEC,dCA1,LEC,object3,0.12038087755563415,1.0524003482470934,472975,20250326
PERI 35 → PERI 36,PERI 35,PERI 36,object1,0.12038087755563415,1.0624476652775634,472975,20250326
PERI 36 → PERI 35,PERI 36,PERI 35,object1,0.71520851730725,0.7754958958719077,472975,20250326
PERI 35 → PERI 36,PERI 35,PERI 36,object2,0.12038087755563415,1.1942696959277257,472975,20250326
PERI 36 → PERI 35,PERI 36,PERI 35,object2,0.71520851730725,1.2419483879642392,472975,20250326
PERI 35 → PERI 36,PERI 35,PERI 36,object3,1.0,1.1627770892587383,472975,20250326
PERI 36 → PERI 35,PERI 36,PERI 35,object3,0.71520851730725,1.0479920547930957,472975,20250326
PERI 35 → TEa,PERI 35,TEa,object1,0.12038087755563415,0.8736123448132695,472975,20250326
TEa → PERI 35,TEa,PERI 35,object1,0.4379115473169411,1.1007162986137164,472975,20250326
PERI 35 → TEa,PERI 35,TEa,object2,0.4379115473169411,0.9315978407962189,472975,20250326
TEa → PERI 35,TEa,PERI 35,object2,0.4379115473169411,0.9811428588473246,472975,20250326
PERI 35 → TEa,PERI 35,TEa,object3,0.71520851730725,0.9385381025372213,472975,20250326
TEa → PERI 35,TEa,PERI 35,object3,0.71520851730725,0.9221580423036739,472975,20250326
PERI 35 → VIS,PERI 35,VIS,object1,1.0,1.004239133517454,472975,20250326
VIS → PERI 35,VIS,PERI 35,object1,0.4379115473169411,1.0505473631476523,472975,20250326
PERI 35 → VIS,PERI 35,VIS,object2,0.71520851730725,1.021661255406206,472975,20250326
VIS → PERI 35,VIS,PERI 35,object2,1.0,0.8771875105215566,472975,20250326
PERI 35 → VIS,PERI 35,VIS,object3,0.12038087755563415,1.1180511819785517,472975,20250326
VIS → PERI 35,VIS,PERI 35,object3,0.2627766189020091,0.9643997919829808,472975,20250326
PERI 35 → dCA1,PERI 35,dCA1,object1,0.4379115473169411,0.8800492100736688,472975,20250326
dCA1 → PERI 35,dCA1,PERI 35,object1,0.71520851730725,0.9344062845574084,472975,20250326
PERI 35 → dCA1,PERI 35,dCA1,object2,0.2627766189020091,1.0957371387877624,472975,20250326
dCA1 → PERI 35,dCA1,PERI 35,object2,1.0,0.7753327850238813,472975,20250326
PERI 35 → dCA1,PERI 35,dCA1,object3,0.4379115473169411,0.8181295245871343,472975,20250326
dCA1 → PERI 35,dCA1,PERI 35,object3,0.12038087755563415,1.0475499540784052,472975,20250326
PERI 36 → TEa,PERI 36,TEa,object1,1.0,0.9674035892893035,472975,20250326
TEa → PERI 36,TEa,PERI 36,object1,0.4379115473169411,0.9598820870594689,472975,20250326
PERI 36 → TEa,PERI 36,TEa,object2,0.71520851730725,1.1372825930887023,472975,20250326
TEa → PERI 36,TEa,PERI 36,object2,0.71520851730725,1.126177172641476,472975,20250326
PERI 36 → TEa,PERI 36,TEa,object3,0.2627766189020091,0.9147968289543049,472975,20250326
TEa → PERI 36,TEa,PERI 36,object3,0.2627766189020091,0.8329715713872725,472975,20250326
PERI 36 → VIS,PERI 36,VIS,object1,1.0,0.9819914218336163,472975,20250326
VIS → PERI 36,VIS,PERI 36,object1,0.2627766189020091,0.9341977170901645,472975,20250326
PERI 36 → VIS,PERI 36,VIS,object2,0.2627766189020091,0.9945931469720959,472975,20250326
VIS → PERI 36,VIS,PERI 36,object2,0.71520851730725,0.9077881725340379,472975,20250326
PERI 36 → VIS,PERI 36,VIS,object3,1.0,0.94799409059427,472975,20250326
VIS → PERI 36,VIS,PERI 36,object3,0.71520851730725,0.9619558142742137,472975,20250326
PERI 36 → dCA1,PERI 36,dCA1,object1,0.2627766189020091,0.9455270847257689,472975,20250326
dCA1 → PERI 36,dCA1,PERI 36,object1,1.0,1.0182535517567026,472975,20250326
PERI 36 → dCA1,PERI 36,dCA1,object2,0.71520851730725,1.1105796852282306,472975,20250326
dCA1 → PERI 36,dCA1,PERI 36,object2,1.0,1.0928992997575087,472975,20250326
PERI 36 → dCA1,PERI 36,dCA1,object3,0.03972663420665231,0.8764121344333554,472975,20250326
dCA1 → PERI 36,dCA1,PERI 36,object3,1.0,0.857217626414232,472975,20250326
TEa → VIS,TEa,VIS,object1,1.0,0.8767320049875618,472975,20250326
VIS → TEa,VIS,TEa,object1,0.2627766189020091,1.0316498314085836,472975,20250326
TEa → VIS,TEa,VIS,object2,0.4379115473169411,0.9189999753187761,472975,20250326
VIS → TEa,VIS,TEa,object2,0.2627766189020091,0.8253211459748329,472975,20250326
TEa → VIS,TEa,VIS,object3,0.4379115473169411,1.076620344507332,472975,20250326
VIS → TEa,VIS,TEa,object3,0.4379115473169411,1.1887838037169907,472975,20250326
TEa → dCA1,TEa,dCA1,object1,0.4379115473169411,1.0534569736865333,472975,20250326
dCA1 → TEa,dCA1,TEa,object1,0.4379115473169411,0.9401064523039271,472975,20250326
TEa → dCA1,TEa,dCA1,object2,1.0,0.8335702154791161,472975,20250326
dCA1 → TEa,dCA1,TEa,object2,0.12038087755563415,1.1076049276858573,472975,20250326
TEa → dCA1,TEa,dCA1,object3,0.71520851730725,0.799651206854832,472975,20250326
dCA1 → TEa,dCA1,TEa,object3,0.12038087755563415,1.0580363035564155,472975,20250326
VIS → dCA1,VIS,dCA1,object1,1.0,0.7939706153194506,472975,20250326
dCA1 → VIS,dCA1,VIS,object1,1.0,0.9669321000509534,472975,20250326
VIS → dCA1,VIS,dCA1,object2,0.71520851730725,0.9695396125610708,472975,20250326
dCA1 → VIS,dCA1,VIS,object2,0.71520851730725,0.9641274346429638,472975,20250326
VIS → dCA1,VIS,dCA1,object3,0.4379115473169411,1.1689583064822153,472975,20250326
dCA1 → VIS,dCA1,VIS,object3,0.71520851730725,1.0428480163983092,472975,20250326
