distance,lda_distance,region,control
-22.5,0.43765021763602396,PERI 35,0
-22.5,0.06839166836608213,PERI 35,1
-22.5,36.95970599380519,PERI 36,0
-22.5,0.49230616184503617,PERI 36,1
-22.5,0.7380065517776261,TEa,0
-22.5,0.37855305078219725,TEa,1
-22.5,0.8255965413985009,VIS,0
-22.5,0.021373030461716985,VIS,1
-21.5,0.12859410521880688,PERI 35,0
-21.5,2.243805299335348,PERI 35,1
-21.5,126.2150106226465,PERI 36,0
-21.5,0.253139456722808,PERI 36,1
-21.5,0.006887507159690109,TEa,0
-21.5,0.7491169705477025,TEa,1
-21.5,0.5191530232165689,VIS,0
-21.5,0.01857237993531896,VIS,1
-20.5,0.22412629251714672,PERI 35,0
-20.5,2.663171935634172,PERI 35,1
-20.5,225.44798219239576,PERI 36,0
-20.5,0.24179786710636542,PERI 36,1
-20.5,0.9363481593623547,TEa,0
-20.5,0.12438599968717945,TEa,1
-20.5,0.20818903312350406,VIS,0
-20.5,0.29370366700249817,VIS,1
-19.5,0.38717331252726694,PERI 35,0
-19.5,2.936645456532024,PERI 35,1
-19.5,152.9786776927633,PERI 36,0
-19.5,2.511425481413056,PERI 36,1
-19.5,0.8775214579143988,TEa,0
-19.5,0.21819336048368676,TEa,1
-19.5,0.2945487243629252,VIS,0
-19.5,0.35865741598738593,VIS,1
-18.5,0.7266968311267485,PERI 35,0
-18.5,1.8808032614799437,PERI 35,1
-18.5,191.21247237031213,PERI 36,0
-18.5,6.847074713845297,PERI 36,1
-18.5,1.7746321959993256,TEa,0
-18.5,0.23913695725355755,TEa,1
-18.5,0.10655729070953288,VIS,0
-18.5,0.2064069426679285,VIS,1
-17.5,3.0038232105857308,PERI 35,0
-17.5,0.17879610577706406,PERI 35,1
-17.5,93.57617603656175,PERI 36,0
-17.5,6.86398929486763,PERI 36,1
-17.5,2.0527217588355304,TEa,0
-17.5,0.05819032528976242,TEa,1
-17.5,0.17494145113266457,VIS,0
-17.5,0.4381650233699864,VIS,1
-16.5,4.410322830128955,PERI 35,0
-16.5,2.4171293323519043,PERI 35,1
-16.5,148.7495834778274,PERI 36,0
-16.5,3.1057618707234456,PERI 36,1
-16.5,2.4543983692934055,TEa,0
-16.5,0.11277972811635317,TEa,1
-16.5,0.13385908969475258,VIS,0
-16.5,0.4453521736756669,VIS,1
-15.5,5.309125701551711,PERI 35,0
-15.5,2.001294108050446,PERI 35,1
-15.5,10.656519632359121,PERI 36,0
-15.5,3.8004553121139426,PERI 36,1
-15.5,2.1445589656919872,TEa,0
-15.5,1.3070076533908113,TEa,1
-15.5,0.31670073571594476,VIS,0
-15.5,0.19928002879667656,VIS,1
-14.5,4.566990373773833,PERI 35,0
-14.5,2.7615912036012586,PERI 35,1
-14.5,15.313163295119011,PERI 36,0
-14.5,3.982377149001354,PERI 36,1
-14.5,1.9557603200348304,TEa,0
-14.5,0.5733977250057638,TEa,1
-14.5,0.09181184202269774,VIS,0
-14.5,0.0054547951256839755,VIS,1
-13.5,3.9336469782433587,PERI 35,0
-13.5,1.9933222482221211,PERI 35,1
-13.5,9.29560607992056,PERI 36,0
-13.5,5.500722855118117,PERI 36,1
-13.5,1.628073412322733,TEa,0
-13.5,0.22898430505135936,TEa,1
-13.5,0.09979481719596683,VIS,0
-13.5,0.20925859399112284,VIS,1
-12.5,2.8376046908215042,PERI 35,0
-12.5,0.8424959575769337,PERI 35,1
-12.5,44.97261804462556,PERI 36,0
-12.5,8.648571853192571,PERI 36,1
-12.5,1.341874813246596,TEa,0
-12.5,1.1031697991974243,TEa,1
-12.5,0.04577441537210469,VIS,0
-12.5,0.566424592407361,VIS,1
-11.5,0.3703650175069093,PERI 35,0
-11.5,1.1910158804846267,PERI 35,1
-11.5,224.52678220597247,PERI 36,0
-11.5,6.349120570376398,PERI 36,1
-11.5,0.46189812224043525,TEa,0
-11.5,0.7843384100827444,TEa,1
-11.5,0.4276905490475491,VIS,0
-11.5,0.9809846389614664,VIS,1
-10.5,0.7518613855415985,PERI 35,0
-10.5,1.6773533517629078,PERI 35,1
-10.5,162.16962520017637,PERI 36,0
-10.5,5.2366617068433765,PERI 36,1
-10.5,0.20285308921363931,TEa,0
-10.5,0.8700277563559585,TEa,1
-10.5,0.22159766612782006,VIS,0
-10.5,1.038966725026716,VIS,1
-9.5,0.9115866686777057,PERI 35,0
-9.5,0.4812953781878502,PERI 35,1
-9.5,88.08150649380258,PERI 36,0
-9.5,4.009526917001088,PERI 36,1
-9.5,2.0952436942684853,TEa,0
-9.5,0.6889334025130842,TEa,1
-9.5,0.8135647940377668,VIS,0
-9.5,1.044495128564846,VIS,1
-8.5,0.27817393032675586,PERI 35,0
-8.5,1.6996673925198622,PERI 35,1
-8.5,165.1521126013858,PERI 36,0
-8.5,5.33846003936356,PERI 36,1
-8.5,1.7897862103398712,TEa,0
-8.5,2.1380377803482213,TEa,1
-8.5,0.4368656824329251,VIS,0
-8.5,1.1087884310807006,VIS,1
-7.5,1.2590419710757703,PERI 35,0
-7.5,2.7710129923830165,PERI 35,1
-7.5,180.69247504230918,PERI 36,0
-7.5,2.733373057947666,PERI 36,1
-7.5,3.264105819401893,TEa,0
-7.5,2.78966441207192,TEa,1
-7.5,0.441042701140599,VIS,0
-7.5,1.320479233011776,VIS,1
-6.5,0.6959162555897755,PERI 35,0
-6.5,4.834863776554657,PERI 35,1
-6.5,334.1951493313587,PERI 36,0
-6.5,4.2648194032542435,PERI 36,1
-6.5,4.713943541143163,TEa,0
-6.5,2.9559034425943245,TEa,1
-6.5,0.18573234940930972,VIS,0
-6.5,1.1894795064102737,VIS,1
-5.5,0.9090531421986949,PERI 35,0
-5.5,6.557502538554591,PERI 35,1
-5.5,405.65530795806006,PERI 36,0
-5.5,5.0724660001458055,PERI 36,1
-5.5,4.555193378073103,TEa,0
-5.5,3.246631335829099,TEa,1
-5.5,0.4213075832418325,VIS,0
-5.5,1.5320242893577851,VIS,1
-4.5,2.3013692447816716,PERI 35,0
-4.5,4.779021896221128,PERI 35,1
-4.5,171.0149737762017,PERI 36,0
-4.5,2.1634962588709534,PERI 36,1
-4.5,4.188823186986947,TEa,0
-4.5,2.0044781593631424,TEa,1
-4.5,0.3524086057427559,VIS,0
-4.5,1.5060916743908792,VIS,1
-3.5,2.8743205480566605,PERI 35,0
-3.5,5.21474805815857,PERI 35,1
-3.5,37.24842434668025,PERI 36,0
-3.5,1.803488288485939,PERI 36,1
-3.5,4.437760097765723,TEa,0
-3.5,0.38751704484012595,TEa,1
-3.5,0.537951872321603,VIS,0
-3.5,1.1287010397965482,VIS,1
-2.5,3.4993632741296024,PERI 35,0
-2.5,3.5944187884094108,PERI 35,1
-2.5,9.312776454549578,PERI 36,0
-2.5,0.5114009315869967,PERI 36,1
-2.5,2.726912655221069,TEa,0
-2.5,0.024071700792331063,TEa,1
-2.5,0.6304975080255442,VIS,0
-2.5,0.6656559478841375,VIS,1
-1.5,1.2250852283720075,PERI 35,0
-1.5,2.044422921515831,PERI 35,1
-1.5,310.4809620897185,PERI 36,0
-1.5,0.8302278445705471,PERI 36,1
-1.5,2.916063434458307,TEa,0
-1.5,0.7192677095634914,TEa,1
-1.5,0.8615853559265281,VIS,0
-1.5,0.6466354175423096,VIS,1
-0.5,2.409183004422915,PERI 35,0
-0.5,0.1476742683401726,PERI 35,1
-0.5,212.62536282625626,PERI 36,0
-0.5,0.5472232853596226,PERI 36,1
-0.5,3.3933011745431285,TEa,0
-0.5,0.2921479316212845,TEa,1
-0.5,0.62448136948906,VIS,0
-0.5,0.27474335433423985,VIS,1
0.5,0.9885110621453624,PERI 35,0
0.5,0.7336483628633421,PERI 35,1
0.5,255.90215313264804,PERI 36,0
0.5,0.9903050807857892,PERI 36,1
0.5,0.6024981978648061,TEa,0
0.5,0.561322356228899,TEa,1
0.5,0.3768334409261816,VIS,0
0.5,0.31056634993980825,VIS,1
1.5,1.7865648299624226,PERI 35,0
1.5,1.9894532284571662,PERI 35,1
1.5,237.5373786845116,PERI 36,0
1.5,0.496182437537964,PERI 36,1
1.5,1.6234235665654824,TEa,0
1.5,1.7729072971315687,TEa,1
1.5,0.42031426097994573,VIS,0
1.5,0.20648122159086768,VIS,1
2.5,1.6206070381726065,PERI 35,0
2.5,1.4925033195542807,PERI 35,1
2.5,167.2096529257517,PERI 36,0
2.5,0.24386132600498667,PERI 36,1
2.5,1.7737069076319498,TEa,0
2.5,1.6414390968959691,TEa,1
2.5,0.3895352313063855,VIS,0
2.5,0.6462100771597948,VIS,1
3.5,3.6045488267792942,PERI 35,0
3.5,1.54673259259949,PERI 35,1
3.5,116.79627752467005,PERI 36,0
3.5,0.6447608559853556,PERI 36,1
3.5,1.3113395933922725,TEa,0
3.5,2.328096342023113,TEa,1
3.5,0.0875979856379085,VIS,0
3.5,0.3317811678598287,VIS,1
4.5,2.6890790561481888,PERI 35,0
4.5,0.19658626262358925,PERI 35,1
4.5,263.11604013130597,PERI 36,0
4.5,2.6059550143912578,PERI 36,1
4.5,0.1978077608694644,TEa,0
4.5,1.2523284690094103,TEa,1
4.5,0.07774099886538194,VIS,0
4.5,0.04879859893763183,VIS,1
5.5,3.075631582084167,PERI 35,0
5.5,0.24357122823837796,PERI 35,1
5.5,301.7498444385122,PERI 36,0
5.5,2.814444298965295,PERI 36,1
5.5,1.3379831761557313,TEa,0
5.5,2.2301510314069404,TEa,1
5.5,0.2471717113389664,VIS,0
5.5,0.13639143977648138,VIS,1
6.5,1.2274389448718739,PERI 35,0
6.5,0.3805495962624488,PERI 35,1
6.5,245.57634881127294,PERI 36,0
6.5,2.3968442729065944,PERI 36,1
6.5,0.3987334684757724,TEa,0
6.5,0.4358116864092585,TEa,1
6.5,0.23948645134556834,VIS,0
6.5,0.031935380659578794,VIS,1
7.5,0.14749832827236672,PERI 35,0
7.5,0.28296321577754724,PERI 35,1
7.5,226.31219048818662,PERI 36,0
7.5,1.905772384267691,PERI 36,1
7.5,0.28134218358735286,TEa,0
7.5,0.395409992761655,TEa,1
7.5,0.40270692083475107,VIS,0
7.5,0.1902237708306982,VIS,1
8.5,1.3645489641934474,PERI 35,0
8.5,2.0970396323354965,PERI 35,1
8.5,149.87972515425065,PERI 36,0
8.5,0.4856102693335005,PERI 36,1
8.5,0.5539513773859386,TEa,0
8.5,0.6267967821813072,TEa,1
8.5,0.27867404122239,VIS,0
8.5,0.2038042445708086,VIS,1
9.5,1.6553224490073462,PERI 35,0
9.5,1.7298697066538014,PERI 35,1
9.5,172.57011692283828,PERI 36,0
9.5,2.3781421291641482,PERI 36,1
9.5,0.23226472762623196,TEa,0
9.5,0.7560694007250501,TEa,1
9.5,0.15393300374162205,VIS,0
9.5,0.003935485292617447,VIS,1
10.5,2.8458647030236,PERI 35,0
10.5,2.7149371766633177,PERI 35,1
10.5,108.67979401208298,PERI 36,0
10.5,1.851394680939701,PERI 36,1
10.5,0.17863805675530608,TEa,0
10.5,1.1380751018584199,TEa,1
10.5,0.07280450267756822,VIS,0
10.5,0.07263030956925465,VIS,1
11.5,3.481672595366076,PERI 35,0
11.5,2.4484455221223858,PERI 35,1
11.5,114.70486807967997,PERI 36,0
11.5,3.2489335880846877,PERI 36,1
11.5,0.12429985311972569,TEa,0
11.5,1.1202794838855807,TEa,1
11.5,0.23645033799657358,VIS,0
11.5,0.200105228094682,VIS,1
12.5,2.85848717496373,PERI 35,0
12.5,3.2365034036724287,PERI 35,1
12.5,158.56169246147653,PERI 36,0
12.5,4.1332704945613585,PERI 36,1
12.5,0.23604795837388304,TEa,0
12.5,0.6431522651725277,TEa,1
12.5,0.7961809966802987,VIS,0
12.5,0.3074663069089134,VIS,1
13.5,2.5105220726384068,PERI 35,0
13.5,0.6752726566253617,PERI 35,1
13.5,170.89516204503053,PERI 36,0
13.5,6.017169715140866,PERI 36,1
13.5,1.051652707037166,TEa,0
13.5,0.4676309349870289,TEa,1
13.5,0.7311242415586563,VIS,0
13.5,0.49584350121133736,VIS,1
14.5,2.8544083442615165,PERI 35,0
14.5,0.7806673427190143,PERI 35,1
14.5,64.03685615117412,PERI 36,0
14.5,4.266379511264399,PERI 36,1
14.5,1.43080316639341,TEa,0
14.5,0.2316311977729768,TEa,1
14.5,0.6707915185675,VIS,0
14.5,0.38704650967381315,VIS,1
15.5,2.1201252118203047,PERI 35,0
15.5,0.10377261907991464,PERI 35,1
15.5,98.55090992675746,PERI 36,0
15.5,3.7707419303986116,PERI 36,1
15.5,1.340972399387663,TEa,0
15.5,0.46451520627016607,TEa,1
15.5,0.9577101871739494,VIS,0
15.5,0.7650495391874095,VIS,1
16.5,1.6170138995672882,PERI 35,0
16.5,0.2592179844853044,PERI 35,1
16.5,63.57677171579293,PERI 36,0
16.5,1.4063559138917034,PERI 36,1
16.5,2.0391305091104273,TEa,0
16.5,0.18564036215592727,TEa,1
16.5,0.6810570384163248,VIS,0
16.5,0.538863865692917,VIS,1
17.5,1.2520594515041101,PERI 35,0
17.5,0.1912442709882587,PERI 35,1
17.5,15.745722175867463,PERI 36,0
17.5,0.7038860069568538,PERI 36,1
17.5,1.8036459460256646,TEa,0
17.5,0.9380009981819843,TEa,1
17.5,0.38817877779347043,VIS,0
17.5,0.6267453518737007,VIS,1
18.5,2.0801703931436633,PERI 35,0
18.5,1.2279403400653244,PERI 35,1
18.5,10.779927390987389,PERI 36,0
18.5,1.3056075182135933,PERI 36,1
18.5,1.318180429051791,TEa,0
18.5,0.5847978944222605,TEa,1
18.5,0.31753976619293445,VIS,0
18.5,0.4629097433609235,VIS,1
19.5,1.8795771527786709,PERI 35,0
19.5,0.528784500326001,PERI 35,1
19.5,15.433681361192875,PERI 36,0
19.5,0.7578160489134473,PERI 36,1
19.5,0.9617193180381642,TEa,0
19.5,0.813441991775824,TEa,1
19.5,0.4014051046128171,VIS,0
19.5,0.7166587506816173,VIS,1
20.5,2.790689202469565,PERI 35,0
20.5,0.9843590641542388,PERI 35,1
20.5,5.0348243264606225,PERI 36,0
20.5,0.49211883738268797,PERI 36,1
20.5,1.1558123880714974,TEa,0
20.5,1.182935293387502,TEa,1
20.5,0.27736467330946474,VIS,0
20.5,0.4439759929526532,VIS,1
21.5,3.3987739777322563,PERI 35,0
21.5,2.9182869427709455,PERI 35,1
21.5,9.698678289361531,PERI 36,0
21.5,0.3533308968609005,PERI 36,1
21.5,0.33911199006407555,TEa,0
21.5,0.1586861858612445,TEa,1
21.5,0.4502424169496143,VIS,0
21.5,0.46786455598114385,VIS,1
22.5,3.9773490368294198,PERI 35,0
22.5,2.68202818573329,PERI 35,1
22.5,29.03896014196856,PERI 36,0
22.5,2.9579627859582476,PERI 36,1
22.5,0.6903435814003616,TEa,0
22.5,1.6731987031646047,TEa,1
22.5,0.5459301658125055,VIS,0
22.5,0.1738893458570283,VIS,1
23.5,3.2764470774257037,PERI 35,0
23.5,2.6466491518669044,PERI 35,1
23.5,147.44531893107956,PERI 36,0
23.5,4.94719804481593,PERI 36,1
23.5,1.0137170222518506,TEa,0
23.5,1.876927528308737,TEa,1
23.5,0.6691398222591229,VIS,0
23.5,0.4855149385231248,VIS,1
24.5,2.3134602223496925,PERI 35,0
24.5,3.482123208789836,PERI 35,1
24.5,162.2699898734712,PERI 36,0
24.5,4.031124935990182,PERI 36,1
24.5,1.6636076565671702,TEa,0
24.5,2.3429519682570485,TEa,1
24.5,0.3762895491193719,VIS,0
24.5,0.5918978933557022,VIS,1
25.5,1.7639542882249641,PERI 35,0
25.5,3.2060230653086994,PERI 35,1
25.5,104.0503278287408,PERI 36,0
25.5,4.603289488483899,PERI 36,1
25.5,1.9208148760576276,TEa,0
25.5,2.89366923513415,TEa,1
25.5,0.5271339782651332,VIS,0
25.5,0.4360321158264837,VIS,1
26.5,1.7123256881174447,PERI 35,0
26.5,2.206477626900409,PERI 35,1
26.5,110.5353113583679,PERI 36,0
26.5,4.564520496752434,PERI 36,1
26.5,2.2099047510773637,TEa,0
26.5,3.176329648313993,TEa,1
26.5,0.8700795760468474,VIS,0
26.5,0.23176883191115594,VIS,1
27.5,2.5727778098552827,PERI 35,0
27.5,0.41264178541017515,PERI 35,1
27.5,75.3952819738756,PERI 36,0
27.5,6.119063148089034,PERI 36,1
27.5,2.561407675033606,TEa,0
27.5,0.902078324351749,TEa,1
27.5,0.8885828501858742,VIS,0
27.5,0.4185787878620959,VIS,1
28.5,3.331752063251876,PERI 35,0
28.5,1.1908778200638503,PERI 35,1
28.5,1.241873674172611,PERI 36,0
28.5,3.4079612402069284,PERI 36,1
28.5,2.9886374750986655,TEa,0
28.5,0.01649404849139291,TEa,1
28.5,0.9711386910834484,VIS,0
28.5,0.16276276241299037,VIS,1
29.5,4.540944814057322,PERI 35,0
29.5,0.46543149885267954,PERI 35,1
29.5,33.81474069086588,PERI 36,0
29.5,5.529131651685279,PERI 36,1
29.5,3.1143521680444755,TEa,0
29.5,0.43755490875065384,TEa,1
29.5,1.4675310278793645,VIS,0
29.5,0.32280636139150487,VIS,1
30.5,4.368207851986691,PERI 35,0
30.5,0.01710886666752698,PERI 35,1
30.5,60.2614094117055,PERI 36,0
30.5,4.282207989530645,PERI 36,1
30.5,2.9986266455258987,TEa,0
30.5,1.6788631838316157,TEa,1
30.5,1.201936716986195,VIS,0
30.5,0.034777071892631906,VIS,1
31.5,3.453162514308306,PERI 35,0
31.5,0.4550023463467445,PERI 35,1
31.5,56.75729897549773,PERI 36,0
31.5,3.589635793466303,PERI 36,1
31.5,3.1756412968885885,TEa,0
31.5,1.8428310642562635,TEa,1
31.5,1.0107748112650892,VIS,0
31.5,0.11166581116364149,VIS,1
32.5,2.6994421065281693,PERI 35,0
32.5,2.88647519605973,PERI 35,1
32.5,114.36866590937422,PERI 36,0
32.5,2.5529065350978373,PERI 36,1
32.5,2.997739608451507,TEa,0
32.5,0.08174533996361122,TEa,1
32.5,0.7085076805648933,VIS,0
32.5,0.005760925870154088,VIS,1
33.5,2.3722526810201225,PERI 35,0
33.5,2.2664424703987494,PERI 35,1
33.5,99.47540809505635,PERI 36,0
33.5,2.5454645172712302,PERI 36,1
33.5,2.441483280176545,TEa,0
33.5,0.13573382147528967,TEa,1
33.5,0.48257167783509,VIS,0
33.5,0.061639495688988744,VIS,1
34.5,0.6678104206130935,PERI 35,0
34.5,1.852244985660099,PERI 35,1
34.5,113.90786937104201,PERI 36,0
34.5,1.2206923163804797,PERI 36,1
34.5,2.1557718791189875,TEa,0
34.5,0.828435750740327,TEa,1
34.5,0.04747612025705661,VIS,0
34.5,0.30485391857203203,VIS,1
35.5,0.45166899015679185,PERI 35,0
35.5,1.0619874288882496,PERI 35,1
35.5,241.02272579947032,PERI 36,0
35.5,1.0590970862608593,PERI 36,1
35.5,2.0263029794114167,TEa,0
35.5,1.2919115138751684,TEa,1
35.5,0.06205162156669747,VIS,0
35.5,0.29088215485912783,VIS,1
36.5,0.5795487231819951,PERI 35,0
36.5,0.24232613566614658,PERI 35,1
36.5,259.0470260931825,PERI 36,0
36.5,0.45267951542410856,PERI 36,1
36.5,2.3605985016531337,TEa,0
36.5,1.937472358939099,TEa,1
36.5,0.1794257866796242,VIS,0
36.5,0.20776605827768835,VIS,1
37.5,1.4821994740832218,PERI 35,0
37.5,0.11334639370764688,PERI 35,1
37.5,258.8286981048243,PERI 36,0
37.5,2.5177766614300747,PERI 36,1
37.5,2.269616012623082,TEa,0
37.5,2.5124776075745907,TEa,1
37.5,0.14291368077766764,VIS,0
37.5,0.034528905291566714,VIS,1
38.5,1.6264403380626749,PERI 35,0
38.5,0.6514445586394029,PERI 35,1
38.5,215.23268285085535,PERI 36,0
38.5,3.3159976484104217,PERI 36,1
38.5,2.785158951960703,TEa,0
38.5,4.002706396650009,TEa,1
38.5,0.19141080153701812,VIS,0
38.5,0.0447200879805969,VIS,1
39.5,0.7174534303803487,PERI 35,0
39.5,0.029156187630546615,PERI 35,1
39.5,224.18872317601858,PERI 36,0
39.5,0.19087590020595613,PERI 36,1
39.5,3.041661200041278,TEa,0
39.5,3.851688840838627,TEa,1
39.5,0.1815489328047243,VIS,0
39.5,0.12750578514505384,VIS,1
40.5,0.9477805083360429,PERI 35,0
40.5,0.8445639942292571,PERI 35,1
40.5,193.684611458889,PERI 36,0
40.5,2.3182952433995148,PERI 36,1
40.5,2.9659308324309666,TEa,0
40.5,5.180236708946607,TEa,1
40.5,0.14438749809254942,VIS,0
40.5,0.18745155481251574,VIS,1
41.5,0.36656445949561045,PERI 35,0
41.5,0.5005447832693228,PERI 35,1
41.5,229.4750584619894,PERI 36,0
41.5,3.544815256928234,PERI 36,1
41.5,2.2207632304295535,TEa,0
41.5,4.741609030856179,TEa,1
41.5,0.1014511113151656,VIS,0
41.5,0.29635248559622995,VIS,1
42.5,0.8979051404718783,PERI 35,0
42.5,0.5018141345675109,PERI 35,1
42.5,283.80607718188014,PERI 36,0
42.5,4.790875482092485,PERI 36,1
42.5,2.061070666917397,TEa,0
42.5,5.017188146057679,TEa,1
42.5,0.16052141267155928,VIS,0
42.5,0.89047374348211,VIS,1
43.5,1.041233723833226,PERI 35,0
43.5,1.0281627055969897,PERI 35,1
43.5,322.44880276426386,PERI 36,0
43.5,7.848089820074653,PERI 36,1
43.5,1.9578269615223187,TEa,0
43.5,4.893235784686746,TEa,1
43.5,0.7968332068283365,VIS,0
43.5,1.255231250181696,VIS,1
44.5,1.1269290714745221,PERI 35,0
44.5,0.2683732895306157,PERI 35,1
44.5,355.59002467180153,PERI 36,0
44.5,7.8004475675611795,PERI 36,1
44.5,1.4822082049141638,TEa,0
44.5,3.9211812522705345,TEa,1
44.5,1.4342201000836339,VIS,0
44.5,1.9647862560433116,VIS,1
45.5,0.9534291802952967,PERI 35,0
45.5,0.3190967711672883,PERI 35,1
45.5,429.0172304502657,PERI 36,0
45.5,3.7511329498694703,PERI 36,1
45.5,0.829566300546849,TEa,0
45.5,4.984036722214013,TEa,1
45.5,1.8106129295376514,VIS,0
45.5,1.9844280499323057,VIS,1
46.5,1.930932937695619,PERI 35,0
46.5,0.45115987332693663,PERI 35,1
46.5,557.2133224173413,PERI 36,0
46.5,2.9015178414417786,PERI 36,1
46.5,1.4570653315752633,TEa,0
46.5,5.057842444905113,TEa,1
46.5,1.7880255818068047,VIS,0
46.5,2.306582112125485,VIS,1
47.5,1.2887927586451793,PERI 35,0
47.5,0.553199541457579,PERI 35,1
47.5,464.2466136850231,PERI 36,0
47.5,4.824808478855422,PERI 36,1
47.5,1.7376437778677403,TEa,0
47.5,4.735983336816556,TEa,1
47.5,1.9699599779654249,VIS,0
47.5,1.7758718238716324,VIS,1
48.5,2.2879032956446537,PERI 35,0
48.5,0.9110251147789521,PERI 35,1
48.5,640.394533713912,PERI 36,0
48.5,5.844465819392321,PERI 36,1
48.5,1.4979238578475336,TEa,0
48.5,5.991247101000329,TEa,1
48.5,1.3270765368052122,VIS,0
48.5,1.9023607029404621,VIS,1
49.5,3.5083783412528398,PERI 35,0
49.5,0.811400739600673,PERI 35,1
49.5,556.8503882012519,PERI 36,0
49.5,4.37629913011931,PERI 36,1
49.5,1.7185919872875342,TEa,0
49.5,8.949066478173199,TEa,1
49.5,0.703815892042382,VIS,0
49.5,1.519617505496858,VIS,1
50.5,2.1680803622632094,PERI 35,0
50.5,0.18278585601513875,PERI 35,1
50.5,521.9219243841007,PERI 36,0
50.5,6.797767213445754,PERI 36,1
50.5,2.5860419148056137,TEa,0
50.5,8.188478967335987,TEa,1
50.5,0.4973198461291484,VIS,0
50.5,1.7997198103530379,VIS,1
51.5,2.3242438008598683,PERI 35,0
51.5,0.7550259787615969,PERI 35,1
51.5,426.00082903798045,PERI 36,0
51.5,9.076123056486967,PERI 36,1
51.5,2.6316884381184398,TEa,0
51.5,7.923948975731519,TEa,1
51.5,0.5165138612309796,VIS,0
51.5,1.6906552839037938,VIS,1
52.5,2.800554314755651,PERI 35,0
52.5,3.3696180909253597,PERI 35,1
52.5,450.8982926613164,PERI 36,0
52.5,6.78203133550351,PERI 36,1
52.5,2.368809067032098,TEa,0
52.5,8.585793222731446,TEa,1
52.5,0.08331336185841232,VIS,0
52.5,1.9853958288021907,VIS,1
53.5,4.16877767688065,PERI 35,0
53.5,3.6359743862241114,PERI 35,1
53.5,201.1434849325577,PERI 36,0
53.5,3.037525716717088,PERI 36,1
53.5,2.625440231667554,TEa,0
53.5,5.4709645192992244,TEa,1
53.5,0.08170666514942648,VIS,0
53.5,1.8613214728118899,VIS,1
54.5,3.3502426093513833,PERI 35,0
54.5,3.0364005681473962,PERI 35,1
54.5,140.92745102772335,PERI 36,0
54.5,3.170333377094363,PERI 36,1
54.5,2.724464205734555,TEa,0
54.5,4.02302331905935,TEa,1
54.5,0.2576010680563301,VIS,0
54.5,1.6945086665102624,VIS,1
55.5,3.750411860926187,PERI 35,0
55.5,3.633668138957265,PERI 35,1
55.5,37.915097417955025,PERI 36,0
55.5,2.981198195320566,PERI 36,1
55.5,1.941845065004735,TEa,0
55.5,3.2385937899866706,TEa,1
55.5,0.0627626031221552,VIS,0
55.5,1.6740425184603631,VIS,1
56.5,3.202798620318177,PERI 35,0
56.5,1.9290980173327994,PERI 35,1
56.5,188.2309024993423,PERI 36,0
56.5,2.169310816420804,PERI 36,1
56.5,1.4524720174697787,TEa,0
56.5,3.9739522182970997,TEa,1
56.5,0.32164362788555,VIS,0
56.5,1.8650518169730192,VIS,1
57.5,4.753360293130985,PERI 35,0
57.5,1.0873445515237217,PERI 35,1
57.5,216.81260238631847,PERI 36,0
57.5,2.7260647018745097,PERI 36,1
57.5,1.754596793962007,TEa,0
57.5,3.8110475541025113,TEa,1
57.5,0.30317089115726625,VIS,0
57.5,1.8401831737480168,VIS,1
58.5,3.188809033244742,PERI 35,0
58.5,2.000379068459574,PERI 35,1
58.5,238.91962574706434,PERI 36,0
58.5,2.720910961280155,PERI 36,1
58.5,1.2185642705003303,TEa,0
58.5,4.902510472778472,TEa,1
58.5,0.3321773782957211,VIS,0
58.5,1.7975366110283861,VIS,1
59.5,2.799952718136951,PERI 35,0
59.5,2.3958666826808988,PERI 35,1
59.5,227.5747968496063,PERI 36,0
59.5,0.14000376693243588,PERI 36,1
59.5,0.6246807784227015,TEa,0
59.5,4.685553873969329,TEa,1
59.5,0.28488815400934436,VIS,0
59.5,1.6896182078758613,VIS,1
60.5,2.483013285407781,PERI 35,0
60.5,1.8600042281344389,PERI 35,1
60.5,134.57129678242734,PERI 36,0
60.5,0.05865313861197663,PERI 36,1
60.5,1.0787848948408925,TEa,0
60.5,4.618279893338911,TEa,1
60.5,0.04016420466830173,VIS,0
60.5,1.5410875987137658,VIS,1
61.5,0.8874855663333543,PERI 35,0
61.5,1.9844627880106789,PERI 35,1
61.5,67.82914199947605,PERI 36,0
61.5,0.8387325391384444,PERI 36,1
61.5,1.0480633926107874,TEa,0
61.5,3.3397420620463807,TEa,1
61.5,0.13027457155822453,VIS,0
61.5,1.402054610332354,VIS,1
62.5,0.782986784869608,PERI 35,0
62.5,1.01276772173054,PERI 35,1
62.5,55.48825728408784,PERI 36,0
62.5,2.137924265889792,PERI 36,1
62.5,0.7105474306637871,TEa,0
62.5,3.196302346997239,TEa,1
62.5,0.3326769619743422,VIS,0
62.5,1.404724393809908,VIS,1
63.5,0.38789477390769345,PERI 35,0
63.5,0.1552321525544893,PERI 35,1
63.5,54.88860789591837,PERI 36,0
63.5,1.7600804471460627,PERI 36,1
63.5,1.3421798633009796,TEa,0
63.5,3.828516572001165,TEa,1
63.5,0.49411907958778806,VIS,0
63.5,1.2886391202665346,VIS,1
64.5,0.2610342954710873,PERI 35,0
64.5,0.03616096213817954,PERI 35,1
64.5,104.71059611987232,PERI 36,0
64.5,0.39347772493234956,PERI 36,1
64.5,2.1012132590423493,TEa,0
64.5,3.799528907722332,TEa,1
64.5,0.21162878365414162,VIS,0
64.5,1.1490074031798847,VIS,1
65.5,0.44516194769822653,PERI 35,0
65.5,0.18348646151606496,PERI 35,1
65.5,83.86855059338967,PERI 36,0
65.5,1.5550548989119886,PERI 36,1
65.5,2.2725698895184814,TEa,0
65.5,4.363338717904206,TEa,1
65.5,0.19948661131040865,VIS,0
65.5,0.8893258115970724,VIS,1
66.5,1.8175331298298993,PERI 35,0
66.5,1.5006856657100562,PERI 35,1
66.5,43.78863997210687,PERI 36,0
66.5,2.985720363399742,PERI 36,1
66.5,2.597494570697001,TEa,0
66.5,5.608420899248372,TEa,1
66.5,0.3594142419778035,VIS,0
66.5,0.6282595497881078,VIS,1
67.5,2.3729337526729632,PERI 35,0
67.5,1.1817611731652435,PERI 35,1
67.5,81.30133732373173,PERI 36,0
67.5,4.7791127442006145,PERI 36,1
67.5,3.7889249363675903,TEa,0
67.5,4.76039790704347,TEa,1
67.5,0.250279435517638,VIS,0
67.5,0.35935827608044313,VIS,1
68.5,2.378808461259588,PERI 35,0
68.5,0.32959306307181024,PERI 35,1
68.5,63.81951494897841,PERI 36,0
68.5,5.344187546011829,PERI 36,1
68.5,3.6642122040809366,TEa,0
68.5,3.710218554129967,TEa,1
68.5,0.06607484382584591,VIS,0
68.5,0.2250959598439496,VIS,1
69.5,2.7010610193631677,PERI 35,0
69.5,0.12971658454379154,PERI 35,1
69.5,140.8061463481613,PERI 36,0
69.5,5.076321149181876,PERI 36,1
69.5,3.373850841212489,TEa,0
69.5,3.7400676678238893,TEa,1
69.5,0.21472311624109017,VIS,0
69.5,0.13131105910838803,VIS,1
70.5,2.9204752305782256,PERI 35,0
70.5,0.82256454708232,PERI 35,1
70.5,140.8086570864193,PERI 36,0
70.5,5.185083515802177,PERI 36,1
70.5,3.35095774828603,TEa,0
70.5,3.371772622387309,TEa,1
70.5,0.08596529187560609,VIS,0
70.5,0.37510782905483464,VIS,1
71.5,3.247280088875507,PERI 35,0
71.5,0.7205416229835164,PERI 35,1
71.5,155.41178727542817,PERI 36,0
71.5,5.93290295025229,PERI 36,1
71.5,3.4257796220136036,TEa,0
71.5,2.522265584515128,TEa,1
71.5,0.26882923682757487,VIS,0
71.5,0.44051552483090184,VIS,1
72.5,1.4469403525653401,PERI 35,0
72.5,0.25266613285727013,PERI 35,1
72.5,122.23489028150364,PERI 36,0
72.5,5.562896224890753,PERI 36,1
72.5,2.3049609865845726,TEa,0
72.5,2.2271624629653144,TEa,1
72.5,0.47167154156489466,VIS,0
72.5,0.6336509842948909,VIS,1
73.5,1.0590404174998092,PERI 35,0
73.5,0.12802206082712053,PERI 35,1
73.5,108.47642265057273,PERI 36,0
73.5,6.000731887998824,PERI 36,1
73.5,2.3001356045969823,TEa,0
73.5,1.5264446282781265,TEa,1
73.5,0.6979356252443655,VIS,0
73.5,0.5750120685381727,VIS,1
74.5,1.5152767060508732,PERI 35,0
74.5,0.7174219855092585,PERI 35,1
74.5,51.58122043224791,PERI 36,0
74.5,6.12525000190494,PERI 36,1
74.5,2.799744552884654,TEa,0
74.5,0.9726827270637242,TEa,1
74.5,0.5431758210306743,VIS,0
74.5,0.9058703787745116,VIS,1
75.5,1.4042221040391942,PERI 35,0
75.5,1.5515943293521581,PERI 35,1
75.5,60.035159458512304,PERI 36,0
75.5,5.21984686420217,PERI 36,1
75.5,2.312724907875779,TEa,0
75.5,0.7012616863855046,TEa,1
75.5,0.7214130276491577,VIS,0
75.5,0.6075011998301992,VIS,1
76.5,0.7819820126748935,PERI 35,0
76.5,0.668303435149396,PERI 35,1
76.5,98.31213942270486,PERI 36,0
76.5,4.298276936215865,PERI 36,1
76.5,2.295226239091961,TEa,0
76.5,1.3369756536503985,TEa,1
76.5,0.5592078185784426,VIS,0
76.5,0.5437802330260083,VIS,1
77.5,0.8542703021743653,PERI 35,0
77.5,1.328420895381761,PERI 35,1
77.5,17.413779917181714,PERI 36,0
77.5,0.31464035040674876,PERI 36,1
77.5,2.732030447046953,TEa,0
77.5,1.099658804601901,TEa,1
77.5,0.5350290166218508,VIS,0
77.5,0.30584101569895505,VIS,1
78.5,0.8416715148630193,PERI 35,0
78.5,1.741298271530486,PERI 35,1
78.5,51.63302534777507,PERI 36,0
78.5,0.23078085611194687,PERI 36,1
78.5,2.7205696080154915,TEa,0
78.5,1.8632755609243228,TEa,1
78.5,0.34237205223600664,VIS,0
78.5,0.27691890031510413,VIS,1
79.5,0.031492073609902305,PERI 35,0
79.5,2.4746130231097863,PERI 35,1
79.5,73.36387784196522,PERI 36,0
79.5,0.6549104540916426,PERI 36,1
79.5,1.985870773861227,TEa,0
79.5,1.8843063162219909,TEa,1
79.5,0.5479689203080533,VIS,0
79.5,0.04630257390142134,VIS,1
80.5,0.4580467736671936,PERI 35,0
80.5,2.3246499025514042,PERI 35,1
80.5,105.3161224814602,PERI 36,0
80.5,2.73250687783176,PERI 36,1
80.5,2.7485495325352844,TEa,0
80.5,0.8523345800756679,TEa,1
80.5,0.6883135325010787,VIS,0
80.5,0.05983366895821951,VIS,1
81.5,0.20633352038870306,PERI 35,0
81.5,2.6043909466606707,PERI 35,1
81.5,214.00735530618647,PERI 36,0
81.5,1.8885041933196867,PERI 36,1
81.5,2.882994249068947,TEa,0
81.5,0.21881731597451015,TEa,1
81.5,0.7860188092647864,VIS,0
81.5,0.11007322720927926,VIS,1
82.5,0.7752399873846609,PERI 35,0
82.5,1.5811084256956955,PERI 35,1
82.5,144.83767558174134,PERI 36,0
82.5,0.38181563254584905,PERI 36,1
82.5,2.80230715407954,TEa,0
82.5,1.2782923497213283,TEa,1
82.5,0.7241075948968568,VIS,0
82.5,0.1416139447316651,VIS,1
83.5,1.6748249284514287,PERI 35,0
83.5,1.6635068152924468,PERI 35,1
83.5,136.53954906950418,PERI 36,0
83.5,1.8375355324712657,PERI 36,1
83.5,2.7663692508757,TEa,0
83.5,1.5422920202316481,TEa,1
83.5,0.9901489306948035,VIS,0
83.5,0.04729214232197276,VIS,1
84.5,2.0417996495081163,PERI 35,0
84.5,0.9416115400779255,PERI 35,1
84.5,180.76251276609827,PERI 36,0
84.5,1.7298147619193696,PERI 36,1
84.5,4.00971695921161,TEa,0
84.5,2.0701228214790426,TEa,1
84.5,1.0508863356879619,VIS,0
84.5,0.06286086347953013,VIS,1
85.5,1.4817356468120908,PERI 35,0
85.5,1.189961221987987,PERI 35,1
85.5,235.05252043576795,PERI 36,0
85.5,0.8900628387014451,PERI 36,1
85.5,4.879010264646254,TEa,0
85.5,1.6399305521904033,TEa,1
85.5,0.9936384350244145,VIS,0
85.5,0.3247169681371689,VIS,1
86.5,2.1491078793900362,PERI 35,0
86.5,1.0479075358000736,PERI 35,1
86.5,236.53500555850263,PERI 36,0
86.5,3.7611094033059005,PERI 36,1
86.5,5.052041966775069,TEa,0
86.5,2.27718701273268,TEa,1
86.5,0.49437449536976114,VIS,0
86.5,0.28966165954924816,VIS,1
87.5,3.132682448695671,PERI 35,0
87.5,0.6309882821199264,PERI 35,1
87.5,187.573020384687,PERI 36,0
87.5,4.983134259134566,PERI 36,1
87.5,5.186808014864707,TEa,0
87.5,1.5444632085640109,TEa,1
87.5,0.4048797372694528,VIS,0
87.5,0.5401749752437525,VIS,1
88.5,3.624880131952273,PERI 35,0
88.5,0.47217942206922325,PERI 35,1
88.5,233.59381057756053,PERI 36,0
88.5,2.5199038404082437,PERI 36,1
88.5,4.788234409078962,TEa,0
88.5,1.480034241072342,TEa,1
88.5,0.488673280448395,VIS,0
88.5,0.6594130218269186,VIS,1
89.5,4.48997047015851,PERI 35,0
89.5,0.23404700893625607,PERI 35,1
89.5,175.7302339723837,PERI 36,0
89.5,3.6865080428455257,PERI 36,1
89.5,4.25222511377169,TEa,0
89.5,1.45765418846366,TEa,1
89.5,0.2191687921269846,VIS,0
89.5,0.4978086471517119,VIS,1
90.5,5.590156809710147,PERI 35,0
90.5,0.09081796222723426,PERI 35,1
90.5,126.24117553208697,PERI 36,0
90.5,1.9765775247303683,PERI 36,1
90.5,3.546771853651864,TEa,0
90.5,1.5164578062574252,TEa,1
90.5,0.26292429302105363,VIS,0
90.5,0.41473833812906724,VIS,1
91.5,6.498623457684513,PERI 35,0
91.5,0.7673393132312398,PERI 35,1
91.5,114.41306430710787,PERI 36,0
91.5,1.8356957342753075,PERI 36,1
91.5,3.2085718793690776,TEa,0
91.5,0.23631955289042272,TEa,1
91.5,1.0109221171659608,VIS,0
91.5,0.18875414253046874,VIS,1
92.5,4.175408724503349,PERI 35,0
92.5,1.1130997727138758,PERI 35,1
92.5,258.6615187018792,PERI 36,0
92.5,0.952775984903246,PERI 36,1
92.5,3.041217128696572,TEa,0
92.5,0.14085287250108536,TEa,1
92.5,1.0821194166254011,VIS,0
92.5,0.04223214882679227,VIS,1
93.5,2.9669407381153574,PERI 35,0
93.5,0.04959630191614939,PERI 35,1
93.5,186.0645442777957,PERI 36,0
93.5,3.674084766197918,PERI 36,1
93.5,3.8716288152267073,TEa,0
93.5,0.9854938090216203,TEa,1
93.5,1.0541503719562353,VIS,0
93.5,0.01745192413394414,VIS,1
94.5,1.691073575574706,PERI 35,0
94.5,0.007156022416424435,PERI 35,1
94.5,176.1519454773073,PERI 36,0
94.5,2.4133233501539575,PERI 36,1
94.5,3.1582035613439037,TEa,0
94.5,0.5503374180236973,TEa,1
94.5,1.3582881967679108,VIS,0
94.5,0.27422561740535234,VIS,1
95.5,1.6674120682642977,PERI 35,0
95.5,0.58182625026839,PERI 35,1
95.5,299.1482004610656,PERI 36,0
95.5,0.9859049839891441,PERI 36,1
95.5,3.014256634629606,TEa,0
95.5,1.310201365123275,TEa,1
95.5,1.3352335094701566,VIS,0
95.5,0.16287085158081088,VIS,1
96.5,0.2207628892578083,PERI 35,0
96.5,0.6724932198631987,PERI 35,1
96.5,240.15149441772348,PERI 36,0
96.5,1.1037636044616876,PERI 36,1
96.5,2.8707329862612325,TEa,0
96.5,1.7602165025504375,TEa,1
96.5,1.1502536996206467,VIS,0
96.5,0.3252569436458667,VIS,1
97.5,0.14764653846303577,PERI 35,0
97.5,0.002683908506409427,PERI 35,1
97.5,161.81820605701984,PERI 36,0
97.5,1.7363357093084213,PERI 36,1
97.5,3.6461272716549487,TEa,0
97.5,2.05560845703715,TEa,1
97.5,0.8542228529403254,VIS,0
97.5,0.27369728225247403,VIS,1
98.5,1.3817031712730647,PERI 35,0
98.5,3.3432642169644686,PERI 35,1
98.5,177.11187164611346,PERI 36,0
98.5,1.025659079878844,PERI 36,1
98.5,3.721082222696439,TEa,0
98.5,1.1653481024811585,TEa,1
98.5,0.8899276216022728,VIS,0
98.5,0.3404679756677513,VIS,1
99.5,1.481846768223259,PERI 35,0
99.5,3.5730391634042684,PERI 35,1
99.5,352.8010787647416,PERI 36,0
99.5,2.6434967992153124,PERI 36,1
99.5,4.971616927255763,TEa,0
99.5,1.6037551386891598,TEa,1
99.5,0.814330887022723,VIS,0
99.5,0.08737170774167513,VIS,1
100.5,1.6130187038992294,PERI 35,0
100.5,5.673757666245546,PERI 35,1
100.5,209.25791063643052,PERI 36,0
100.5,0.3787748315917847,PERI 36,1
100.5,4.69097200611835,TEa,0
100.5,1.052348853926814,TEa,1
100.5,0.7368046976960556,VIS,0
100.5,0.022242095395315298,VIS,1
101.5,1.0294395239065661,PERI 35,0
101.5,5.234725871472973,PERI 35,1
101.5,257.9680615250231,PERI 36,0
101.5,0.7162478393829641,PERI 36,1
101.5,4.901366576791773,TEa,0
101.5,0.9984761754553979,TEa,1
101.5,0.9162018838445576,VIS,0
101.5,0.1463030417038802,VIS,1
102.5,1.1666263759012325,PERI 35,0
102.5,6.4679064735583305,PERI 35,1
102.5,323.68305725940894,PERI 36,0
102.5,1.9579251258480346,PERI 36,1
102.5,3.96228536865111,TEa,0
102.5,0.42297877694655783,TEa,1
102.5,1.5792691821035802,VIS,0
102.5,0.05578310444510848,VIS,1
103.5,1.3142931196027388,PERI 35,0
103.5,4.699728708664564,PERI 35,1
103.5,303.72678327272047,PERI 36,0
103.5,6.603090866288995,PERI 36,1
103.5,4.33528566022593,TEa,0
103.5,0.7434965469129495,TEa,1
103.5,1.5490009832141038,VIS,0
103.5,0.32587259445245154,VIS,1
104.5,0.026006344276824134,PERI 35,0
104.5,6.263378180022926,PERI 35,1
104.5,162.33447832901703,PERI 36,0
104.5,3.479934828819357,PERI 36,1
104.5,3.8227834238402627,TEa,0
104.5,1.3870342019258124,TEa,1
104.5,1.403764174337788,VIS,0
104.5,0.33193908963746044,VIS,1
105.5,1.0796859709569206,PERI 35,0
105.5,4.460427359526887,PERI 35,1
105.5,230.71333994244762,PERI 36,0
105.5,2.2328793843538897,PERI 36,1
105.5,3.989303534662047,TEa,0
105.5,0.9688780848262186,TEa,1
105.5,1.5931313951266244,VIS,0
105.5,0.44299969292091634,VIS,1
106.5,0.8085188129608556,PERI 35,0
106.5,4.069362773715296,PERI 35,1
106.5,188.92697182824355,PERI 36,0
106.5,2.6452858930270056,PERI 36,1
106.5,3.649440687880227,TEa,0
106.5,0.6372898236138216,TEa,1
106.5,0.9205860485982942,VIS,0
106.5,0.23623904027187126,VIS,1
107.5,0.0026082644446914216,PERI 35,0
107.5,3.730126885689506,PERI 35,1
107.5,117.93325547352485,PERI 36,0
107.5,2.185520149725612,PERI 36,1
107.5,3.7429521036474274,TEa,0
107.5,0.5130836447624372,TEa,1
107.5,0.6381181220076475,VIS,0
107.5,0.27242654008130207,VIS,1
108.5,1.5264620881172495,PERI 35,0
108.5,1.9433577862604055,PERI 35,1
108.5,145.92354384904417,PERI 36,0
108.5,1.8078622108083096,PERI 36,1
108.5,2.747436946674608,TEa,0
108.5,0.619589992948367,TEa,1
108.5,0.3557639384460991,VIS,0
108.5,0.28754779936290853,VIS,1
109.5,1.2723829404189926,PERI 35,0
109.5,0.8336699519267441,PERI 35,1
109.5,166.3160585392442,PERI 36,0
109.5,3.2769730704751177,PERI 36,1
109.5,2.275914051881695,TEa,0
109.5,0.20442632945984718,TEa,1
109.5,0.3910660851258542,VIS,0
109.5,0.1383585113074064,VIS,1
110.5,0.18138275377714053,PERI 35,0
110.5,0.5819435456516269,PERI 35,1
110.5,136.55320466431027,PERI 36,0
110.5,4.1081998817987575,PERI 36,1
110.5,2.921182827795053,TEa,0
110.5,1.0277688509589886,TEa,1
110.5,0.24953318830248605,VIS,0
110.5,0.1229415553821438,VIS,1
111.5,0.6951820275468876,PERI 35,0
111.5,1.8507051526778102,PERI 35,1
111.5,10.784567630684933,PERI 36,0
111.5,1.2253029983951573,PERI 36,1
111.5,3.6796879944299796,TEa,0
111.5,0.3828755998374347,TEa,1
111.5,0.6375647017148178,VIS,0
111.5,0.05812732850903246,VIS,1
112.5,0.6097014100323542,PERI 35,0
112.5,0.6896097331351916,PERI 35,1
112.5,18.637801151911873,PERI 36,0
112.5,0.7278246806625099,PERI 36,1
112.5,4.135330569325037,TEa,0
112.5,0.12946891310597364,TEa,1
112.5,0.7397617439142096,VIS,0
112.5,0.00020695483841826068,VIS,1
113.5,0.20052757843860225,PERI 35,0
113.5,1.5055231495927375,PERI 35,1
113.5,20.33161289383645,PERI 36,0
113.5,3.9635817941740084,PERI 36,1
113.5,4.850272847339135,TEa,0
113.5,0.14625538150036155,TEa,1
113.5,0.707662722973144,VIS,0
113.5,0.132337662617658,VIS,1
114.5,1.8774847022995391,PERI 35,0
114.5,2.1579800799986315,PERI 35,1
114.5,84.93190622155883,PERI 36,0
114.5,6.200805968748474,PERI 36,1
114.5,5.068949722045128,TEa,0
114.5,0.3744107320943102,TEa,1
114.5,0.7766971031572774,VIS,0
114.5,0.25578075212171925,VIS,1
115.5,1.2192448579163122,PERI 35,0
115.5,2.149491362741773,PERI 35,1
115.5,47.280876350103156,PERI 36,0
115.5,6.5708374024399046,PERI 36,1
115.5,4.418175219407123,TEa,0
115.5,1.5483572237307253,TEa,1
115.5,0.4723399714388594,VIS,0
115.5,0.018185269934277493,VIS,1
116.5,2.211459844138475,PERI 35,0
116.5,0.04695749627802748,PERI 35,1
116.5,53.417179489495325,PERI 36,0
116.5,4.5223507344006695,PERI 36,1
116.5,4.524242974258363,TEa,0
116.5,1.8647734570018906,TEa,1
116.5,0.4894877407230421,VIS,0
116.5,0.0596293936292025,VIS,1
117.5,0.754678301651019,PERI 35,0
117.5,0.8442104301129931,PERI 35,1
117.5,95.72011693133801,PERI 36,0
117.5,2.509427333073983,PERI 36,1
117.5,4.452643485537031,TEa,0
117.5,1.8482818240920933,TEa,1
117.5,0.30456137500593916,VIS,0
117.5,0.16021335267937142,VIS,1
118.5,0.8855725593406945,PERI 35,0
118.5,2.005814632108285,PERI 35,1
118.5,89.35163234168375,PERI 36,0
118.5,3.032193613411831,PERI 36,1
118.5,4.513184978255406,TEa,0
118.5,0.9568196058787444,TEa,1
118.5,0.6282367515036218,VIS,0
118.5,0.37471533777978117,VIS,1
119.5,0.7073842162387602,PERI 35,0
119.5,0.10693706802412084,PERI 35,1
119.5,100.41540680214729,PERI 36,0
119.5,4.803580831738805,PERI 36,1
119.5,3.915799998004405,TEa,0
119.5,0.9040057234783594,TEa,1
119.5,0.7000957487559085,VIS,0
119.5,0.15723786119177086,VIS,1
120.5,0.43345862055339024,PERI 35,0
120.5,0.23717961214321387,PERI 35,1
120.5,130.08681364651525,PERI 36,0
120.5,11.002543091235315,PERI 36,1
120.5,3.595203340797797,TEa,0
120.5,0.3698947563972981,TEa,1
120.5,0.9450648301519102,VIS,0
120.5,0.20310763400715137,VIS,1
121.5,0.6765085836570878,PERI 35,0
121.5,1.7748510754575628,PERI 35,1
121.5,178.56038247993115,PERI 36,0
121.5,7.71815949561916,PERI 36,1
121.5,3.4272927495824597,TEa,0
121.5,0.06913826627005104,TEa,1
121.5,0.736470113410642,VIS,0
121.5,0.4704708698777704,VIS,1
122.5,0.4976464069058702,PERI 35,0
122.5,0.4344770254253032,PERI 35,1
122.5,179.90519534326813,PERI 36,0
122.5,4.099683915088174,PERI 36,1
122.5,3.2744567646201803,TEa,0
122.5,0.1756284995671753,TEa,1
122.5,0.5631935473172248,VIS,0
122.5,0.4041578022036205,VIS,1
123.5,1.6871698153687822,PERI 35,0
123.5,2.022338165943573,PERI 35,1
123.5,182.7445685251136,PERI 36,0
123.5,1.0881458310955017,PERI 36,1
123.5,2.9707755115587684,TEa,0
123.5,0.19435365842956953,TEa,1
123.5,0.5798140614202281,VIS,0
123.5,0.46209696690858304,VIS,1
124.5,0.6604524826023481,PERI 35,0
124.5,1.7848283343518183,PERI 35,1
124.5,314.1460249769323,PERI 36,0
124.5,0.5910971695672878,PERI 36,1
124.5,4.001902013556418,TEa,0
124.5,0.14367177439101164,TEa,1
124.5,0.5570249512093768,VIS,0
124.5,0.3626981049072673,VIS,1
125.5,2.786298458550584,PERI 35,0
125.5,2.5577673325906454,PERI 35,1
125.5,265.5538755038709,PERI 36,0
125.5,6.930787570363204,PERI 36,1
125.5,4.410406694092981,TEa,0
125.5,0.22846484398036226,TEa,1
125.5,0.8589993120292986,VIS,0
125.5,0.7633551998814012,VIS,1
126.5,2.9628813864617163,PERI 35,0
126.5,0.9117213878695785,PERI 35,1
126.5,323.4533505107644,PERI 36,0
126.5,4.127723681758461,PERI 36,1
126.5,4.518744296152309,TEa,0
126.5,0.3571589876340431,TEa,1
126.5,0.7822043726054373,VIS,0
126.5,0.44881813700250106,VIS,1
127.5,2.0553240078624677,PERI 35,0
127.5,0.1564430765474365,PERI 35,1
127.5,281.0237329566122,PERI 36,0
127.5,4.357970451583187,PERI 36,1
127.5,4.18521997726889,TEa,0
127.5,0.48881337900944244,TEa,1
127.5,1.205297343596096,VIS,0
127.5,0.6203375570998502,VIS,1
128.5,1.6510265005622682,PERI 35,0
128.5,1.768136823843432,PERI 35,1
128.5,238.4368398838855,PERI 36,0
128.5,2.9725544886611956,PERI 36,1
128.5,3.978890057933639,TEa,0
128.5,1.010166911379848,TEa,1
128.5,0.9092502491556962,VIS,0
128.5,0.18419984560690583,VIS,1
129.5,2.03131880853942,PERI 35,0
129.5,2.268344999121122,PERI 35,1
129.5,250.38463882503737,PERI 36,0
129.5,5.109654304353557,PERI 36,1
129.5,3.6283283024331547,TEa,0
129.5,0.8680114362259084,TEa,1
129.5,0.8962534128966264,VIS,0
129.5,0.21049290837875034,VIS,1
130.5,1.0868923933122578,PERI 35,0
130.5,1.2104634828602308,PERI 35,1
130.5,245.93767649339893,PERI 36,0
130.5,2.087593770114415,PERI 36,1
130.5,3.2427068317195102,TEa,0
130.5,0.7998310234558783,TEa,1
130.5,0.834971551000301,VIS,0
130.5,0.19770870414632702,VIS,1
131.5,1.1007255068621118,PERI 35,0
131.5,1.1844104724949351,PERI 35,1
131.5,180.0604858699437,PERI 36,0
131.5,2.243877573042317,PERI 36,1
131.5,3.2903016603009947,TEa,0
131.5,1.5522119361462607,TEa,1
131.5,1.2354834650867141,VIS,0
131.5,0.5000745941002988,VIS,1
132.5,1.9831257710836958,PERI 35,0
132.5,1.7045337283136859,PERI 35,1
132.5,303.59445050867123,PERI 36,0
132.5,5.6999733525566345,PERI 36,1
132.5,3.615590490605789,TEa,0
132.5,2.4853176410344235,TEa,1
132.5,1.0014067058560179,VIS,0
132.5,1.0490663042840096,VIS,1
133.5,0.5612579667794846,PERI 35,0
133.5,2.4872695110064313,PERI 35,1
133.5,398.5732804440114,PERI 36,0
133.5,8.28673126851066,PERI 36,1
133.5,4.348779123657646,TEa,0
133.5,2.5958650238188214,TEa,1
133.5,0.02689406550468476,VIS,0
133.5,1.6405748439186292,VIS,1
134.5,0.028236138448262338,PERI 35,0
134.5,1.3566378558900363,PERI 35,1
134.5,363.90165402502373,PERI 36,0
134.5,7.368711224424196,PERI 36,1
134.5,5.039942621069351,TEa,0
134.5,2.172267451687734,TEa,1
134.5,0.323459829332975,VIS,0
134.5,2.2651954194340256,VIS,1
135.5,1.618216356412008,PERI 35,0
135.5,0.12794064448607534,PERI 35,1
135.5,424.2841249412585,PERI 36,0
135.5,11.155053771437045,PERI 36,1
135.5,5.6796615078189525,TEa,0
135.5,1.5798126364276328,TEa,1
135.5,0.33785606461006773,VIS,0
135.5,1.7769647262404682,VIS,1
136.5,1.1285104991564499,PERI 35,0
136.5,2.234950575156617,PERI 35,1
136.5,598.6481919645826,PERI 36,0
136.5,8.574067321801719,PERI 36,1
136.5,5.340193742466216,TEa,0
136.5,0.6174883854924103,TEa,1
136.5,1.1333856552851103,VIS,0
136.5,1.7182716905556399,VIS,1
137.5,1.3439917623244426,PERI 35,0
137.5,2.6675442647978995,PERI 35,1
137.5,387.8788523959725,PERI 36,0
137.5,11.271681430904293,PERI 36,1
137.5,6.262297940114579,TEa,0
137.5,0.8356159460088683,TEa,1
137.5,1.2750941529695634,VIS,0
137.5,1.7176868902993034,VIS,1
138.5,1.9588704399486014,PERI 35,0
138.5,2.613478817057749,PERI 35,1
138.5,141.74115959196985,PERI 36,0
138.5,8.00203183480123,PERI 36,1
138.5,5.169363122207915,TEa,0
138.5,1.8534779070931666,TEa,1
138.5,0.2573230510559339,VIS,0
138.5,1.0285688811313647,VIS,1
139.5,3.785348201745455,PERI 35,0
139.5,2.9360445800358153,PERI 35,1
139.5,67.08377889925345,PERI 36,0
139.5,7.5468532041430585,PERI 36,1
139.5,5.1549914587115415,TEa,0
139.5,1.5049676560004746,TEa,1
139.5,0.6474010772640607,VIS,0
139.5,0.9747804155027702,VIS,1
140.5,2.748320472624995,PERI 35,0
140.5,2.675909166145698,PERI 35,1
140.5,39.816371653195574,PERI 36,0
140.5,8.40444485763272,PERI 36,1
140.5,5.162799419910643,TEa,0
140.5,2.170314854522255,TEa,1
140.5,1.1499216492797422,VIS,0
140.5,1.5499849329043602,VIS,1
141.5,3.672077314055498,PERI 35,0
141.5,2.8511631746487183,PERI 35,1
141.5,300.05389140293596,PERI 36,0
141.5,12.481797931472562,PERI 36,1
141.5,5.508769844590878,TEa,0
141.5,4.111891533961372,TEa,1
141.5,0.5735693588329158,VIS,0
141.5,1.4191847792720413,VIS,1
142.5,4.275205698098736,PERI 35,0
142.5,0.4545311191508338,PERI 35,1
142.5,254.8088570274166,PERI 36,0
142.5,6.791840805931649,PERI 36,1
142.5,4.635175684754094,TEa,0
142.5,3.876731194273025,TEa,1
142.5,0.252006589864596,VIS,0
142.5,1.2532123174960113,VIS,1
143.5,4.688578446570887,PERI 35,0
143.5,1.1109687410293954,PERI 35,1
143.5,86.97748267551778,PERI 36,0
143.5,7.357576088476025,PERI 36,1
143.5,5.254891759133992,TEa,0
143.5,3.692943470045339,TEa,1
143.5,0.5486496798911996,VIS,0
143.5,1.2326976652957267,VIS,1
144.5,4.278934912866285,PERI 35,0
144.5,0.9472911196653743,PERI 35,1
144.5,70.74741021891055,PERI 36,0
144.5,10.096290779546658,PERI 36,1
144.5,4.916863001369006,TEa,0
144.5,3.5121521566514815,TEa,1
144.5,0.18682056066793762,VIS,0
144.5,0.9889582410096946,VIS,1
145.5,3.182318831502725,PERI 35,0
145.5,1.30920906704282,PERI 35,1
145.5,37.62106840702708,PERI 36,0
145.5,6.430466414677105,PERI 36,1
145.5,4.07560278860749,TEa,0
145.5,2.483031939403088,TEa,1
145.5,0.5905182319758895,VIS,0
145.5,0.8326850598742899,VIS,1
146.5,2.73287863883816,PERI 35,0
146.5,0.3933796110436589,PERI 35,1
146.5,199.61705767883169,PERI 36,0
146.5,6.96909004700321,PERI 36,1
146.5,3.0053271132907255,TEa,0
146.5,0.5897476859980322,TEa,1
146.5,1.1330936744720042,VIS,0
146.5,0.4335029134903102,VIS,1
147.5,2.4352756757539544,PERI 35,0
147.5,1.0972387501048457,PERI 35,1
147.5,158.24814780245362,PERI 36,0
147.5,8.726450427891105,PERI 36,1
147.5,2.0095786078653552,TEa,0
147.5,0.14006661723335911,TEa,1
147.5,1.1608462011516618,VIS,0
147.5,0.06960302389024275,VIS,1
148.5,3.1481147811282764,PERI 35,0
148.5,1.9989113804225118,PERI 35,1
148.5,275.1473724133197,PERI 36,0
148.5,5.033644333751891,PERI 36,1
148.5,0.3413287000544787,TEa,0
148.5,0.16389283665995968,TEa,1
148.5,1.550175582268969,VIS,0
148.5,0.14017512043444075,VIS,1
149.5,3.8162490921352106,PERI 35,0
149.5,0.6798193585146509,PERI 35,1
149.5,27.223551528141265,PERI 36,0
149.5,0.7309055800101216,PERI 36,1
149.5,2.399827821949576,TEa,0
149.5,0.880254543727657,TEa,1
149.5,1.645737866075025,VIS,0
149.5,0.009367525649607883,VIS,1
150.5,4.341648744185332,PERI 35,0
150.5,0.3904418516718058,PERI 35,1
150.5,224.35806901989451,PERI 36,0
150.5,1.3317193073214932,PERI 36,1
150.5,3.9355046290284457,TEa,0
150.5,1.697943736180262,TEa,1
150.5,1.2263148823473344,VIS,0
150.5,0.05156931449670937,VIS,1
151.5,3.2071943915275085,PERI 35,0
151.5,0.19916152977914203,PERI 35,1
151.5,552.4883247438135,PERI 36,0
151.5,0.6100610863900808,PERI 36,1
151.5,4.903503194954965,TEa,0
151.5,1.7217558764735943,TEa,1
151.5,0.7310219905106248,VIS,0
151.5,0.3246489464792389,VIS,1
152.5,2.170281126425258,PERI 35,0
152.5,0.37201958195230134,PERI 35,1
152.5,692.2457582993682,PERI 36,0
152.5,0.023245691877967545,PERI 36,1
152.5,4.623560162850828,TEa,0
152.5,1.5256296649895142,TEa,1
152.5,0.6699382243043976,VIS,0
152.5,0.30374563187870346,VIS,1
153.5,2.2404657907951253,PERI 35,0
153.5,2.131559276868467,PERI 35,1
153.5,684.2055718944447,PERI 36,0
153.5,0.2778770661194505,PERI 36,1
153.5,4.69234900447169,TEa,0
153.5,1.791191915715656,TEa,1
153.5,0.694243104478465,VIS,0
153.5,0.02842765040880807,VIS,1
154.5,0.4216477154524827,PERI 35,0
154.5,1.058249613289199,PERI 35,1
154.5,480.96780310971934,PERI 36,0
154.5,0.24940880014658529,PERI 36,1
154.5,4.11377212869963,TEa,0
154.5,2.295033532703707,TEa,1
154.5,0.9088390925656648,VIS,0
154.5,0.21010595250118197,VIS,1
155.5,1.784523312939121,PERI 35,0
155.5,0.5704451975440663,PERI 35,1
155.5,444.0696287320752,PERI 36,0
155.5,0.37901043909160803,PERI 36,1
155.5,3.3405250438247664,TEa,0
155.5,0.30275124913057866,TEa,1
155.5,0.6564822055646803,VIS,0
155.5,0.006229342534467386,VIS,1
156.5,1.3193449722657085,PERI 35,0
156.5,1.4392852995077399,PERI 35,1
156.5,263.6736586935612,PERI 36,0
156.5,1.788429420127996,PERI 36,1
156.5,2.4098142801588835,TEa,0
156.5,0.6599738261121677,TEa,1
156.5,0.45455444612173473,VIS,0
156.5,0.10707451563846783,VIS,1
157.5,1.6313449938693279,PERI 35,0
157.5,0.04791149847383269,PERI 35,1
157.5,225.2329241139123,PERI 36,0
157.5,0.26481145409602846,PERI 36,1
157.5,3.1691011672313483,TEa,0
157.5,1.223149404223038,TEa,1
157.5,0.10383127150801541,VIS,0
157.5,0.024742326373606047,VIS,1
158.5,3.50287487001745,PERI 35,0
158.5,0.23938687741678755,PERI 35,1
158.5,100.15775566038303,PERI 36,0
158.5,2.8340016941274677,PERI 36,1
158.5,2.8097062662417382,TEa,0
158.5,1.3524945576978271,TEa,1
158.5,0.025806685835121468,VIS,0
158.5,0.050450958569651816,VIS,1
159.5,3.1920263602222243,PERI 35,0
159.5,0.5557434313157159,PERI 35,1
159.5,97.30747610338523,PERI 36,0
159.5,3.4271429068662007,PERI 36,1
159.5,2.036867155562547,TEa,0
159.5,0.08046468753214753,TEa,1
159.5,0.17048831597396585,VIS,0
159.5,0.0790557733752486,VIS,1
160.5,1.4327610023855768,PERI 35,0
160.5,1.1816190725120843,PERI 35,1
160.5,78.63008077455004,PERI 36,0
160.5,3.9206430311824683,PERI 36,1
160.5,0.9846858711405879,TEa,0
160.5,0.5914957776273239,TEa,1
160.5,0.3228832739169617,VIS,0
160.5,0.08978510166730114,VIS,1
161.5,1.0816304615503198,PERI 35,0
161.5,0.8463482495975183,PERI 35,1
161.5,301.74357131019184,PERI 36,0
161.5,2.1509988266787836,PERI 36,1
161.5,1.404290025901572,TEa,0
161.5,1.0159760455728646,TEa,1
161.5,0.6100181259759292,VIS,0
161.5,0.1452819343529404,VIS,1
162.5,0.07589934237469709,PERI 35,0
162.5,1.430415548536587,PERI 35,1
162.5,236.86411981799054,PERI 36,0
162.5,0.7449395649523124,PERI 36,1
162.5,1.7215698217855362,TEa,0
162.5,1.001964391099943,TEa,1
162.5,0.8142105354046325,VIS,0
162.5,0.36174820754688986,VIS,1
163.5,0.3609835046354164,PERI 35,0
163.5,1.1021866993544192,PERI 35,1
163.5,263.77099468094787,PERI 36,0
163.5,1.3727157281892284,PERI 36,1
163.5,1.7713776186135997,TEa,0
163.5,0.2703401554037461,TEa,1
163.5,1.0646162765065679,VIS,0
163.5,0.600430182030822,VIS,1
164.5,1.066605430703351,PERI 35,0
164.5,0.6186951848358406,PERI 35,1
164.5,406.86239481044197,PERI 36,0
164.5,2.968152509151638,PERI 36,1
164.5,2.230422779640983,TEa,0
164.5,0.3947256533903174,TEa,1
164.5,0.8529215503983683,VIS,0
164.5,0.7056147312885515,VIS,1
165.5,0.21605631660565297,PERI 35,0
165.5,1.7756028190162982,PERI 35,1
165.5,356.0098002893955,PERI 36,0
165.5,1.1591186891321361,PERI 36,1
165.5,1.9405739383274732,TEa,0
165.5,0.7834275227530908,TEa,1
165.5,0.47476155887447713,VIS,0
165.5,0.9160489968778976,VIS,1
166.5,0.7192041550373437,PERI 35,0
166.5,1.7597840322179403,PERI 35,1
166.5,215.21761919071548,PERI 36,0
166.5,0.5745299566285722,PERI 36,1
166.5,1.0806531811274134,TEa,0
166.5,0.14770505095755648,TEa,1
166.5,0.4080055086376743,VIS,0
166.5,0.9502365358198299,VIS,1
167.5,1.0604221767908717,PERI 35,0
167.5,1.3757475552376262,PERI 35,1
167.5,295.9699120235256,PERI 36,0
167.5,2.6388619945958594,PERI 36,1
167.5,0.42574926872253904,TEa,0
167.5,0.6343792734859746,TEa,1
167.5,0.8307955898007389,VIS,0
167.5,0.767359201729656,VIS,1
168.5,0.9960178479269612,PERI 35,0
168.5,2.7066217613156662,PERI 35,1
168.5,347.40652316271206,PERI 36,0
168.5,3.074556886386768,PERI 36,1
168.5,0.6110544902739905,TEa,0
168.5,0.2515823502471102,TEa,1
168.5,0.576516146449592,VIS,0
168.5,0.2491438705826321,VIS,1
169.5,0.7393771479194499,PERI 35,0
169.5,0.8172266788311725,PERI 35,1
169.5,162.27734129969576,PERI 36,0
169.5,2.1997108409099466,PERI 36,1
169.5,1.0355015388418924,TEa,0
169.5,0.18323221939183787,TEa,1
169.5,0.21978384121459926,VIS,0
169.5,0.1520012238790478,VIS,1
170.5,1.5269090958269638,PERI 35,0
170.5,2.3447866552180385,PERI 35,1
170.5,134.82500989612186,PERI 36,0
170.5,0.9742740417873739,PERI 36,1
170.5,0.7254855839373215,TEa,0
170.5,0.6350060915080343,TEa,1
170.5,0.4665630235394017,VIS,0
170.5,0.35655496709723977,VIS,1
171.5,1.9181595427658118,PERI 35,0
171.5,0.9153176765815445,PERI 35,1
171.5,52.46130729990696,PERI 36,0
171.5,1.389315765484146,PERI 36,1
171.5,0.7101913425919872,TEa,0
171.5,0.4552870804115623,TEa,1
171.5,0.4909440743632705,VIS,0
171.5,0.4158163257185352,VIS,1
172.5,2.134414771426565,PERI 35,0
172.5,1.3518941008264325,PERI 35,1
172.5,46.34048888610492,PERI 36,0
172.5,3.7393903794775833,PERI 36,1
172.5,1.4553861956848486,TEa,0
172.5,0.4981419218666041,TEa,1
172.5,0.15118400414387775,VIS,0
172.5,0.5402357206224284,VIS,1
