,te_goal,te_goal_baseline,te_sem_goal,te_sem_distractor,te_distractor,te_distractor_baseline,te_sound,te_sound_baseline,te_sem_sound,time,region_1,region_2,region_pair,subject,date
0,0.03668630230003514,-0.0010213846496168605,0.001103420579586672,0.0011549380687628735,0.03934790992199412,-0.0016788743206042206,0.042948223477109464,4.137852136049808e-05,0.001040618640678433,-1.9,PERI 35,PERI 36,PERI 35-PERI 36,459601,20240411
1,0.04402694179520482,0.006319254845552819,0.0011877299103408747,0.0011295312061266694,0.03863113208622789,-0.0023956521563704494,0.043039222406779994,0.000132377451031028,0.001044658534348772,-1.7000000000000002,PERI 35,PERI 36,PERI 35-PERI 36,459601,20240411
2,0.043455474201969685,0.005747787252317685,0.001133982183610185,0.0013200088802542017,0.0464214936385318,0.005394709395933457,0.041953726844490356,-0.0009531181112586093,0.0010599645451384182,-1.5,PERI 35,PERI 36,PERI 35-PERI 36,459601,20240411
3,0.035229426241775996,-0.002478260707876004,0.0009749802159876694,0.0012010716337221997,0.03868186189574014,-0.002344922346858201,0.04449477416649062,0.001587929210741655,0.0011198475316090233,-1.3000000000000003,PERI 35,PERI 36,PERI 35-PERI 36,459601,20240411
4,0.02914029020927432,-0.00856739674037768,0.0009089305094218586,0.001242815207002258,0.04205152367049778,0.0010247394278994418,0.04209827788387438,-0.0008085670718745858,0.0010189436440968507,-1.1,PERI 35,PERI 36,PERI 35-PERI 36,459601,20240411
5,0.03331046006960897,-0.004397226880043029,0.0010898613982249165,0.0012033465041363968,0.040351176136030585,-0.0006756081065677558,0.041894321249849174,-0.0010125237058997913,0.0010357321703753268,-0.9,PERI 35,PERI 36,PERI 35-PERI 36,459601,20240411
6,0.04045199007283385,0.00274430312318185,0.0012197793729161034,0.001140843116161489,0.037371696503307815,-0.003655087739290526,0.03723421433832717,-0.005672630617421792,0.0009459458408256916,-0.7000000000000001,PERI 35,PERI 36,PERI 35-PERI 36,459601,20240411
7,0.03917834674518776,0.0014706597955357614,0.0012133433248860204,0.0010315569173991318,0.032370173974556715,-0.008656610268041626,0.03444366720110032,-0.008463177754648644,0.0009182573922659613,-0.5,PERI 35,PERI 36,PERI 35-PERI 36,459601,20240411
8,0.033767917865599226,-0.003939769084052774,0.0010938075772697169,0.0011210822785607019,0.03365586353254912,-0.007370920710049224,0.03063827777365747,-0.012268567182091496,0.0008027837075514377,-0.30000000000000004,PERI 35,PERI 36,PERI 35-PERI 36,459601,20240411
9,0.03925002361685294,0.0015423366672009386,0.001168618865870734,0.0010909875749926929,0.03502421320872054,-0.0060025710338778016,0.03554237951748547,-0.0073644654382634955,0.000912144143266793,-0.1,PERI 35,PERI 36,PERI 35-PERI 36,459601,20240411
10,0.03090902744142809,-0.0067986595082239094,0.0010741902961158678,0.0013640364576791011,0.046226372971807844,0.005199588729209503,0.029017904043320414,-0.013888940912428552,0.0007876010234598886,0.1,PERI 35,PERI 36,PERI 35-PERI 36,459601,20240411
11,0.03148399381799451,-0.006223693131657493,0.001007208871467905,0.00142292367449148,0.04822331853001505,0.007196534287416706,0.03344894797759252,-0.009457896978156445,0.0009149463101791421,0.30000000000000004,PERI 35,PERI 36,PERI 35-PERI 36,459601,20240411
12,0.03794636759661195,0.00023868064695994895,0.0011729396505188148,0.001288783600673307,0.04644131875242546,0.005414534509827117,0.03380985979866065,-0.009096985157088316,0.0008685242961146918,0.5,PERI 35,PERI 36,PERI 35-PERI 36,459601,20240411
13,0.035432921871076564,-0.002274765078575436,0.0012220767518746583,0.0014144610887439667,0.04925558843811049,0.008228804195512147,0.03254694119740162,-0.010359903758347347,0.0008483170181888917,0.7000000000000001,PERI 35,PERI 36,PERI 35-PERI 36,459601,20240411
14,0.03396432266878941,-0.003743364280862589,0.0012230642304397487,0.0014314427310561859,0.05243799732682106,0.011411213084222722,0.0318011262469839,-0.011105718708765068,0.0008364892531953561,0.9,PERI 35,PERI 36,PERI 35-PERI 36,459601,20240411
15,0.034068641782,-0.003639045167651997,0.0011279585893146057,0.0013926303673854432,0.051416117326636576,0.010389333084038235,0.03587559227422556,-0.007031252681523409,0.0009501577056000283,1.1,PERI 35,PERI 36,PERI 35-PERI 36,459601,20240411
16,0.03006275495832403,-0.007644931991327972,0.0010525903245654758,0.0013801072373638842,0.04998620810840133,0.008959423865802986,0.038464428446632844,-0.004442416509116122,0.0010508456106289553,1.3000000000000003,PERI 35,PERI 36,PERI 35-PERI 36,459601,20240411
17,0.03414828168121204,-0.0035594052684399594,0.0011226242584868775,0.0012157759109975004,0.044594849301889276,0.0035680650592909355,0.037728235043893964,-0.005178609911855002,0.0010454943491480392,1.5,PERI 35,PERI 36,PERI 35-PERI 36,459601,20240411
18,0.03183634906122064,-0.0058713378884313605,0.0010662688088453227,0.0012492994813207523,0.0460646122516683,0.005037828009069961,0.040109989293380964,-0.0027968556623680016,0.001136258760524186,1.7000000000000002,PERI 35,PERI 36,PERI 35-PERI 36,459601,20240411
19,0.03128446932045776,-0.00642321762919424,0.0009876951822970885,0.0012093664701240188,0.04499769689061384,0.003970912648015502,0.039003509799215845,-0.0039033351565331206,0.0011355238623909597,1.9,PERI 35,PERI 36,PERI 35-PERI 36,459601,20240411
20,0.0399567131188899,-0.0014963883580893927,0.001482859265148614,0.0017100346868575884,0.04675306056402374,0.0011386594371500386,0.04696833027875859,-0.0005484923506096431,0.0015603480401386429,-1.9,PERI 35,TEa,PERI 35-TEa,459601,20240411
21,0.04751440257494202,0.006061301097962726,0.0016073785077936563,0.001619734236302915,0.044338729950896015,-0.0012756711759776898,0.04557132693513868,-0.0019454956942295543,0.001530867930392967,-1.7000000000000002,PERI 35,TEa,PERI 35-TEa,459601,20240411
22,0.0468278635769906,0.005374762100011303,0.0016512803610409523,0.001582137287557257,0.045474176928541804,-0.0001402241983319008,0.04466404941334493,-0.0028527732160232994,0.0015220286406978517,-1.5,PERI 35,TEa,PERI 35-TEa,459601,20240411
23,0.038520576026384465,-0.0029325254505948306,0.0014849163344432346,0.001585756514103635,0.04430214390725865,-0.0013122572196150525,0.04846685137864813,0.0009500287492799006,0.0016972388849483154,-1.3000000000000003,PERI 35,TEa,PERI 35-TEa,459601,20240411
24,0.034445952087689476,-0.00700714938928982,0.0014322585725153277,0.001652077691807672,0.047203894283648316,0.0015894931567746115,0.05191355514095083,0.004396732511582596,0.0016743185134797146,-1.1,PERI 35,TEa,PERI 35-TEa,459601,20240411
25,0.04086020242008724,-0.0005928990568920545,0.0016227040691383192,0.0016451741327741397,0.04438902346984733,-0.0012253776570263775,0.05145558407896284,0.0039387614495946105,0.0017201241467374965,-0.9,PERI 35,TEa,PERI 35-TEa,459601,20240411
26,0.0434836984326903,0.002030596955711006,0.0016045712408050623,0.0016881344803943137,0.04566233577135381,4.7934644480107647e-05,0.04634148792791412,-0.0011753347014541102,0.0015314935263485126,-0.7000000000000001,PERI 35,TEa,PERI 35-TEa,459601,20240411
27,0.043596208656563024,0.002143107179583728,0.00171837910944523,0.0016329961592299492,0.043884186711281595,-0.00173021441559211,0.04673446541965837,-0.000782357209709858,0.0016249021878197423,-0.5,PERI 35,TEa,PERI 35-TEa,459601,20240411
28,0.03931395346662912,-0.0021391480103501725,0.0016364727816885025,0.0015654725580653308,0.03954209792953548,-0.006072303197338223,0.042966001666835174,-0.004550820962533057,0.0015312370164627038,-0.30000000000000004,PERI 35,TEa,PERI 35-TEa,459601,20240411
29,0.04218602902275877,0.0007329275457794715,0.0016660276224000124,0.0015921247961893994,0.03905176619762252,-0.006562634929251188,0.04621411115196421,-0.001302711477404024,0.0016217820142334042,-0.1,PERI 35,TEa,PERI 35-TEa,459601,20240411
30,0.038655042099324834,-0.002798059377654462,0.0016769054348085876,0.001809176145405912,0.04386672957270875,-0.0017476715541649562,0.042965827598447054,-0.0045509950309211775,0.0015136614198723924,0.1,PERI 35,TEa,PERI 35-TEa,459601,20240411
31,0.03524487275592716,-0.006208228721052138,0.0014195770598017844,0.0016481926793811693,0.041945813070628495,-0.0036685880562452103,0.044154525540302685,-0.003362297089065547,0.0016045494458309779,0.30000000000000004,PERI 35,TEa,PERI 35-TEa,459601,20240411
32,0.040014406345580567,-0.001438695131398729,0.0016509230988516561,0.0017625511482364264,0.04442823267049536,-0.0011861684563783462,0.04342404056219869,-0.004092782067169544,0.001531226014035475,0.5,PERI 35,TEa,PERI 35-TEa,459601,20240411
33,0.04842670839609993,0.006973606919120634,0.0018763763616027706,0.001828461498896006,0.04774506980224091,0.002130668675367202,0.046339051112817095,-0.0011777715165511363,0.001614523819754275,0.7000000000000001,PERI 35,TEa,PERI 35-TEa,459601,20240411
34,0.0433814553271321,0.001928353850152803,0.0017092417934630251,0.0015070297183013101,0.03881514305580982,-0.006799258071063886,0.04930628172172736,0.0017894590923591275,0.0017088967407253523,0.9,PERI 35,TEa,PERI 35-TEa,459601,20240411
35,0.05024787590507838,0.008794774428099082,0.0018172340836505388,0.0015408004452658827,0.04250172346859529,-0.003112677658278412,0.04735673348077065,-0.00016008914859758083,0.001632102232310999,1.1,PERI 35,TEa,PERI 35-TEa,459601,20240411
36,0.045400004945488605,0.003946903468509309,0.0016260030179732837,0.0015875834325075058,0.040196987262289374,-0.005417413864584331,0.050727557735762874,0.0032107351063946424,0.001768013301818725,1.3000000000000003,PERI 35,TEa,PERI 35-TEa,459601,20240411
37,0.043208266986656335,0.0017551655096770397,0.0016850014465003603,0.0015086109100253182,0.04014412393057468,-0.005470277196299028,0.04934340631237063,0.0018265836830023974,0.0017646214588541752,1.5,PERI 35,TEa,PERI 35-TEa,459601,20240411
38,0.0411211052075109,-0.0003319962694683931,0.0016861067175547627,0.0014588853247648988,0.03704067868180874,-0.008573722445064963,0.0505452045701348,0.0030283819407665655,0.0018166864334463102,1.7000000000000002,PERI 35,TEa,PERI 35-TEa,459601,20240411
39,0.03741961856185338,-0.0040334829151259174,0.0015267866175973045,0.0014949547250066812,0.03789735958356709,-0.007717041543306616,0.04439469668370379,-0.003122125945664439,0.0017333666283240018,1.9,PERI 35,TEa,PERI 35-TEa,459601,20240411
40,0.044152241834058414,0.0008946992133413573,0.0020449924303241247,0.002231368840992343,0.049152571089685494,0.0010568404681213159,0.05563839275496241,-0.004368746588574876,0.002068646036614993,-1.9,PERI 35,VIS,PERI 35-VIS,459601,20240411
41,0.05047918707236704,0.007221644451649981,0.002185800072156503,0.0022505945190432627,0.04859578818340929,0.0005000575618451103,0.059838642421029334,-0.00016849692250794912,0.0023578012000585262,-1.7000000000000002,PERI 35,VIS,PERI 35-VIS,459601,20240411
42,0.04419495738525629,0.000937414764539235,0.002117670896674678,0.0022312498815136627,0.04811399826804356,1.826764647937934e-05,0.06057386418886446,0.0005667248453271739,0.0023304166226934537,-1.5,PERI 35,VIS,PERI 35-VIS,459601,20240411
43,0.04219425725617439,-0.001063285364542664,0.002108196722705677,0.00214856780085833,0.04645270002232297,-0.001643030599241209,0.06277999741322622,0.0027728580696889382,0.0025502329891748236,-1.3000000000000003,PERI 35,VIS,PERI 35-VIS,459601,20240411
44,0.035267069555729155,-0.007990473064987902,0.001830707461434522,0.0023555223676980518,0.04816359554435963,6.786492279545198e-05,0.06120479993960404,0.0011976605960667547,0.0023193672456087427,-1.1,PERI 35,VIS,PERI 35-VIS,459601,20240411
45,0.03717448618346173,-0.006083056437255326,0.0020159610339325605,0.002289160907974809,0.045838880642187836,-0.002256849979376342,0.058727397756954694,-0.001279741586582589,0.0024139233636652296,-0.9,PERI 35,VIS,PERI 35-VIS,459601,20240411
46,0.04270861359048161,-0.0005489290302354496,0.002154998972253412,0.002113617307275697,0.041940389450098356,-0.006155341171465822,0.05808645778980998,-0.0019206815537273006,0.0023437873315036513,-0.7000000000000001,PERI 35,VIS,PERI 35-VIS,459601,20240411
47,0.03577094427365883,-0.0074865983470582265,0.002037462684470788,0.0021744009116262623,0.03701945574503822,-0.01107627487652596,0.055288504038210576,-0.004718635305326707,0.0022197056193059886,-0.5,PERI 35,VIS,PERI 35-VIS,459601,20240411
48,0.03473086084351131,-0.008526681777205745,0.0018297520404406211,0.002015522017862837,0.03687305648049764,-0.011222674141066535,0.0528979260772137,-0.007109213266323584,0.0021799057525213566,-0.30000000000000004,PERI 35,VIS,PERI 35-VIS,459601,20240411
49,0.049877188603854476,0.006619645983137419,0.0024425556842750684,0.00220846087688247,0.041060111689454414,-0.007035618932109765,0.056222580890557934,-0.003784558452979349,0.0022758874922106684,-0.1,PERI 35,VIS,PERI 35-VIS,459601,20240411
50,0.04823991340321222,0.004982370782495166,0.002611677779388412,0.0025661517038428343,0.05574533658318127,0.007649605961617088,0.042188123849441636,-0.017819015494095647,0.0018744841328222582,0.1,PERI 35,VIS,PERI 35-VIS,459601,20240411
51,0.044735448787980664,0.0014779061672636068,0.0022223116429082564,0.002666310143662976,0.05657877972267701,0.008483049101112833,0.04596329953266407,-0.014043839810873211,0.0020070638345731123,0.30000000000000004,PERI 35,VIS,PERI 35-VIS,459601,20240411
52,0.05791124535616817,0.014653702735451114,0.002725172009354058,0.0022597843013320122,0.048025941976458444,-6.97886451057339e-05,0.04204635570853633,-0.017960783635000956,0.001717544071111865,0.5,PERI 35,VIS,PERI 35-VIS,459601,20240411
53,0.06139499110479797,0.018137448484080915,0.0028806462361184075,0.0025794281748237275,0.05733985139204679,0.00924412077048261,0.041649242552719234,-0.01835789679081805,0.0018083579032688295,0.7000000000000001,PERI 35,VIS,PERI 35-VIS,459601,20240411
54,0.056943211426386975,0.013685668805669918,0.0026500150923310377,0.0026691435525349706,0.06115742456771307,0.013061693946148895,0.044832893556228645,-0.015174245787308638,0.00192450547409578,0.9,PERI 35,VIS,PERI 35-VIS,459601,20240411
55,0.0668943868063383,0.023636844185621245,0.0028226213525356088,0.0022931544243270647,0.051115146990515656,0.0030194163689514775,0.04842700057737221,-0.011580138766165073,0.0020777890981299642,1.1,PERI 35,VIS,PERI 35-VIS,459601,20240411
56,0.05832703085881257,0.015069488238095514,0.002405301810593988,0.0021934156691757575,0.04649937478105332,-0.001596355840510856,0.048779509282239245,-0.011227630061298038,0.002063299287795304,1.3000000000000003,PERI 35,VIS,PERI 35-VIS,459601,20240411
57,0.05702259846439484,0.013765055843677786,0.0027924513540719485,0.002265557462346353,0.05277582069950269,0.004680090077938515,0.05180453658464055,-0.008202602758896733,0.002173673256936765,1.5,PERI 35,VIS,PERI 35-VIS,459601,20240411
58,0.04047472482808692,-0.002782817792630135,0.0022364959727588533,0.0024112036120610067,0.051906514520192355,0.003810783898628177,0.051840041843135454,-0.00816709750040183,0.0021604212641780723,1.7000000000000002,PERI 35,VIS,PERI 35-VIS,459601,20240411
59,0.04571149766782833,0.002453955047111274,0.0022800772315104165,0.0021188943490439154,0.04985679090985652,0.0017610602882923432,0.05481278779211462,-0.005194351551422664,0.002335530488006242,1.9,PERI 35,VIS,PERI 35-VIS,459601,20240411
60,0.05289483281313517,0.001660722862107264,0.0019899316664264946,0.002101260813923073,0.05681592534004775,-0.0014728198003880755,0.0570943556599226,-0.0030097661675474036,0.0019862880271809724,-1.9,PERI 35,HPC,PERI 35-HPC,459601,20240411
61,0.054351887585261806,0.0031177776342338967,0.0020035275189866607,0.0022971103271687025,0.06325620341045829,0.004967458270022464,0.06324772985126546,0.003143608023795458,0.002224139744461008,-1.7000000000000002,PERI 35,HPC,PERI 35-HPC,459601,20240411
62,0.05219739222675966,0.0009632822757317527,0.0020347867113364817,0.002163165703679438,0.06108316395740394,0.002794418816968111,0.058690985964427615,-0.0014131358630423904,0.0020066029648991355,-1.5,PERI 35,HPC,PERI 35-HPC,459601,20240411
63,0.05223778583204415,0.0010036758810162416,0.002013408984484807,0.002074981081793164,0.05796101806037422,-0.00032772708006160306,0.06203161280536407,0.0019274909778940613,0.002218347151576732,-1.3000000000000003,PERI 35,HPC,PERI 35-HPC,459601,20240411
64,0.04448865129793878,-0.006745458653089127,0.0019007793693886109,0.001962704491295113,0.052327414933894895,-0.005961330206540931,0.05945592485637026,-0.0006481969710997459,0.0020427700518264704,-1.1,PERI 35,HPC,PERI 35-HPC,459601,20240411
65,0.05125673703395828,2.2627082930368192e-05,0.002152222934552156,0.002148425014636324,0.058855367550454785,0.000566622410018959,0.05833857358508501,-0.0017655482423849927,0.002189775836151534,-0.9,PERI 35,HPC,PERI 35-HPC,459601,20240411
66,0.05060490632930276,-0.0006292036217251523,0.002082895502468584,0.002201880447005444,0.06254356874600785,0.004254823605572021,0.058051662510472946,-0.00205245931699706,0.0020753375781155485,-0.7000000000000001,PERI 35,HPC,PERI 35-HPC,459601,20240411
67,0.05195622528570886,0.000722115334680952,0.0021130022083185704,0.002159617214836813,0.06123786481586135,0.002949119675425521,0.05263634104083059,-0.007467780786639414,0.0020170234989447273,-0.5,PERI 35,HPC,PERI 35-HPC,459601,20240411
68,0.04755997764983105,-0.0036741323011968557,0.0021272879683806962,0.002011849498175365,0.055912448300017674,-0.0023762968404181517,0.053945061438322256,-0.00615906038914775,0.0020984168879070323,-0.30000000000000004,PERI 35,HPC,PERI 35-HPC,459601,20240411
69,0.046231198257808026,-0.005002911693219883,0.0019466934370734638,0.0022306853859177414,0.060670752648696404,0.002382007508260578,0.05604810830648766,-0.004056013520982345,0.0021088025356112428,-0.1,PERI 35,HPC,PERI 35-HPC,459601,20240411
70,0.041487271786603185,-0.009746838164424725,0.0019526923955661705,0.0024607934004029913,0.06653123477784821,0.008242489637412385,0.05425504273739568,-0.005849079090074323,0.0021453591964907437,0.1,PERI 35,HPC,PERI 35-HPC,459601,20240411
71,0.04858673039279635,-0.0026473795582315565,0.002127800829017502,0.002111439575722117,0.05451832865452935,-0.0037704164859064734,0.056519808409553104,-0.003584313417916901,0.0020769173382918747,0.30000000000000004,PERI 35,HPC,PERI 35-HPC,459601,20240411
72,0.04917689275911102,-0.002057217191916892,0.0019557120552904333,0.002272069804512539,0.056051635823373754,-0.002237109317062072,0.058130977833497584,-0.001973143993972422,0.0021879156923518208,0.5,PERI 35,HPC,PERI 35-HPC,459601,20240411
73,0.047930523077656516,-0.0033035868733713933,0.0020054302642320103,0.0022785350754513183,0.06496608189039323,0.006677336749957401,0.06002893997407427,-7.518185339573658e-05,0.002171276483238195,0.7000000000000001,PERI 35,HPC,PERI 35-HPC,459601,20240411
74,0.047078178583061375,-0.004155931367966534,0.002070524678241445,0.0022978357735803897,0.06592518319159699,0.007636438051161161,0.060832268465506045,0.0007281466380360396,0.00211399960179761,0.9,PERI 35,HPC,PERI 35-HPC,459601,20240411
75,0.051770863585999576,0.0005367536349716664,0.002004878904240546,0.0024487808630704777,0.07220958347121217,0.013920838330776349,0.055507887042637837,-0.004596234784832169,0.0020290656488654484,1.1,PERI 35,HPC,PERI 35-HPC,459601,20240411
76,0.05075910001807374,-0.0004750099329541707,0.002036245875930106,0.002420918707654665,0.0689273707263463,0.010638625585910479,0.05948749855579777,-0.000616623271672237,0.0021129362448554833,1.3000000000000003,PERI 35,HPC,PERI 35-HPC,459601,20240411
77,0.050755321371847045,-0.0004787885791808638,0.0021277354420936763,0.002110943857884931,0.05920803157665679,0.0009192864362209674,0.05736862318589215,-0.002735498641577856,0.0021738852707207795,1.5,PERI 35,HPC,PERI 35-HPC,459601,20240411
78,0.04657388542455699,-0.00466022452647092,0.0020714596009603404,0.0021361188077386093,0.05924144278672526,0.000952697646289434,0.05758027198837659,-0.0025238498390934144,0.002297342159743785,1.7000000000000002,PERI 35,HPC,PERI 35-HPC,459601,20240411
79,0.047339848254828516,-0.003894261696199393,0.0020065453563537887,0.002088430640207405,0.05981583038560707,0.0015270852451712419,0.053554244065171244,-0.006549877762298761,0.00222278209656745,1.9,PERI 35,HPC,PERI 35-HPC,459601,20240411
80,0.0330619302573497,-0.004527357313155463,0.0010227554806989758,0.0011948102366300792,0.041308961539434676,-7.217284956904241e-05,0.04326032621251433,0.002021587691477103,0.001024994989988265,-1.9,PERI 36,PERI 35,PERI 36-PERI 35,459601,20240411
81,0.04401678011760929,0.006427492547104126,0.001129973288182785,0.001167110444108604,0.040071172913460434,-0.0013099614755432837,0.04140369498855679,0.00016495646751956555,0.0009805043337536888,-1.7000000000000002,PERI 36,PERI 35,PERI 36-PERI 35,459601,20240411
82,0.043303006576087016,0.0057137190055818535,0.0011222535770100258,0.0012316411230346115,0.04347800598495434,0.0020968715959506223,0.03929669355603629,-0.0019420449650009372,0.0009827038323538407,-1.5,PERI 36,PERI 35,PERI 36-PERI 35,459601,20240411
83,0.03667403036578077,-0.0009152572047243929,0.0010010982022461185,0.0011407608137367958,0.03861790357925162,-0.002763230809752097,0.04034372767948308,-0.0008950108415541475,0.001021649462568635,-1.3000000000000003,PERI 36,PERI 35,PERI 36-PERI 35,459601,20240411
84,0.030890690535699046,-0.006698597034806117,0.0009545534443750705,0.0012777093173735258,0.043429627927917526,0.002048493538913808,0.04188925016859566,0.0006505116475584369,0.0009673793858000203,-1.1,PERI 36,PERI 35,PERI 36-PERI 35,459601,20240411
85,0.03168615394933278,-0.005903133621172382,0.0009984395440078226,0.0011786269074949604,0.03827288081535053,-0.0031082535736531858,0.041696082102157285,0.00045734358112006074,0.001017754250500103,-0.9,PERI 36,PERI 35,PERI 36-PERI 35,459601,20240411
86,0.039566085820233715,0.001976798249728552,0.0011563022800637228,0.0011280063187924507,0.03775713075108933,-0.0036240036379143886,0.03699032995963691,-0.004248408561400317,0.0009638889463912113,-0.7000000000000001,PERI 36,PERI 35,PERI 36-PERI 35,459601,20240411
87,0.03448366331469603,-0.003105624255809132,0.0010284503609121081,0.0010942464770516247,0.0336707883914531,-0.007710345997550619,0.035938202360444635,-0.005300536160592589,0.0009126319441639841,-0.5,PERI 36,PERI 35,PERI 36-PERI 35,459601,20240411
88,0.03461638278850259,-0.0029729047820025722,0.001107486372510142,0.0011173601612103246,0.03484742084521741,-0.006533713543786311,0.033146861253161956,-0.008091877267875268,0.0009022259319188525,-0.30000000000000004,PERI 36,PERI 35,PERI 36-PERI 35,459601,20240411
89,0.038473822710954064,0.0008845351404489013,0.0011967385791960522,0.0010494262668635508,0.034213429953514334,-0.007167704435489385,0.03442847263585848,-0.006810265885178746,0.0009191171073903266,-0.1,PERI 36,PERI 35,PERI 36-PERI 35,459601,20240411
90,0.03211305361206657,-0.005476233958438596,0.0010838301382369241,0.001407804299209003,0.046581234123557996,0.005200099734554278,0.029341706759022493,-0.011897031762014731,0.0008344588431398481,0.1,PERI 36,PERI 35,PERI 36-PERI 35,459601,20240411
91,0.032497984860976575,-0.005091302709528588,0.0010826283284664437,0.0013201596787769014,0.044491119383612596,0.0031099849946088776,0.03156107805156644,-0.009677660469470786,0.0008550079151488715,0.30000000000000004,PERI 36,PERI 35,PERI 36-PERI 35,459601,20240411
92,0.03323193169002306,-0.004357355880482104,0.0010237867648771814,0.0012190589434137415,0.04396958775112804,0.002588453362124321,0.033382954720501755,-0.00785578380053547,0.0008683750999677251,0.5,PERI 36,PERI 35,PERI 36-PERI 35,459601,20240411
93,0.032781932843298105,-0.004807354727207058,0.0010980841229081817,0.0014046739191261749,0.05020410400208782,0.008822969613084104,0.030830247785042175,-0.010408490735995049,0.0008218016191556139,0.7000000000000001,PERI 36,PERI 35,PERI 36-PERI 35,459601,20240411
94,0.03173287043402778,-0.005856417136477381,0.0010230473720907558,0.001337608331131714,0.05035144263491033,0.00897030824590661,0.032263324434896476,-0.008975414086140748,0.0008623500753485959,0.9,PERI 36,PERI 35,PERI 36-PERI 35,459601,20240411
95,0.0338590491920442,-0.003730238378460961,0.0010436262095445577,0.00129257806465213,0.04815082358216171,0.006769689193157992,0.036329221847315546,-0.004909516673721678,0.0009599717782835744,1.1,PERI 36,PERI 35,PERI 36-PERI 35,459601,20240411
96,0.031760216354543236,-0.005829071215961927,0.0010211815400053648,0.0012343203772008284,0.04776757291535278,0.006386438526349063,0.036144733950482254,-0.0050940045705549705,0.0009488071597822163,1.3000000000000003,PERI 36,PERI 35,PERI 36-PERI 35,459601,20240411
97,0.03400386992768253,-0.003585417642822636,0.001052231546776848,0.0011009113483629168,0.042469682536476594,0.0010885481474728759,0.03463891164178064,-0.006599826879256587,0.0009594548028001072,1.5,PERI 36,PERI 35,PERI 36-PERI 35,459601,20240411
98,0.030100816403945088,-0.007488471166560075,0.0009281781557766005,0.001055743869263827,0.040485559773602194,-0.0008955746154015246,0.03958468292015073,-0.0016540556008864948,0.0011526136091253496,1.7000000000000002,PERI 36,PERI 35,PERI 36-PERI 35,459601,20240411
99,0.03180899732118837,-0.00578029024931679,0.0009325179714111894,0.001139359330261985,0.04221122145007917,0.0008300870610754504,0.037965859861512505,-0.0032728786595247195,0.0010975757673112327,1.9,PERI 36,PERI 35,PERI 36-PERI 35,459601,20240411
100,0.051612241703762725,-0.0019278331593959377,0.00182774796674055,0.0020914384273459587,0.05731189610327879,0.004435217510897781,0.06018481687745561,-0.0011716192477596102,0.0017979449175934857,-1.9,PERI 36,TEa,PERI 36-TEa,459601,20240411
101,0.062017163118412995,0.008477088255254332,0.002010325569842252,0.001905800334429595,0.0503181861845718,-0.0025584924078092056,0.05784956566215349,-0.00350687046306173,0.0018255436600907926,-1.7000000000000002,PERI 36,TEa,PERI 36-TEa,459601,20240411
102,0.060119214616736055,0.006579139753577393,0.0020449664134973757,0.0019374323901463042,0.05170746010349869,-0.0011692184888823162,0.058755844150271616,-0.0026005919749436043,0.0018539649726885608,-1.5,PERI 36,TEa,PERI 36-TEa,459601,20240411
103,0.04849859362881466,-0.005041481234344003,0.0017168477911767407,0.0018840301103632247,0.04976922715488689,-0.0031074514374941214,0.06455555348193907,0.003199117356723853,0.0019741825152994026,-1.3000000000000003,PERI 36,TEa,PERI 36-TEa,459601,20240411
104,0.04545316124806686,-0.008086913615091805,0.0016189959037461684,0.0020060074316935617,0.05527662341566891,0.002399944823287904,0.06543640045425632,0.004079964329041098,0.0019264346655078353,-1.1,PERI 36,TEa,PERI 36-TEa,459601,20240411
105,0.04918436848257987,-0.0043557063805787916,0.0017526142567218653,0.0019203037712590785,0.051299588950311184,-0.0015770896420698247,0.06972127818758608,0.008364842062370863,0.002035742872144803,-0.9,PERI 36,TEa,PERI 36-TEa,459601,20240411
106,0.05413277096750659,0.0005926961043479298,0.0018285417134781452,0.002019352534063857,0.05213023188869526,-0.0007464467036857464,0.05943551674788924,-0.001920919377325983,0.0018106241084110406,-0.7000000000000001,PERI 36,TEa,PERI 36-TEa,459601,20240411
107,0.06041999807541444,0.0068799232122557785,0.0019632500804801513,0.0019840532737175178,0.051184334371986634,-0.0016923442203943748,0.05989723863989921,-0.001459197485316012,0.0018770218827832022,-0.5,PERI 36,TEa,PERI 36-TEa,459601,20240411
108,0.057165104425035085,0.0036250295618764222,0.002013379345471043,0.0019108029148239844,0.047116642551421936,-0.005760036040959073,0.05172676349528651,-0.009629672629928712,0.0016544326854408115,-0.30000000000000004,PERI 36,TEa,PERI 36-TEa,459601,20240411
109,0.05901077798312093,0.00547070311996227,0.002002151528498834,0.0018948344498256723,0.047341448524184974,-0.005535230068196034,0.057330445329965715,-0.004025990795249505,0.0018293354513050954,-0.1,PERI 36,TEa,PERI 36-TEa,459601,20240411
110,0.05962021640872027,0.006080141545561607,0.002149794539086979,0.0021717536054318004,0.057363479607222816,0.004486801014841807,0.05008618088161361,-0.011270255243601611,0.0016526079176492068,0.1,PERI 36,TEa,PERI 36-TEa,459601,20240411
111,0.04766147616822862,-0.005878598694930043,0.0017567178996781342,0.0021023132460045836,0.059534533739196226,0.006657855146815217,0.05081516076319461,-0.01054127536202061,0.0017467944212689265,0.30000000000000004,PERI 36,TEa,PERI 36-TEa,459601,20240411
112,0.04509316389734788,-0.00844691096581078,0.001753084030470217,0.0021808552606214925,0.05906128972120126,0.006184611128820253,0.05247815874183019,-0.008878277383385029,0.0017255823671834076,0.5,PERI 36,TEa,PERI 36-TEa,459601,20240411
113,0.05334858989337155,-0.00019148496978711044,0.001971867165363344,0.002217103074833425,0.05992993208580937,0.007053253493428363,0.053975173570312306,-0.007381262554902915,0.0018240947631129152,0.7000000000000001,PERI 36,TEa,PERI 36-TEa,459601,20240411
114,0.04913389896152094,-0.004406175901637721,0.0018178217068777658,0.0018582696328262106,0.053047562027961494,0.00017088343558048502,0.05451877097181261,-0.00683766515340261,0.001835655802898045,0.9,PERI 36,TEa,PERI 36-TEa,459601,20240411
115,0.04830045233703906,-0.0052396225261196056,0.0018292095701893042,0.0018869937776060852,0.05606577093455561,0.0031890923421745987,0.057835756326015314,-0.0035206797991999064,0.0018878199283507862,1.1,PERI 36,TEa,PERI 36-TEa,459601,20240411
116,0.04348042752332633,-0.010059647339832334,0.0016867198463591305,0.0018493500400193514,0.05157234225360579,-0.0013043363387752194,0.05916213418113774,-0.0021943019440774786,0.0019791067556873343,1.3000000000000003,PERI 36,TEa,PERI 36-TEa,459601,20240411
117,0.046683863194508325,-0.006856211668650337,0.001765591588738173,0.0018149616698618133,0.0488701968029857,-0.004006481789395305,0.06032594795319941,-0.0010304881720158074,0.002022537000658501,1.5,PERI 36,TEa,PERI 36-TEa,459601,20240411
118,0.04796615362529347,-0.005573921237865195,0.0018083815087903432,0.0017272548762474538,0.04682241200518743,-0.006054266587193581,0.06279519606433848,0.0014387599391232561,0.002081696278600142,1.7000000000000002,PERI 36,TEa,PERI 36-TEa,459601,20240411
119,0.043025055592287025,-0.010515019270871638,0.0016311056988325197,0.0017665231660967781,0.04513549390835677,-0.007741184684024238,0.063296649372095,0.0019402132468797836,0.002167666191615075,1.9,PERI 36,TEa,PERI 36-TEa,459601,20240411
120,0.056971356387229576,0.0014839767215300073,0.002402220742088627,0.002651763632402213,0.05699222410144688,0.0023136988379818604,0.07089572266199577,-0.008394015486578726,0.0023684301016701297,-1.9,PERI 36,VIS,PERI 36-VIS,459601,20240411
121,0.06432013486438082,0.00883275519868125,0.002707718057679796,0.0025948459869416375,0.054327638590513254,-0.0003508866729517654,0.07964289234088237,0.00035315419230787237,0.002891860074167557,-1.7000000000000002,PERI 36,VIS,PERI 36-VIS,459601,20240411
122,0.05626690608487081,0.000779526419171242,0.00255486168162153,0.0026397650958863666,0.0540174290855725,-0.0006610961778925201,0.07779536979814776,-0.001494368350426739,0.0027134231583705423,-1.5,PERI 36,VIS,PERI 36-VIS,459601,20240411
123,0.05570752485950502,0.00022014519380544884,0.0024848677884353318,0.0025186294896786783,0.0509715221534919,-0.0037070031099731213,0.08644555808992511,0.007155819941350616,0.0030521672199901825,-1.3000000000000003,PERI 36,VIS,PERI 36-VIS,459601,20240411
124,0.04417097613251158,-0.01131640353318799,0.00210430667624594,0.002893085826217572,0.057083812386300524,0.0024052871228355047,0.08166914785192146,0.002379409703346963,0.0027348575572991164,-1.1,PERI 36,VIS,PERI 36-VIS,459601,20240411
125,0.04349367719641725,-0.011993702469282316,0.0021644605276417124,0.002646899195121256,0.052276639858506224,-0.002401885404958795,0.07812652030891848,-0.0011632178396560194,0.0027147938311763292,-0.9,PERI 36,VIS,PERI 36-VIS,459601,20240411
126,0.05002761963715165,-0.005459760028547915,0.002349180616413802,0.0024792902890980436,0.04684684219136804,-0.00783168307209698,0.0758520649035939,-0.0034376732449805936,0.0027504999219520997,-0.7000000000000001,PERI 36,VIS,PERI 36-VIS,459601,20240411
127,0.050682460200599154,-0.004804919465100414,0.002316506986195686,0.0026172203659731758,0.044469795486452766,-0.010208729777012253,0.0707004039853535,-0.008589334163220996,0.0024460216669266255,-0.5,PERI 36,VIS,PERI 36-VIS,459601,20240411
128,0.05102978003318054,-0.00445759963251903,0.00227587231822107,0.0025140249512855526,0.04515414002083037,-0.009524385242634652,0.064525928294512,-0.014763809854062504,0.0023675902088794647,-0.30000000000000004,PERI 36,VIS,PERI 36-VIS,459601,20240411
129,0.06971651135064581,0.014229131684946245,0.0029386125587768717,0.002569575079028697,0.04997294994930132,-0.0047055753141636986,0.06750428723600736,-0.011785450912567136,0.0023653506190030177,-0.1,PERI 36,VIS,PERI 36-VIS,459601,20240411
130,0.07481887460223813,0.01933149493653856,0.003342143687278532,0.003102415700599112,0.07431610514646818,0.01963757988300316,0.048168125381015586,-0.031121612767558912,0.001895787885381338,0.1,PERI 36,VIS,PERI 36-VIS,459601,20240411
131,0.06118555200853964,0.00569817234284007,0.0027361417661314336,0.0034510632264536175,0.08269107292144198,0.028012547657976963,0.05342565747934453,-0.025864080669229968,0.0021185715739148467,0.30000000000000004,PERI 36,VIS,PERI 36-VIS,459601,20240411
132,0.06494762025220294,0.009460240586503368,0.0027966261330282407,0.0027646125387969034,0.06332028454729571,0.008641759283830694,0.052276337818386476,-0.027013400330188023,0.0019443138392544331,0.5,PERI 36,VIS,PERI 36-VIS,459601,20240411
133,0.06568839235505407,0.0102010126893545,0.0029915790541762207,0.0032822163451508225,0.07502762773379143,0.02034910247032641,0.04761152754256844,-0.031678210606006056,0.001993725106781255,0.7000000000000001,PERI 36,VIS,PERI 36-VIS,459601,20240411
134,0.06210670153689925,0.006619321871199679,0.0028375547831349713,0.0032350946401374665,0.07834107344780061,0.023662548184335594,0.050065115507872945,-0.029224622640701553,0.0020512075437832695,0.9,PERI 36,VIS,PERI 36-VIS,459601,20240411
135,0.06311028554596393,0.007622905880264361,0.0028549857384679864,0.0026251772648284277,0.06338616470198086,0.008707639438515838,0.05771549844565197,-0.021574239702922528,0.002313346062606851,1.1,PERI 36,VIS,PERI 36-VIS,459601,20240411
136,0.05487476343066129,-0.0006126162350382769,0.002520753715600562,0.002568953925033406,0.06297004820109046,0.008291522937625445,0.056902316289046635,-0.022387421859527863,0.0022754060480696947,1.3000000000000003,PERI 36,VIS,PERI 36-VIS,459601,20240411
137,0.06075996487601952,0.005272585210319952,0.0028823203250210394,0.002728127601408939,0.06532788439502833,0.010649359131563313,0.06334677020505335,-0.015942967943521152,0.0024540041082038466,1.5,PERI 36,VIS,PERI 36-VIS,459601,20240411
138,0.0473081341965155,-0.008179245469184068,0.0023353667179067004,0.0028052429934899642,0.06897630086038524,0.01429777559692022,0.06670298760585136,-0.012586750542723138,0.00256050838279615,1.7000000000000002,PERI 36,VIS,PERI 36-VIS,459601,20240411
139,0.055535027853462045,4.7648187762476535e-05,0.002495196236524881,0.0024989004961581372,0.05869911680488543,0.004020591541420412,0.07521573908088046,-0.00407399906769404,0.002731592712441602,1.9,PERI 36,VIS,PERI 36-VIS,459601,20240411
140,0.06631918465670478,0.00114014519125058,0.0023674297237854785,0.0025324449456410364,0.06742248545630435,0.0012592409249184422,0.0764429436575364,-0.0038643222579446135,0.002311749803112008,-1.9,PERI 36,HPC,PERI 36-HPC,459601,20240411
141,0.0675528996232929,0.002373860157838706,0.002406857771177021,0.0026860619531842906,0.07082276479467338,0.0046595202632874755,0.08204613439958593,0.0017388684841049135,0.002618344574164799,-1.7000000000000002,PERI 36,HPC,PERI 36-HPC,459601,20240411
142,0.06596833686720652,0.0007892974017523202,0.0024756477290927767,0.002594998879371178,0.06870439156247803,0.0025411470310921225,0.07782600436381368,-0.0024812615516673353,0.0023510151950154284,-1.5,PERI 36,HPC,PERI 36-HPC,459601,20240411
143,0.06715506482603542,0.001976025360581224,0.002336724126128626,0.0024141409537277655,0.060950651423869996,-0.005212593107515907,0.08441469351762262,0.004107427602141611,0.002560509099446858,-1.3000000000000003,PERI 36,HPC,PERI 36-HPC,459601,20240411
144,0.05889971135403135,-0.006279328111422844,0.002164331258098847,0.0023993991761760937,0.06291592941960372,-0.0032473151117821814,0.08080655363884644,0.0004992877233654242,0.002467488375853404,-1.1,PERI 36,HPC,PERI 36-HPC,459601,20240411
145,0.06073625702401452,-0.004442782441439676,0.002345757707020612,0.002498887016357799,0.0689662203814319,0.002802975850045991,0.08086394574894278,0.0005566798334617623,0.002483310916185801,-0.9,PERI 36,HPC,PERI 36-HPC,459601,20240411
146,0.061817090683127046,-0.003361948782327151,0.002252085887464578,0.0025704479450346083,0.07178926423871738,0.005626019707331481,0.07757577734762945,-0.0027314885678515616,0.0025103383114275287,-0.7000000000000001,PERI 36,HPC,PERI 36-HPC,459601,20240411
147,0.07194347927113647,0.006764439805682268,0.0024235567476958634,0.0025894501150425186,0.07354811880878917,0.007384874277403267,0.06718863530029288,-0.013118630615188129,0.002253815246408286,-0.5,PERI 36,HPC,PERI 36-HPC,459601,20240411
148,0.0706111680617304,0.005432128596276203,0.0025264086984170798,0.0024462901819805654,0.06646807039547498,0.00030482586408907275,0.06723142166643709,-0.013075844249043928,0.0023055457706982274,-0.30000000000000004,PERI 36,HPC,PERI 36-HPC,459601,20240411
149,0.0644685384245296,-0.0007105010409245993,0.0023759691426530646,0.0028069774438557347,0.07994484532213487,0.013781600790748971,0.07129524885034134,-0.009012017065139669,0.0024576639001741866,-0.1,PERI 36,HPC,PERI 36-HPC,459601,20240411
150,0.0642853668747191,-0.0008936725907350979,0.0024713400182471692,0.0029453265227318945,0.09002587066478429,0.023862626133398387,0.0637421410460996,-0.016565124869381415,0.00220785907041205,0.1,PERI 36,HPC,PERI 36-HPC,459601,20240411
151,0.06406601704428097,-0.0011130224211732265,0.002394049092164993,0.002645876805535072,0.08134790912866592,0.015184664597280018,0.06313967503576326,-0.017167590879717753,0.002200860497682299,0.30000000000000004,PERI 36,HPC,PERI 36-HPC,459601,20240411
152,0.054614445637130346,-0.010564593828323851,0.002064264717835782,0.002770699897618936,0.07385876520539457,0.007695520674008666,0.0714418056244151,-0.008865460291065913,0.0024743675827572087,0.5,PERI 36,HPC,PERI 36-HPC,459601,20240411
153,0.05320136871082701,-0.01197767075462719,0.0022058274786147425,0.0026924883811383104,0.07879753996500108,0.012634295433615175,0.06820042522252408,-0.012106840692956936,0.002371935560807505,0.7000000000000001,PERI 36,HPC,PERI 36-HPC,459601,20240411
154,0.05085596763948646,-0.014323071825967738,0.0021049948289777977,0.0028578897424852475,0.09061396102697424,0.02445071649558833,0.06906806914329781,-0.0112391967721832,0.0022644309438689544,0.9,PERI 36,HPC,PERI 36-HPC,459601,20240411
155,0.04746735860701383,-0.017711680858440368,0.001952619601283304,0.002883468428106854,0.09771637654955952,0.03155313201817361,0.07009245325274631,-0.010214812662734704,0.002321734186313156,1.1,PERI 36,HPC,PERI 36-HPC,459601,20240411
156,0.04723769698085243,-0.017941342484601767,0.002156150684649514,0.0028355004685477543,0.09245837355960959,0.026295129028223688,0.07102954083385375,-0.009277725081627261,0.0024207919087489344,1.3000000000000003,PERI 36,HPC,PERI 36-HPC,459601,20240411
157,0.05520705241636332,-0.009971987049090879,0.002214492295598993,0.0026318199278809475,0.07512613907356867,0.00896289454218277,0.06941314814968466,-0.010894117765796352,0.0024193925929568943,1.5,PERI 36,HPC,PERI 36-HPC,459601,20240411
158,0.05682759030995642,-0.008351449155497778,0.0022686035710441136,0.002513789082346326,0.07852998229909766,0.012366737767711758,0.07329282079435141,-0.0070144451211296005,0.0026490614438737267,1.7000000000000002,PERI 36,HPC,PERI 36-HPC,459601,20240411
159,0.05774182723472482,-0.007437212230729379,0.002141591470114076,0.0024443368355988853,0.06883116002022219,0.002667915488836284,0.0786477784325344,-0.0016594874829466144,0.0027478329267502186,1.9,PERI 36,HPC,PERI 36-HPC,459601,20240411
160,0.044951379195519905,-0.0015305055343944399,0.0017895161918314978,0.001988999909144103,0.053663166866623556,-0.0008860180308208829,0.04831366705506669,-0.0010584784005525927,0.0018042675383300487,-1.9,TEa,PERI 35,TEa-PERI 35,459601,20240411
161,0.05172287539800397,0.005240990668089626,0.0018670340921310177,0.002023395004393503,0.05665607707845828,0.002106892181013842,0.0497101487838796,0.00033800332826031815,0.0018644255378016878,-1.7000000000000002,TEa,PERI 35,TEa-PERI 35,459601,20240411
162,0.050326616432240096,0.00384473170232575,0.001847121971150452,0.001890621738419047,0.05364189251695949,-0.0009072923804849461,0.048076863967464085,-0.0012952814881551991,0.0018367269920170634,-1.5,TEa,PERI 35,TEa-PERI 35,459601,20240411
163,0.04321488892002747,-0.0032669958098868745,0.0017243487237798914,0.0018821724996190437,0.05178641794545418,-0.0027627669519902573,0.04754869424113938,-0.0018234512144799028,0.00177713582194453,-1.3000000000000003,TEa,PERI 35,TEa-PERI 35,459601,20240411
164,0.04219366370378027,-0.004288221026134076,0.0017497255631935497,0.0021238270697295325,0.05699837007972666,0.0024491851822822236,0.05321135323054667,0.0038392077749273834,0.001847118233989123,-1.1,TEa,PERI 35,TEa-PERI 35,459601,20240411
165,0.04330577998927611,-0.0031761047406382373,0.0017906775607901672,0.0019547958161765695,0.0514974596993955,-0.0030517251980489365,0.0524237244565107,0.0030515790008914176,0.0018693740086314224,-0.9,TEa,PERI 35,TEa-PERI 35,459601,20240411
166,0.047429079298201345,0.0009471945682869992,0.0019091993882026342,0.0019537396212360634,0.05405650086682421,-0.0004926840306202288,0.04980009382531269,0.00042794836969340527,0.0018616164657016617,-0.7000000000000001,TEa,PERI 35,TEa-PERI 35,459601,20240411
167,0.044850606818901635,-0.0016312779110127101,0.0018153085185723728,0.0019260241628570676,0.048991575878200015,-0.005557609019244424,0.04695998521399769,-0.0024121602416215943,0.0017354038501209222,-0.5,TEa,PERI 35,TEa-PERI 35,459601,20240411
168,0.044851247452916916,-0.0016306372769974292,0.0018967745854006077,0.001976900820586299,0.047805145989049475,-0.006744038908394964,0.046968829484174045,-0.00240331597144524,0.0018106729664451955,-0.30000000000000004,TEa,PERI 35,TEa-PERI 35,459601,20240411
169,0.05104896167660435,0.004567076946690007,0.0019934476089256436,0.0017850842780397812,0.04417723167105569,-0.010371953226388751,0.04746394225082013,-0.001908203204799154,0.001725156337790542,-0.1,TEa,PERI 35,TEa-PERI 35,459601,20240411
170,0.042368741232435884,-0.004113143497478461,0.001857832900530875,0.002043956470241149,0.04876944489502386,-0.005779740002420576,0.04676373651980827,-0.0026084089358110116,0.0018246563307272084,0.1,TEa,PERI 35,TEa-PERI 35,459601,20240411
171,0.043782027238623816,-0.002699857491290529,0.0019559934580338813,0.0018424771046261816,0.04558162844588847,-0.008967556451555968,0.044802647862834596,-0.004569497592784688,0.0016673286861251507,0.30000000000000004,TEa,PERI 35,TEa-PERI 35,459601,20240411
172,0.04704845942104536,0.0005665746911310138,0.0019253901040319644,0.0018530392740118882,0.04798321445463086,-0.006565970442813582,0.04487456169001538,-0.004497583765603906,0.0016729849611761285,0.5,TEa,PERI 35,TEa-PERI 35,459601,20240411
173,0.05027983388451825,0.003797949154603908,0.0019933807662587378,0.0019271372926792055,0.05103238041194898,-0.0035168044854954617,0.043897016933311446,-0.005475128522307839,0.0016589751510267307,0.7000000000000001,TEa,PERI 35,TEa-PERI 35,459601,20240411
174,0.048174009108590925,0.0016921243786765794,0.001816402874666807,0.0018697315053233885,0.04828932287198119,-0.0062598620254632475,0.04880469096631915,-0.0005674544893001371,0.0018646470486693683,0.9,TEa,PERI 35,TEa-PERI 35,459601,20240411
175,0.05116707044185667,0.004685185711942326,0.0018263538955552159,0.001822920412585491,0.04705621048066974,-0.0074929744167746976,0.05290822252277714,0.0035360770671578542,0.0019630763391872115,1.1,TEa,PERI 35,TEa-PERI 35,459601,20240411
176,0.05173018843472238,0.005248303704808034,0.0018615572660433321,0.0018264399491846614,0.04520610960164059,-0.009343075295803846,0.05294131804024837,0.0035691725846290837,0.001945705545588921,1.3000000000000003,TEa,PERI 35,TEa-PERI 35,459601,20240411
177,0.0464156142848124,-6.627044510194857e-05,0.0017479947640752925,0.0017050782937316554,0.045090159953163136,-0.009459024944281302,0.051233331318086064,0.0018611858624667799,0.0019229754249118836,1.5,TEa,PERI 35,TEa-PERI 35,459601,20240411
178,0.03970430157479387,-0.006777583155120476,0.0016160825122067829,0.0017047589953462627,0.04080068135158968,-0.01374850354585476,0.05286443146224623,0.003492286006626946,0.0020481506920501063,1.7000000000000002,TEa,PERI 35,TEa-PERI 35,459601,20240411
179,0.03986894655084884,-0.006612938179065504,0.0015776940387877876,0.0019199807447396766,0.0475480265259039,-0.007001158371540542,0.051552760469352116,0.002180615013732831,0.002082741211664274,1.9,TEa,PERI 35,TEa-PERI 35,459601,20240411
180,0.06222976093643387,0.0026896861636222374,0.0023428756404828685,0.002405038301861787,0.06326303701347097,0.000773332073384557,0.06412954917280873,-0.0030969981755531034,0.0021338785515947266,-1.9,TEa,PERI 36,TEa-PERI 36,459601,20240411
181,0.06558077500983885,0.006040700237027213,0.0023312458891544315,0.002367499795186368,0.06270951445154,0.00021980951145358224,0.06609988043571709,-0.0011266669126447498,0.0022495495460498295,-1.7000000000000002,TEa,PERI 36,TEa-PERI 36,459601,20240411
182,0.06322071945610075,0.0036806446832891165,0.002200993614941682,0.0024922138792197,0.0642428157362957,0.0017531107962092882,0.06481831112026895,-0.002408236228092886,0.002265100518022118,-1.5,TEa,PERI 36,TEa-PERI 36,459601,20240411
183,0.05522722988081767,-0.004312844891993961,0.002055707634338969,0.00230045866482095,0.05767431535090053,-0.004815389589185884,0.07049738101289782,0.0032708336645359826,0.0023605441768782625,-1.3000000000000003,TEa,PERI 36,TEa-PERI 36,459601,20240411
184,0.05144188858086701,-0.00809818619194462,0.0019498839323179244,0.0025204650146733987,0.06455884214822483,0.002069137208138415,0.07058761500011655,0.003361067651754715,0.0022412574625062845,-1.1,TEa,PERI 36,TEa-PERI 36,459601,20240411
185,0.05787161364902777,-0.0016684611237838612,0.002220821731594674,0.0023182218436049503,0.060707590512226246,-0.0017821144278601653,0.0728528595419643,0.005626312193602462,0.0022684541428957313,-0.9,TEa,PERI 36,TEa-PERI 36,459601,20240411
186,0.05834826680856266,-0.0011918079642489754,0.0021647889999603575,0.002396888064892206,0.061394008724127105,-0.0010956962159593062,0.06205956021676799,-0.005166987131593845,0.002069350118010067,-0.7000000000000001,TEa,PERI 36,TEa-PERI 36,459601,20240411
187,0.06783404667202497,0.00829397189921334,0.0023601454043039615,0.002215233677654519,0.05576450050418228,-0.006725204435904131,0.05946338629895033,-0.007763161049411507,0.0020012492329873973,-0.5,TEa,PERI 36,TEa-PERI 36,459601,20240411
188,0.06301514723848042,0.003475072465668791,0.002361070065687411,0.0022710185958398897,0.0546705838785893,-0.007819121061497111,0.052850767040412916,-0.014375780307948921,0.001835840039740808,-0.30000000000000004,TEa,PERI 36,TEa-PERI 36,459601,20240411
189,0.06835854253802011,0.008818467765208476,0.0023920840829430743,0.0022230598435456477,0.05420773498522717,-0.00828196995485924,0.05756023460088356,-0.009666312747478277,0.0019491431041924058,-0.1,TEa,PERI 36,TEa-PERI 36,459601,20240411
190,0.060173135632564455,0.0006330608597528223,0.002237341878436594,0.0024507946318559942,0.06289577773066485,0.0004060727905784364,0.04965715983529678,-0.017569387513065055,0.0017650376312233723,0.1,TEa,PERI 36,TEa-PERI 36,459601,20240411
191,0.05671042674072466,-0.002829648032086969,0.0021928152142217257,0.002493301625675307,0.066713295848056,0.004223590907969595,0.0512351702294056,-0.015991377118956235,0.001895612852351843,0.30000000000000004,TEa,PERI 36,TEa-PERI 36,459601,20240411
192,0.056321623762732864,-0.0032184510100787683,0.002177314022976534,0.002332939779438575,0.061943093859351935,-0.0005466110807344771,0.05548011228345248,-0.011746435064909355,0.0019822559617555455,0.5,TEa,PERI 36,TEa-PERI 36,459601,20240411
193,0.060293779629222104,0.0007537048564104712,0.0023031445031037774,0.002470556490054016,0.06423994419351674,0.001750239253430326,0.05370988547014601,-0.013516661878215826,0.001967351188388579,0.7000000000000001,TEa,PERI 36,TEa-PERI 36,459601,20240411
194,0.057273035912148586,-0.0022670388606630468,0.0022789008884281725,0.0025380109565685104,0.06957648164798201,0.007086776707895599,0.054075100551284935,-0.013151446797076902,0.0019353431161183952,0.9,TEa,PERI 36,TEa-PERI 36,459601,20240411
195,0.05124573604002096,-0.008294338732790674,0.0020959388293780583,0.002443854977202777,0.06780781709056967,0.005318112150483258,0.0658402218377247,-0.0013863255106371375,0.0023233490136315865,1.1,TEa,PERI 36,TEa-PERI 36,459601,20240411
196,0.04957621810196715,-0.009963856670844484,0.0020650987058477024,0.002385388778642689,0.06067891448256108,-0.0018107904575253297,0.06883808014709802,0.0016115327987361872,0.0024526683356393382,1.3000000000000003,TEa,PERI 36,TEa-PERI 36,459601,20240411
197,0.0535464073425062,-0.005993667430305431,0.00206215243206836,0.0022825156823543273,0.05967894902417673,-0.0028107559159096795,0.06751951525979868,0.00029296791143684775,0.0023788814291583046,1.5,TEa,PERI 36,TEa-PERI 36,459601,20240411
198,0.04944251391392006,-0.010097560858891574,0.001957053821651301,0.0023236383480062473,0.058474363082331185,-0.004015341857755227,0.0701307937107765,0.002904246362414667,0.002465126069205617,1.7000000000000002,TEa,PERI 36,TEa-PERI 36,459601,20240411
199,0.04555611623674053,-0.013983958536071102,0.0017586479620472371,0.0023587870196178197,0.05711337298183132,-0.005376331958255091,0.07228948458054456,0.005062937232182721,0.002587108314937966,1.9,TEa,PERI 36,TEa-PERI 36,459601,20240411
200,0.07377511913446029,0.004435342104051471,0.004261684268025223,0.0044542250094577,0.07646403532833788,0.004672152431517043,0.08163392997337061,-0.013665729461756648,0.004257226439699057,-1.9,TEa,VIS,TEa-VIS,459601,20240411
201,0.07714355123397207,0.007803774203563249,0.004509875838869505,0.004325745948640487,0.07328304075064353,0.001491157853822686,0.09455435488178988,-0.0007453045533373781,0.005241058394713139,-1.7000000000000002,TEa,VIS,TEa-VIS,459601,20240411
202,0.066581452365424,-0.0027583246649848236,0.004210034742767653,0.004275557892225662,0.06894051023404481,-0.0028513726627760333,0.09498449455992883,-0.0003151648751984343,0.005117154318505866,-1.5,TEa,VIS,TEa-VIS,459601,20240411
203,0.06687309095408944,-0.002466686076319377,0.004399999374062924,0.0040893776408423305,0.06841465368567513,-0.0033772292111457075,0.10101997174288607,0.00572031230775881,0.005262982308739032,-1.3000000000000003,TEa,VIS,TEa-VIS,459601,20240411
204,0.06232567146409828,-0.00701410556631054,0.003893963822994515,0.00447837463424733,0.07185717448540291,6.529158858206707e-05,0.1043055460176609,0.009005886582533637,0.005162917141767693,-1.1,TEa,VIS,TEa-VIS,459601,20240411
205,0.06053725784603553,-0.00880251918437329,0.0038879380910364684,0.0042055517940908305,0.06529633146977902,-0.006495551427041821,0.10226440730439709,0.00696474786926983,0.005079515754580656,-0.9,TEa,VIS,TEa-VIS,459601,20240411
206,0.060566673409149466,-0.008773103621259354,0.004037479140965552,0.004376830166690087,0.06744008152125185,-0.004351801375568995,0.10050997433526489,0.005210314900137625,0.005125047192954011,-0.7000000000000001,TEa,VIS,TEa-VIS,459601,20240411
207,0.06194495590454769,-0.00739482112586113,0.004068936501980663,0.004668400741114035,0.06416371909037397,-0.007628163806446875,0.09967104860789508,0.004371389172767817,0.0049266225179872445,-0.5,TEa,VIS,TEa-VIS,459601,20240411
208,0.06232992568871297,-0.00700985134169585,0.003935573588046431,0.003860465319324863,0.05941834922304479,-0.012373533673776048,0.09351119381736936,-0.0017884656177579034,0.0049987955354262575,-0.30000000000000004,TEa,VIS,TEa-VIS,459601,20240411
209,0.08835909421047736,0.019019317180068537,0.005140158124824456,0.0041654792569936795,0.0594363057559259,-0.012355577140894941,0.093296111565155,-0.002003547869972269,0.004872866135216106,-0.1,TEa,VIS,TEa-VIS,459601,20240411
210,0.0965176803705563,0.027177903340147483,0.005778596620527722,0.004557559758185389,0.07687647554887077,0.005084592652049927,0.07378608975187029,-0.021513569683256975,0.004101297557127013,0.1,TEa,VIS,TEa-VIS,459601,20240411
211,0.08389212224866598,0.014552345218257157,0.0051250649848064165,0.0048920630343192795,0.08400756842441437,0.012215685527593528,0.07237275304688835,-0.02292690638823891,0.004177816756610536,0.30000000000000004,TEa,VIS,TEa-VIS,459601,20240411
212,0.08388878457130719,0.01454900754089837,0.004999677717289279,0.004189851321816311,0.06625645168187215,-0.005535431214948691,0.07342754092828883,-0.02187211850683843,0.004069451521535541,0.5,TEa,VIS,TEa-VIS,459601,20240411
213,0.10383788172200292,0.0344981046915941,0.005320988582374623,0.0045623362001209,0.07496371013069048,0.003171827233869634,0.06798993707725762,-0.027309722357869645,0.004077457413231769,0.7000000000000001,TEa,VIS,TEa-VIS,459601,20240411
214,0.09441677405745603,0.025076997027047215,0.004916493522588858,0.0046558305488780954,0.07829245102623503,0.006500568129414186,0.07590965029993593,-0.01939000913519133,0.004445582323658437,0.9,TEa,VIS,TEa-VIS,459601,20240411
215,0.0968522872103274,0.027512510179918584,0.004832323157810475,0.0037698008223533055,0.06256100549684351,-0.009230877399977327,0.08564388593428968,-0.009655773500837586,0.00480539958172375,1.1,TEa,VIS,TEa-VIS,459601,20240411
216,0.09215900982591752,0.022819232795508695,0.004643558616040186,0.003600036700413721,0.055172320111501395,-0.016619562785319446,0.08775212673678393,-0.007547532698343337,0.004667791932928889,1.3000000000000003,TEa,VIS,TEa-VIS,459601,20240411
217,0.08459345718483724,0.01525368015442842,0.004867202042521227,0.004143483540267655,0.06868030126027887,-0.003111581636541974,0.0917304507194289,-0.003569208715698366,0.004776939989083277,1.5,TEa,VIS,TEa-VIS,459601,20240411
218,0.06383876945580207,-0.005501007574606753,0.004170250053521977,0.00437697019096759,0.06785202530972373,-0.003939857587097112,0.08846965692469905,-0.006830002510428215,0.004524046348402463,1.7000000000000002,TEa,VIS,TEa-VIS,459601,20240411
219,0.06685865569263517,-0.002481121337773645,0.004188667130138439,0.004004738691214053,0.06220923600516121,-0.009582646891659628,0.10387234588040062,0.008572686445273356,0.005202884665505092,1.9,TEa,VIS,TEa-VIS,459601,20240411
220,0.08981013553694965,0.008114151336266917,0.004248262852819713,0.0042681534318518,0.09112539328284947,0.0029393664119156393,0.08590183655422269,-0.008198709863089376,0.0038988467685517484,-1.9,TEa,HPC,TEa-HPC,459601,20240411
221,0.08494133571230432,0.003245351511621586,0.004111747115098957,0.004447863780161295,0.0979358381663372,0.00974981129540338,0.0973592350494637,0.0032586886321516323,0.0045758288328782105,-1.7000000000000002,TEa,HPC,TEa-HPC,459601,20240411
222,0.07622073149486522,-0.0054752527058175154,0.0039059660663066666,0.004063427045158121,0.08450492429618334,-0.003681102574750489,0.09073754490428686,-0.00336300151302521,0.004135691879413626,-1.5,TEa,HPC,TEa-HPC,459601,20240411
223,0.07920141299083416,-0.00249457120984857,0.003977906029455996,0.0038603097347608617,0.08473105679317493,-0.003454970077758898,0.09758700747698827,0.0034864610596762047,0.004533428149404201,-1.3000000000000003,TEa,HPC,TEa-HPC,459601,20240411
224,0.07830630526846033,-0.0033896789322224036,0.00391675694600447,0.003890140836648598,0.08263292181612414,-0.005553105054809687,0.09891710810159879,0.0048165616842867215,0.004344982738716134,-1.1,TEa,HPC,TEa-HPC,459601,20240411
225,0.08394258990319704,0.0022466057025143094,0.004075558198157093,0.003974782942064197,0.08705064169084822,-0.0011353851800856019,0.10225109509801494,0.008150548680702877,0.004491117076962691,-0.9,TEa,HPC,TEa-HPC,459601,20240411
226,0.07343810016787859,-0.008257884032804141,0.003650979755548169,0.004273574236056421,0.0989366147453913,0.01075058787445747,0.10209443471527631,0.007993888297964241,0.004513002840956527,-0.7000000000000001,TEa,HPC,TEa-HPC,459601,20240411
227,0.0871181852492052,0.005422201048522465,0.003939132576411475,0.004457496132462113,0.10444698411039874,0.016260957239464913,0.09264427648708021,-0.00145626993023186,0.004302655182151773,-0.5,TEa,HPC,TEa-HPC,459601,20240411
228,0.08520874164642962,0.003512757445746889,0.004227237147525664,0.0041329601275316725,0.09015406721299539,0.001968040342061564,0.09490337226659426,0.0008028258492821932,0.004563619518538608,-0.30000000000000004,TEa,HPC,TEa-HPC,459601,20240411
229,0.07885726023090635,-0.0028387239697763855,0.003785029371515952,0.004468637978469453,0.09354097081545652,0.005354943944522697,0.0977271384150729,0.0036265919977608307,0.0046709867304331335,-0.1,TEa,HPC,TEa-HPC,459601,20240411
230,0.08038954773209124,-0.001306436468591493,0.004105562216303856,0.004455439890571319,0.09421397615542458,0.006027949284490755,0.09687186000973551,0.002771313592423441,0.004617625900313404,0.1,TEa,HPC,TEa-HPC,459601,20240411
231,0.08514359766351537,0.0034476134628326355,0.004246794659932085,0.003794949715424348,0.07955718661251153,-0.008628840258422296,0.09444738379940393,0.00034683738209186077,0.004481283554445566,0.30000000000000004,TEa,HPC,TEa-HPC,459601,20240411
232,0.07315304318629541,-0.008542941014387323,0.0037072933344955874,0.00410241874443194,0.07756530527759607,-0.010620721593337754,0.10210394809365932,0.00800340167634725,0.00496906491357373,0.5,TEa,HPC,TEa-HPC,459601,20240411
233,0.08131205280119297,-0.00038393139948976474,0.0037923122329450317,0.003879526138779504,0.08001775538329595,-0.00816827148763788,0.10347395596343861,0.009373409546126546,0.005018264677510792,0.7000000000000001,TEa,HPC,TEa-HPC,459601,20240411
234,0.08118450227303373,-0.0005114819276490074,0.003748312218279296,0.004158011336805027,0.08727165760379095,-0.0009143692671428755,0.10935391314808138,0.01525336673076931,0.004911300937440432,0.9,TEa,HPC,TEa-HPC,459601,20240411
235,0.072695328183596,-0.00900065601708673,0.0033418951926914194,0.004167405523145514,0.09133043773535712,0.003144410864423297,0.10398119886530323,0.009880652447991162,0.004722051407062328,1.1,TEa,HPC,TEa-HPC,459601,20240411
236,0.08015784610683899,-0.0015381380938437467,0.0037237254839396472,0.004142054280497324,0.09010395747836986,0.0019179306074360303,0.10932499170467173,0.015224445287359667,0.004988727906239618,1.3000000000000003,TEa,HPC,TEa-HPC,459601,20240411
237,0.07672156745431137,-0.004974416746371363,0.003703112587346042,0.003934138029488954,0.07827641235814901,-0.009909614512784812,0.10394425722183473,0.009843710804522662,0.004835085775684066,1.5,TEa,HPC,TEa-HPC,459601,20240411
238,0.07251492401589815,-0.009181060184784581,0.0038283302604515974,0.003971547440082899,0.07535567354165698,-0.012830353329276845,0.09759283355494154,0.003492287137629474,0.004745943210499402,1.7000000000000002,TEa,HPC,TEa-HPC,459601,20240411
239,0.06675933751325425,-0.014936646687428487,0.0034294757861485564,0.0038924467186146738,0.07085865164516078,-0.017327375225773045,0.10042046314429541,0.006319916726983343,0.004932436094472318,1.9,TEa,HPC,TEa-HPC,459601,20240411
240,0.06917013790924495,-0.0018349274974633345,0.0030391357329689395,0.0031529279776367058,0.07251993808855463,-0.0017172673810623568,0.07670181275374008,0.00014944085312307287,0.003169666610649961,-1.9,VIS,PERI 35,VIS-PERI 35,459601,20240411
241,0.07844631481073189,0.007441249404023603,0.0032473470700211974,0.003255070322791311,0.07391532522743727,-0.00032188024217971734,0.07729295147233721,0.0007405795717202041,0.003119449462324386,-1.7000000000000002,VIS,PERI 35,VIS-PERI 35,459601,20240411
242,0.07781662760914636,0.006811562202438073,0.0032563165468516213,0.0032463813353025435,0.07768388065306045,0.003446675183443465,0.07496632134969801,-0.0015860505509189965,0.0031508419034426633,-1.5,VIS,PERI 35,VIS-PERI 35,459601,20240411
243,0.06685075698007395,-0.004154308426634334,0.002999270190897101,0.00306153285490647,0.07105759806876712,-0.003179607400849868,0.07688305837256645,0.00033068647194944845,0.0031353233960256144,-1.3000000000000003,VIS,PERI 35,VIS-PERI 35,459601,20240411
244,0.06274148972434422,-0.008263575682364063,0.0030139741238320666,0.0034431171773546695,0.07600928531026543,0.0017720798406484495,0.07691771555474332,0.00036534365412631276,0.003064853178178888,-1.1,VIS,PERI 35,VIS-PERI 35,459601,20240411
245,0.0644887262208188,-0.00651633918588948,0.003132648442319927,0.0032165859788474767,0.07111608124443328,-0.003121124225183708,0.07996585556394208,0.0034134836633250704,0.0032855547769060573,-0.9,VIS,PERI 35,VIS-PERI 35,459601,20240411
246,0.07341719191204882,0.002412126505340534,0.0035350847533146138,0.0029797207305942964,0.06449022312883713,-0.00974698234077985,0.07911840763402947,0.002566035733412464,0.0032664271103932238,-0.7000000000000001,VIS,PERI 35,VIS-PERI 35,459601,20240411
247,0.0643274567374124,-0.006677608669295884,0.0031056143584594427,0.003118004313419008,0.0619537056040835,-0.012283499865533481,0.0734468206615829,-0.00310555123903411,0.0030094713379068562,-0.5,VIS,PERI 35,VIS-PERI 35,459601,20240411
248,0.06175510024949374,-0.009249965157214546,0.0031167129188789805,0.003180620537175662,0.0632846224953741,-0.010952582974242883,0.07322181550650408,-0.0033305563941129213,0.0031611635303453248,-0.30000000000000004,VIS,PERI 35,VIS-PERI 35,459601,20240411
249,0.07287543418412268,0.001870368777414394,0.0033378209352677023,0.002938374206492521,0.0646257840781335,-0.00961142139148348,0.07284303298057238,-0.0037093389200446303,0.0029642152338109325,-0.1,VIS,PERI 35,VIS-PERI 35,459601,20240411
250,0.0730788916438466,0.00207382623713831,0.003451349286815329,0.0036961012925193133,0.08347517269481594,0.009237967225198956,0.062260211752164944,-0.014292160148452061,0.0029149329943504772,0.1,VIS,PERI 35,VIS-PERI 35,459601,20240411
251,0.06919526330411509,-0.001809802102593197,0.0033278434562704754,0.0033447504168258426,0.0744977368082906,0.00026053133867361133,0.06128752970221457,-0.015264842198402434,0.0027170910235066047,0.30000000000000004,VIS,PERI 35,VIS-PERI 35,459601,20240411
252,0.08008859110820626,0.00908352570149798,0.0032565758070569944,0.0031033544289284973,0.07525650562191571,0.00101930015229873,0.060783395433477674,-0.01576897646713933,0.0027046712937863976,0.5,VIS,PERI 35,VIS-PERI 35,459601,20240411
253,0.08353472592662246,0.01252966051991418,0.0034907404700848955,0.003340382004534427,0.08015170964925433,0.005914504179637348,0.06017043817226166,-0.016381933728355343,0.002771788726878135,0.7000000000000001,VIS,PERI 35,VIS-PERI 35,459601,20240411
254,0.07819609932272299,0.007191033916014708,0.003164515980409896,0.0032802101579799204,0.07668076473328359,0.0024435592636666004,0.06511740072491862,-0.011434971175698389,0.0030375334016745346,0.9,VIS,PERI 35,VIS-PERI 35,459601,20240411
255,0.09073566322525496,0.019730597818546677,0.0034837935619838026,0.003192329897462454,0.07042015506748064,-0.0038170504021363405,0.07057644414443486,-0.0059759277561821506,0.0031421190590979107,1.1,VIS,PERI 35,VIS-PERI 35,459601,20240411
256,0.08913829693474234,0.01813323152803406,0.00356789205816122,0.0032703929293946663,0.0759172971109868,0.001680091641369813,0.07203136824257698,-0.004521003658040021,0.0030435903101703222,1.3000000000000003,VIS,PERI 35,VIS-PERI 35,459601,20240411
257,0.07754028290261757,0.006535217495909282,0.0032143879849950725,0.003088355015428323,0.07474944175392023,0.0005122362843032469,0.07162103400364964,-0.004931337896967369,0.0030546266062744577,1.5,VIS,PERI 35,VIS-PERI 35,459601,20240411
258,0.05773524671281898,-0.013269818693889303,0.002693574982691369,0.002977248769336764,0.07271262310421908,-0.001524582365397903,0.07458410381397419,-0.001968268086642813,0.0032594039235722197,1.7000000000000002,VIS,PERI 35,VIS-PERI 35,459601,20240411
259,0.06381929366573788,-0.007185771740970404,0.002766241979574721,0.003266742387372768,0.08251284119000205,0.00827563572038506,0.07371895259748329,-0.0028334193031337163,0.003246876753470792,1.9,VIS,PERI 35,VIS-PERI 35,459601,20240411
260,0.0990638034135766,0.006004573412038819,0.00393653661962249,0.003761049320308394,0.08494056205002701,8.49155669514351e-05,0.09840766096520549,-0.004465686088694298,0.003693665491902142,-1.9,VIS,PERI 36,VIS-PERI 36,459601,20240411
261,0.10166650560285645,0.008607275601318673,0.003935227882883001,0.003639253644956444,0.0817691628623628,-0.003086483620712774,0.09974953096972942,-0.0031238160841703666,0.0038236966632797156,-1.7000000000000002,VIS,PERI 36,VIS-PERI 36,459601,20240411
262,0.09774275652691339,0.004683526525375611,0.003926870559301812,0.004095283861722678,0.09307906105281097,0.008223414569735396,0.10303622951569451,0.00016288246179471666,0.003937001121106792,-1.5,VIS,PERI 36,VIS-PERI 36,459601,20240411
263,0.08895102947464739,-0.004108200526890385,0.0037204745663210357,0.003740318480539135,0.08042981626702866,-0.004425830216046908,0.10983206033989472,0.0069587132859949274,0.0040279450911031925,-1.3000000000000003,VIS,PERI 36,VIS-PERI 36,459601,20240411
264,0.07787205498969509,-0.01518717501184269,0.003435506966064986,0.004013152208383603,0.08405963018314841,-0.000796016299927163,0.10334125347897481,0.0004679064250750209,0.003821656306788101,-1.1,VIS,PERI 36,VIS-PERI 36,459601,20240411
265,0.08375314033158658,-0.009306089669951195,0.0038424667316113476,0.003791448007022809,0.08117272836661207,-0.003682918116463499,0.10677135873600288,0.003898011682103089,0.0038904611907890118,-0.9,VIS,PERI 36,VIS-PERI 36,459601,20240411
266,0.09074442165518927,-0.002314808346348507,0.004072354299353028,0.0036213115837100893,0.07214370882904461,-0.012711937654030961,0.09922561182562376,-0.003647735228276036,0.0035676845446425288,-0.7000000000000001,VIS,PERI 36,VIS-PERI 36,459601,20240411
267,0.09299462574982655,-6.460425171123108e-05,0.0040990285342701145,0.0035033538630759586,0.06754548129931287,-0.017310165183762702,0.09206609407708079,-0.010807252976819004,0.0035055659783642624,-0.5,VIS,PERI 36,VIS-PERI 36,459601,20240411
268,0.08771359119962263,-0.005345638801915145,0.003876390437900836,0.0035864318432886283,0.07114196810680576,-0.013713678376269814,0.0836579185134026,-0.019215428540497195,0.003136383120638261,-0.30000000000000004,VIS,PERI 36,VIS-PERI 36,459601,20240411
269,0.10146556761700956,0.008406337615471784,0.003947977267981063,0.0036355506038908358,0.07941466771424648,-0.005440978768829097,0.08649092592425933,-0.01638242112964046,0.00333843012451564,-0.1,VIS,PERI 36,VIS-PERI 36,459601,20240411
270,0.10069527577726883,0.007636045775731057,0.003960462309279098,0.004411272844969292,0.10897823513996667,0.024122588656891097,0.06730113361843275,-0.03557221343546704,0.002833012631609516,0.1,VIS,PERI 36,VIS-PERI 36,459601,20240411
271,0.08533833219922908,-0.007720897802308696,0.0035295771519007544,0.004365339372116349,0.10505839133305374,0.020202744849978166,0.0719510572376659,-0.03092228981623389,0.003210561126792321,0.30000000000000004,VIS,PERI 36,VIS-PERI 36,459601,20240411
272,0.09578274210058425,0.0027235120990464767,0.003796143781282906,0.004017320190232558,0.09959595811205904,0.014740311628983468,0.07586068430160875,-0.027012662752291042,0.0032593933603936877,0.5,VIS,PERI 36,VIS-PERI 36,459601,20240411
273,0.09304685593388458,-1.237406765319804e-05,0.003886909787383266,0.004196286340090541,0.10222298739976916,0.01736734091669359,0.07402743917771251,-0.02884590787618728,0.0033203286866197207,0.7000000000000001,VIS,PERI 36,VIS-PERI 36,459601,20240411
274,0.09180509938074813,-0.001254130620789648,0.004019367590509436,0.004279046563723474,0.10695591843935887,0.022100271956283293,0.07444519067497636,-0.02842815637892343,0.0032368230728662983,0.9,VIS,PERI 36,VIS-PERI 36,459601,20240411
275,0.08719625991311546,-0.00586297008842232,0.0037300283594028528,0.004222526548681551,0.10034747193922516,0.015491825456149591,0.08684744454883009,-0.016025902505069703,0.0036801817112633727,1.1,VIS,PERI 36,VIS-PERI 36,459601,20240411
276,0.08046759116550484,-0.01259163883603294,0.0037351535529938193,0.004305085617288687,0.10276729811213398,0.017911651629058403,0.0911227108133775,-0.011750636240522291,0.003869639034411423,1.3000000000000003,VIS,PERI 36,VIS-PERI 36,459601,20240411
277,0.08297035550861784,-0.010088874492919939,0.0035657263649527355,0.003953098736759239,0.09832057887489297,0.013464932391817397,0.09295921376478361,-0.009914133289116181,0.003804481114894498,1.5,VIS,PERI 36,VIS-PERI 36,459601,20240411
278,0.07153773580729304,-0.021521494194244734,0.003202570686733066,0.003977515492167515,0.1021888755363559,0.01733322905328033,0.09502035652544165,-0.007852990528458142,0.0038479477021397873,1.7000000000000002,VIS,PERI 36,VIS-PERI 36,459601,20240411
279,0.07186853830181061,-0.021190691699727163,0.0030977393549127485,0.004076366134339338,0.09972621558518215,0.014870569102106573,0.10269418529439743,-0.0001791617595023609,0.003956122385546068,1.9,VIS,PERI 36,VIS-PERI 36,459601,20240411
280,0.10405278677558522,0.0052309495695434804,0.005257098712686867,0.0054128246446880045,0.09662957480342685,0.005532908546694609,0.1102325621159131,-0.004271781091339563,0.005428052517413904,-1.9,VIS,TEa,VIS-TEa,459601,20240411
281,0.10778500248941257,0.008963165283370836,0.005478767552499738,0.00493640421999493,0.08910763468506736,-0.0019890315716648843,0.10862787625670847,-0.005876466950544196,0.005702140572218558,-1.7000000000000002,VIS,TEa,VIS-TEa,459601,20240411
282,0.10433527741261124,0.005513440206569506,0.005740199924256448,0.005218009947783033,0.09350695009980714,0.0024102838430749007,0.10777711684926837,-0.006727226357984298,0.005571725041437117,-1.5,VIS,TEa,VIS-TEa,459601,20240411
283,0.09181302246184087,-0.00700881474420087,0.005398241059317801,0.004846958355972447,0.08819117205938559,-0.0029054941973466475,0.12032101587002272,0.005816672662770056,0.0058804268586549625,-1.3000000000000003,VIS,TEa,VIS-TEa,459601,20240411
284,0.08612309689075884,-0.012698740315282897,0.004992549681322832,0.005032521998241277,0.08804799963597428,-0.0030486666207579644,0.12556314494435059,0.011058801737097917,0.005836416865682419,-1.1,VIS,TEa,VIS-TEa,459601,20240411
285,0.09564339454487916,-0.0031784426611625727,0.0053148788329381216,0.005085292366449375,0.09034969101243254,-0.0007469752442997024,0.13354278451924312,0.01903844131199045,0.006161496677544677,-0.9,VIS,TEa,VIS-TEa,459601,20240411
286,0.09457315984542548,-0.0042486773606162515,0.005422178079584174,0.005279344491764354,0.08836052652194072,-0.002736139734791518,0.12667115134979534,0.012166808142542673,0.005861520870869159,-0.7000000000000001,VIS,TEa,VIS-TEa,459601,20240411
287,0.10333825673062887,0.004516419524587131,0.005484189763366806,0.005472301195612195,0.08965555882895074,-0.0014411074277815017,0.1262000920433486,0.01169574883609592,0.006129164123671696,-0.5,VIS,TEa,VIS-TEa,459601,20240411
288,0.09776182688695545,-0.0010600103190862853,0.005468422898229786,0.00502642912776492,0.08186428534010436,-0.009232380916627883,0.11518946551766003,0.0006851223104073628,0.005769312605507089,-0.30000000000000004,VIS,TEa,VIS-TEa,459601,20240411
289,0.10992249029301793,0.011100653086976192,0.005766897241183267,0.005091291043366557,0.08583657471461166,-0.005260091542120579,0.11681888034074932,0.0023145371334966497,0.005880291038159638,-0.1,VIS,TEa,VIS-TEa,459601,20240411
290,0.1247451964688443,0.025923359262802564,0.006236601274229124,0.005479274013610127,0.10037664479310107,0.009279978536368833,0.10260984204113693,-0.011894501166115734,0.005522241644329825,0.1,VIS,TEa,VIS-TEa,459601,20240411
291,0.0986176507714173,-0.00020418643462442876,0.005009652883513553,0.005409330158057605,0.10046626740138104,0.009369601144648798,0.0943691894244921,-0.020135153782760568,0.005424757825192989,0.30000000000000004,VIS,TEa,VIS-TEa,459601,20240411
292,0.10659751344336223,0.007775676237320492,0.00541766301908992,0.005488655991981389,0.09948887963804678,0.008392213381314545,0.09416458046757141,-0.020339762739681258,0.005394852864110256,0.5,VIS,TEa,VIS-TEa,459601,20240411
293,0.125463246345658,0.026641409139616268,0.005577718010536098,0.005527956161519617,0.1010037444717625,0.009907078215030257,0.10030300685852313,-0.01420133634872954,0.005923509163765514,0.7000000000000001,VIS,TEa,VIS-TEa,459601,20240411
294,0.12207385645962712,0.023252019253585388,0.005735743337606923,0.004493144752128337,0.08174349302731429,-0.00935317322941795,0.10807245265655599,-0.006431890550696678,0.005865643826279632,0.9,VIS,TEa,VIS-TEa,459601,20240411
295,0.12427905278393127,0.025457215577889533,0.005942790189450057,0.004634140386216007,0.08127348062154513,-0.00982318563518711,0.11048630774605099,-0.004018035461201677,0.00581868969744704,1.1,VIS,TEa,VIS-TEa,459601,20240411
296,0.12072838447758631,0.021906547271544577,0.005762436130453312,0.0046369161214806385,0.07759015697618384,-0.013506509280548404,0.11609218373135992,0.0015878405241072507,0.00604401140522304,1.3000000000000003,VIS,TEa,VIS-TEa,459601,20240411
297,0.10361102459142077,0.0047891873853790345,0.005381116540554655,0.004837989575194331,0.08275159003623277,-0.008345076220499473,0.1185470262622967,0.00404268305504403,0.006051588890620358,1.5,VIS,TEa,VIS-TEa,459601,20240411
298,0.09456597822479816,-0.004255858981243574,0.005392678744039324,0.004820497445375731,0.08173569562349191,-0.009360970633240331,0.11648932829017909,0.0019849850829264243,0.005989587257666941,1.7000000000000002,VIS,TEa,VIS-TEa,459601,20240411
299,0.08078230741142906,-0.01803952979461268,0.004666857069750092,0.005004910082748931,0.08473582644167531,-0.006360839815056932,0.11584979793873378,0.0013454547314811077,0.005921225220821382,1.9,VIS,TEa,VIS-TEa,459601,20240411
300,0.13170003284979165,0.010629966775827296,0.0065125029469173795,0.006225356533303199,0.11242625120790367,-0.001342630617576765,0.129746019432104,-0.010228354317991295,0.0063389631104783075,-1.9,VIS,HPC,VIS-HPC,459601,20240411
301,0.1260280509479292,0.004957984873964857,0.006784432394806731,0.006744090026497407,0.12432648227155124,0.010557600446070806,0.14203731878602657,0.0020629450359312684,0.007603536569348719,-1.7000000000000002,VIS,HPC,VIS-HPC,459601,20240411
302,0.10986265856790159,-0.011207407506062764,0.006468622337421034,0.006510705772416364,0.11893181966515444,0.005162937839674003,0.13622076066010758,-0.0037536130899877285,0.006787654395274383,-1.5,VIS,HPC,VIS-HPC,459601,20240411
303,0.12045561825262534,-0.0006144478213390148,0.006877940494995692,0.00596634380092987,0.11191578185943994,-0.0018530999660404945,0.15243516203734767,0.012460788287252361,0.007515254374890425,-1.3000000000000003,VIS,HPC,VIS-HPC,459601,20240411
304,0.11730396975157405,-0.0037660963223903055,0.006612151338318898,0.0060064018609758164,0.10124407412335286,-0.012524807702127577,0.1394326078348908,-0.0005417659152044951,0.006889851210701068,-1.1,VIS,HPC,VIS-HPC,459601,20240411
305,0.11470747333695314,-0.006362592737011216,0.006767922443520403,0.006376173240622439,0.11893733956547023,0.005168457739989793,0.14896363280176486,0.008989259051669557,0.007348215088649828,-0.9,VIS,HPC,VIS-HPC,459601,20240411
306,0.10913619208909042,-0.01193387398487393,0.0064403916649837245,0.006237287363830556,0.10912495992171618,-0.004643921903764253,0.1605427108695565,0.020568337119461183,0.00753948517609631,-0.7000000000000001,VIS,HPC,VIS-HPC,459601,20240411
307,0.11717440326411581,-0.0038956628098485435,0.006484278644964888,0.006516133104442546,0.12035676560607445,0.006587883780594009,0.13713143431112776,-0.0028429394389675455,0.0070402018096922744,-0.5,VIS,HPC,VIS-HPC,459601,20240411
308,0.11647136873145118,-0.004598697342513169,0.0065216791000022555,0.0060566803962698364,0.11257038851681173,-0.0011984933086687105,0.1387406822050722,-0.0012336915450230912,0.007254206947253106,-0.30000000000000004,VIS,HPC,VIS-HPC,459601,20240411
309,0.11609732182875682,-0.004972744245207536,0.006270191205527307,0.006808414881821201,0.13390380744883065,0.020134925623350217,0.14218664944553933,0.0022122756954440215,0.007352837978628059,-0.1,VIS,HPC,VIS-HPC,459601,20240411
310,0.1299422209689013,0.008872154894936937,0.00689935129104828,0.007099971224597684,0.15608781256865784,0.0423189307431774,0.1212927276161681,-0.0186816461339272,0.0069780922437955506,0.1,VIS,HPC,VIS-HPC,459601,20240411
311,0.12569964401651224,0.004629577942547883,0.006697443585145854,0.006614800266042443,0.12804356643202996,0.014274684606549529,0.1155196398553792,-0.0244547338947161,0.00678927930513876,0.30000000000000004,VIS,HPC,VIS-HPC,459601,20240411
312,0.11771175399846022,-0.003358312075504133,0.005900264381012294,0.006795253914260064,0.12291785156710554,0.009148969741625101,0.12745299448191544,-0.012521379268179866,0.00731204311410343,0.5,VIS,HPC,VIS-HPC,459601,20240411
313,0.12611889671478757,0.005048830640823218,0.0060249526827322614,0.006453647763428496,0.12949273753531385,0.01572385570983341,0.12749633404975455,-0.012478039700340754,0.007719557951497831,0.7000000000000001,VIS,HPC,VIS-HPC,459601,20240411
314,0.1275386617207996,0.0064685956468352596,0.006547261248735103,0.006786403033810049,0.13402988781396843,0.020261005988488,0.1332256277787739,-0.006748745971321413,0.007301028767814855,0.9,VIS,HPC,VIS-HPC,459601,20240411
315,0.12075421218974246,-0.000315853884221895,0.005722042772706203,0.006810497552532355,0.13317461939242584,0.0194057375669454,0.12861409464277146,-0.011360279107323845,0.007133988143964138,1.1,VIS,HPC,VIS-HPC,459601,20240411
316,0.12811784332556372,0.007047777251599371,0.006644628352858616,0.007252049409855822,0.14444771326063674,0.030678831435156304,0.13592995259400256,-0.004044421156092742,0.007266391396288561,1.3000000000000003,VIS,HPC,VIS-HPC,459601,20240411
317,0.11600345980803399,-0.005066606265930362,0.006296758571726709,0.006875283697235637,0.12822375405677705,0.014454872231296614,0.13608771267017453,-0.003886661079920778,0.007077662589217739,1.5,VIS,HPC,VIS-HPC,459601,20240411
318,0.09874405569146671,-0.022326010382497638,0.005999430978611412,0.0070888711077922014,0.13818955278302203,0.024420670957541593,0.1284801747645178,-0.011494198985577492,0.007048152594007242,1.7000000000000002,VIS,HPC,VIS-HPC,459601,20240411
319,0.10152962081331865,-0.019540445260645703,0.005727351861790978,0.0061516320674602915,0.12225424178722638,0.008485359961745945,0.1399460324699268,-2.834128016851456e-05,0.0070844876476757026,1.9,VIS,HPC,VIS-HPC,459601,20240411
320,0.06120291015169271,-0.006746208741820067,0.002269786252366066,0.002490785719140776,0.07068192771706855,-0.006110974451349255,0.059615382577309,-0.0018154120988838132,0.002218343126185311,-1.9,HPC,PERI 35,HPC-PERI 35,459601,20240411
321,0.06906228605632216,0.0011131671628093753,0.00247194879602041,0.0025636612409260483,0.07182248063124731,-0.004970421537170491,0.06325243308524717,0.0018216384090543533,0.002217601022534714,-1.7000000000000002,HPC,PERI 35,HPC-PERI 35,459601,20240411
322,0.07372533812119139,0.005776219227678611,0.0026561092838374664,0.002611153424210932,0.07895418325506279,0.002161281086644984,0.060209327749975804,-0.0012214669262170103,0.0021946820235105,-1.5,HPC,PERI 35,HPC-PERI 35,459601,20240411
323,0.0703481746363949,0.002399055742882114,0.002565814557983648,0.0027752383974332306,0.08058497430642937,0.003792072138011568,0.0596599547352124,-0.0017708399409804149,0.002261688252217712,-1.3000000000000003,HPC,PERI 35,HPC-PERI 35,459601,20240411
324,0.06540688550196276,-0.0025422333915500195,0.00264302657498172,0.0029708391907762198,0.081920944932281,0.005128042763863194,0.06441687523321968,0.002986080557026864,0.0022592796431916994,-1.1,HPC,PERI 35,HPC-PERI 35,459601,20240411
325,0.0672676026106802,-0.0006815162828325838,0.0026951779833288515,0.002855715361133278,0.07921607222355469,0.0024231700551368834,0.0664119830430878,0.004981188366894991,0.0024758554678057034,-0.9,HPC,PERI 35,HPC-PERI 35,459601,20240411
326,0.07322798128879209,0.0052788623952793046,0.002954674299161156,0.002856017338128595,0.08350720995400264,0.006714307785584836,0.06423913516302493,0.0028083404868321157,0.00243043603975647,-0.7000000000000001,HPC,PERI 35,HPC-PERI 35,459601,20240411
327,0.062281125442576496,-0.0056679934509362845,0.0024928739862392626,0.002825552904923418,0.07762582692843914,0.0008329247600213363,0.05986974144831842,-0.0015610532278743927,0.0022394130269894276,-0.5,HPC,PERI 35,HPC-PERI 35,459601,20240411
328,0.05679444476060303,-0.011154674132909749,0.0024063567759365274,0.0028587734493348716,0.07671917946469982,-7.372270371798495e-05,0.06183344566818705,0.0004026509919942342,0.0024451381610575396,-0.30000000000000004,HPC,PERI 35,HPC-PERI 35,459601,20240411
329,0.060391212637187275,-0.007557906256325506,0.002480634165904564,0.0025516254413833865,0.07228744882456475,-0.00450545334385305,0.06698461656037633,0.005553821884183512,0.002522433202877108,-0.1,HPC,PERI 35,HPC-PERI 35,459601,20240411
330,0.052660358686625615,-0.015288760206887166,0.0024084225392874137,0.0029535414465652493,0.07917756772173011,0.002384665553312307,0.06457262375320202,0.0031418290770092103,0.002483935670152988,0.1,HPC,PERI 35,HPC-PERI 35,459601,20240411
331,0.05702881029565852,-0.010920308597854263,0.0023900782635475665,0.0028329838773811624,0.07220894790151114,-0.004583954266906665,0.06381683583839445,0.0023860411622016395,0.0022861550398270685,0.30000000000000004,HPC,PERI 35,HPC-PERI 35,459601,20240411
332,0.05984378356225328,-0.008105335331259497,0.0022939460224175308,0.0026164398340256666,0.07014067078723434,-0.006652231381183468,0.05987554443923147,-0.0015552502369613405,0.002178855108905591,0.5,HPC,PERI 35,HPC-PERI 35,459601,20240411
333,0.06096373308482574,-0.006985385808687038,0.0025013695413908243,0.0028082592916248484,0.07748957307447422,0.0006966709060564208,0.056548872571622916,-0.004881922104569898,0.0020047986507509483,0.7000000000000001,HPC,PERI 35,HPC-PERI 35,459601,20240411
334,0.06082237844275011,-0.00712674045076267,0.0024373693398418894,0.0025814452101679385,0.07631218677541039,-0.00048071539300741095,0.061599269366878054,0.00016847469068523996,0.002187708370539703,0.9,HPC,PERI 35,HPC-PERI 35,459601,20240411
335,0.0671372409646723,-0.0008118779288404793,0.0025741856674941946,0.002574003347321697,0.07765398558764171,0.0008610834192239042,0.06327975374761036,0.0018489590714175427,0.002313959987698831,1.1,HPC,PERI 35,HPC-PERI 35,459601,20240411
336,0.06421068816955966,-0.0037384307239531206,0.0026065920600177477,0.0025150497145239137,0.07900720297167195,0.002214300803254146,0.06490369065504914,0.003472895978856326,0.0023505760888935753,1.3000000000000003,HPC,PERI 35,HPC-PERI 35,459601,20240411
337,0.06284417790567749,-0.005104940987835288,0.0025242476137189132,0.0023112345765137045,0.06890646805036889,-0.007886434118048916,0.06027834971180375,-0.0011524449643890641,0.0022841556361347425,1.5,HPC,PERI 35,HPC-PERI 35,459601,20240411
338,0.05995988617828792,-0.007989232715224857,0.0023480052890039594,0.002205571569081568,0.06673436825446072,-0.010058533913957085,0.06350609705906968,0.0020753023828768632,0.002511944681835689,1.7000000000000002,HPC,PERI 35,HPC-PERI 35,459601,20240411
339,0.062161602960383595,-0.005787515933129185,0.0023553048924888965,0.0023790895796018357,0.06623819191581706,-0.01055471025260074,0.06135744752127739,-7.334715491542215e-05,0.0024327471055591425,1.9,HPC,PERI 35,HPC-PERI 35,459601,20240411
340,0.08568159694393111,-0.0034997153100072703,0.002984551025167866,0.0029062322709865,0.07905472037097101,-0.006829405769917848,0.08155720793794506,-0.0029196616805915038,0.0026523324508184835,-1.9,HPC,PERI 36,HPC-PERI 36,459601,20240411
341,0.09281230863204895,0.003630996378110568,0.003159836350704599,0.002982280398619703,0.08084291955375207,-0.00504120658713679,0.08250945804337936,-0.001967411575157202,0.0026621340422017005,-1.7000000000000002,HPC,PERI 36,HPC-PERI 36,459601,20240411
342,0.09566441605726089,0.00648310380332251,0.0032550868232346882,0.0034310655588531223,0.09184044528865798,0.005956319147769118,0.0824536021905302,-0.0020232674280063617,0.00273701295047648,-1.5,HPC,PERI 36,HPC-PERI 36,459601,20240411
343,0.08954161554376802,0.0003603032898296388,0.002984937619817649,0.0033061559026828823,0.08917674021880134,0.0032926140779124813,0.08955822909887454,0.005081359480337971,0.0029382096713205757,-1.3000000000000003,HPC,PERI 36,HPC-PERI 36,459601,20240411
344,0.08220662409268294,-0.006974688161255446,0.002939469644504149,0.003408161839589683,0.08850580527226191,0.002621679131373053,0.08630585082195369,0.0018289812034171238,0.0028617585314445874,-1.1,HPC,PERI 36,HPC-PERI 36,459601,20240411
345,0.0882174905316373,-0.0009638217223010836,0.003282351009605535,0.0034643581042234964,0.09400094741743767,0.008116821276548808,0.09067624607936903,0.006199376460832462,0.0029178287667578845,-0.9,HPC,PERI 36,HPC-PERI 36,459601,20240411
346,0.09629882557243685,0.00711751331849847,0.003430875186850307,0.003434889680710245,0.09210701492487458,0.006222888783985719,0.082905067166151,-0.0015718024523855706,0.0027049530055710926,-0.7000000000000001,HPC,PERI 36,HPC-PERI 36,459601,20240411
347,0.0964468742600976,0.007265562006159215,0.0032087615712606287,0.0032286198645678763,0.08952238655547401,0.0036382604145851483,0.07796767635518588,-0.006509193263350685,0.002558432645384029,-0.5,HPC,PERI 36,HPC-PERI 36,459601,20240411
348,0.08622764631680982,-0.0029536659371285634,0.0030735077495763824,0.0034271922249501856,0.09051979634673477,0.004635670205845904,0.07144962744070966,-0.0130272421778269,0.0023930020414955635,-0.30000000000000004,HPC,PERI 36,HPC-PERI 36,459601,20240411
349,0.08936444625686409,0.0001831340029257028,0.0030272318595198663,0.003161249603401263,0.0883587742222748,0.0024746480813859356,0.08545693894067101,0.0009800693221344442,0.002759859078240285,-0.1,HPC,PERI 36,HPC-PERI 36,459601,20240411
350,0.07917336452018928,-0.010007947733749106,0.0029014295613700343,0.0035168064056013224,0.10236611847479976,0.0164819923339109,0.07041534810736212,-0.014061521511174443,0.002336001910369136,0.1,HPC,PERI 36,HPC-PERI 36,459601,20240411
351,0.07308432822531692,-0.01609698402862146,0.0026190052324473055,0.003700699395204923,0.1021882813588426,0.01630415521795374,0.07378974701370497,-0.010687122604831595,0.002669042537542377,0.30000000000000004,HPC,PERI 36,HPC-PERI 36,459601,20240411
352,0.07466410542154135,-0.014517206832397031,0.0027150759348061938,0.003421176984471794,0.09567827475566285,0.009794148614773984,0.07663425204560095,-0.007842617572935612,0.0026305543351689627,0.5,HPC,PERI 36,HPC-PERI 36,459601,20240411
353,0.07310109689881336,-0.01608021535512502,0.0028870864236264296,0.003523335549152753,0.09764468729299314,0.011760561152104276,0.0701140673025389,-0.014362802315997666,0.002357896612284635,0.7000000000000001,HPC,PERI 36,HPC-PERI 36,459601,20240411
354,0.07506242611060499,-0.014118886143333398,0.003181677862433021,0.0034073756770594456,0.10739333552747575,0.02150920938658689,0.0678499010356168,-0.01662696858291976,0.0022953553953961705,0.9,HPC,PERI 36,HPC-PERI 36,459601,20240411
355,0.06481906971297313,-0.02436224254096525,0.002788738773116019,0.003408440855403179,0.11054094240398374,0.024656816263094877,0.0812755669833019,-0.0032013026352346596,0.0027218080332454373,1.1,HPC,PERI 36,HPC-PERI 36,459601,20240411
356,0.06252632671753348,-0.0266549855364049,0.002822394285332593,0.0032963479064518756,0.10569359245389752,0.01980946631300866,0.08367115353901897,-0.0008057160795175988,0.002927226898894659,1.3000000000000003,HPC,PERI 36,HPC-PERI 36,459601,20240411
357,0.07272395457940656,-0.016457357674531825,0.002860674508059149,0.0030410540756422508,0.08790409099664179,0.002019964855752926,0.08346999227411049,-0.0010068773444260742,0.002845490045665936,1.5,HPC,PERI 36,HPC-PERI 36,459601,20240411
358,0.07639588068457584,-0.012785431569362543,0.0028403434999688037,0.0029203060236333675,0.09014529255792234,0.004261166417033474,0.08357637329994029,-0.000900496318596275,0.0029075722078471637,1.7000000000000002,HPC,PERI 36,HPC-PERI 36,459601,20240411
359,0.07161715938421669,-0.017564152869721697,0.0026461380430001413,0.0030199486124799267,0.08484486629871985,-0.0010392598421690158,0.09121308288015224,0.006736213261615678,0.0031342947475631175,1.9,HPC,PERI 36,HPC-PERI 36,459601,20240411
360,0.09307752646054725,-0.002507891010640695,0.00406716209143178,0.0041927658254671245,0.09275988594129717,-0.00043490836544979317,0.08409820463950796,-0.00752605205209575,0.003909342268609019,-1.9,HPC,TEa,HPC-TEa,459601,20240411
361,0.09657073451666519,0.0009853170454772464,0.004407576449554753,0.0039403685299367105,0.08679612071285192,-0.006398673593895038,0.08839304844610646,-0.003231208245497247,0.004090236435469323,-1.7000000000000002,HPC,TEa,HPC-TEa,459601,20240411
362,0.10259602103693582,0.007010603565747883,0.00490125101192913,0.0041675086247982525,0.09062845926908386,-0.002566335037663098,0.0885580187495194,-0.0030662379420843128,0.0040144646119506695,-1.5,HPC,TEa,HPC-TEa,459601,20240411
363,0.09219050038938709,-0.003394917081800855,0.004540303485980514,0.004360425925922724,0.09875009727462253,0.005555302967875569,0.09502894290739132,0.003404686215787614,0.004342657321016521,-1.3000000000000003,HPC,TEa,HPC-TEa,459601,20240411
364,0.09349230495240436,-0.0020931125187835797,0.004408590735534374,0.004335133261365673,0.09703940833587925,0.00384461402913229,0.10204306871549339,0.010418812023889681,0.004488740780951977,-1.1,HPC,TEa,HPC-TEa,459601,20240411
365,0.10627909265512706,0.010693675183939114,0.004788323385571419,0.004539697777414293,0.10372790413724763,0.010533109830500667,0.11151014212129076,0.019885885429687056,0.004843180529407974,-0.9,HPC,TEa,HPC-TEa,459601,20240411
366,0.10069534105787686,0.005109923586688922,0.004598796902913605,0.004970995522157864,0.11292901314383683,0.019734218837089867,0.10357696049039082,0.011952703798787115,0.004520710993811434,-0.7000000000000001,HPC,TEa,HPC-TEa,459601,20240411
367,0.10531480608395248,0.009729388612764539,0.004495777269240892,0.0051323839029172895,0.12325799342048559,0.03006319911373863,0.10426957949178615,0.012645322800182449,0.004647089219283714,-0.5,HPC,TEa,HPC-TEa,459601,20240411
368,0.09149743453962514,-0.004087982931562803,0.004357625825762118,0.004825639689480966,0.10669380628057631,0.013499011973829356,0.10060509842799932,0.008980841736395614,0.004587941925924705,-0.30000000000000004,HPC,TEa,HPC-TEa,459601,20240411
369,0.09130974561452043,-0.0042756718566675095,0.004177928754416065,0.004524794447761635,0.09672889336098998,0.0035340990542430256,0.11116450773173377,0.01954025104013006,0.00502737290686548,-0.1,HPC,TEa,HPC-TEa,459601,20240411
370,0.09338502188902419,-0.0022003955821637555,0.004635961280490976,0.0045708308459132254,0.09707764209417499,0.0038828477874280343,0.10662210613856414,0.014997849446960435,0.004687273664844648,0.1,HPC,TEa,HPC-TEa,459601,20240411
371,0.08416177694760052,-0.011423640523587422,0.003807166287146179,0.00458547959710865,0.0922920824243045,-0.0009027118824424529,0.10158142594552731,0.009957169253923606,0.004797018229678965,0.30000000000000004,HPC,TEa,HPC-TEa,459601,20240411
372,0.07921093576183855,-0.016374481709349395,0.003901082678583068,0.004574454727822036,0.08956630645696687,-0.003628487849780093,0.1030839299108422,0.011459673219238492,0.004760078892586917,0.5,HPC,TEa,HPC-TEa,459601,20240411
373,0.0991210800494514,0.00353566257826346,0.00430229120841666,0.004609990417877289,0.09515367878268899,0.00195888447594203,0.10479456863849293,0.013170311946889224,0.004708261207110248,0.7000000000000001,HPC,TEa,HPC-TEa,459601,20240411
374,0.09676748395569355,0.0011820664845056117,0.004387173644146157,0.0037010773583329554,0.0789937401742835,-0.014201054132463461,0.10864223047744798,0.01701797378584427,0.0046718714201208714,0.9,HPC,TEa,HPC-TEa,459601,20240411
375,0.09137500707180668,-0.004210410399381262,0.004445821692194331,0.0037282152682504193,0.08621419874186885,-0.006980595564878109,0.10618570692491412,0.014561450233310416,0.0045885740123914375,1.1,HPC,TEa,HPC-TEa,459601,20240411
376,0.08764329216502238,-0.00794212530616556,0.00418958017436653,0.003907030820859439,0.08395795567442577,-0.009236838632321193,0.11396833615628298,0.02234407946467927,0.004886199859396052,1.3000000000000003,HPC,TEa,HPC-TEa,459601,20240411
377,0.08722537033090152,-0.008360047140286417,0.004278462996256425,0.0039023997817938844,0.07919223164633,-0.014002562660416953,0.10688417623316675,0.015259919541563041,0.0046636091207979,1.5,HPC,TEa,HPC-TEa,459601,20240411
378,0.09721203997256529,0.0016266225013773505,0.004680597401404389,0.003589289105769525,0.07511297864099933,-0.018081815665747625,0.10396232124520245,0.012338064553598746,0.004657760736458569,1.7000000000000002,HPC,TEa,HPC-TEa,459601,20240411
379,0.0833344496257362,-0.012250967845451738,0.004060261523798201,0.0038094548644011204,0.07107425059062017,-0.02212054371612679,0.10103609023389448,0.009411833542290776,0.004723362350101111,1.9,HPC,TEa,HPC-TEa,459601,20240411
380,0.10907693319253024,0.005975230188549729,0.005578757503797985,0.005703464252260649,0.10011121201115848,-4.6296505500045826e-05,0.10040006869817732,-0.01600216129880208,0.005265044264120441,-1.9,HPC,VIS,HPC-VIS,459601,20240411
381,0.10618062317984688,0.003078920175866362,0.006002296240655598,0.005663255336751931,0.09914956899805838,-0.0010079395186001483,0.11910457809724044,0.0027023481002610428,0.006257780068719039,-1.7000000000000002,HPC,VIS,HPC-VIS,459601,20240411
382,0.0961782839981368,-0.0069234190058437145,0.005945225566336482,0.005836295050199919,0.09724467063555924,-0.002912837881099292,0.11338872226528823,-0.0030135077316911646,0.0057046130238763,-1.5,HPC,VIS,HPC-VIS,459601,20240411
383,0.10566070189351638,0.0025589988895358684,0.0062607670622956265,0.005764539517223079,0.10066888334375651,0.0005113748270979823,0.1266970311904652,0.01029480119348579,0.006650887467143793,-1.3000000000000003,HPC,VIS,HPC-VIS,459601,20240411
384,0.09841197275587228,-0.0046897302481082315,0.005726423167628818,0.00628092466531951,0.10361320759476005,0.003455699078101518,0.1224207497337258,0.0060185197367464,0.00642748015442481,-1.1,HPC,VIS,HPC-VIS,459601,20240411
385,0.09306607944820743,-0.010035623555773088,0.005781864447480014,0.006272456926171946,0.10491460938179721,0.004757100865138683,0.1296561326921693,0.013253902695189904,0.006821659547605855,-0.9,HPC,VIS,HPC-VIS,459601,20240411
386,0.09881147590510794,-0.0042902270988725705,0.006284762556499304,0.006209217262213351,0.09885993890131999,-0.0012975696153385424,0.13519772217128134,0.018795492174301945,0.006673882820150379,-0.7000000000000001,HPC,VIS,HPC-VIS,459601,20240411
387,0.09236472348565085,-0.010736979518329665,0.005689143198055354,0.00700605978673061,0.10582869257891324,0.005671184062254711,0.1261982618486829,0.00979603185170351,0.00615566086371171,-0.5,HPC,VIS,HPC-VIS,459601,20240411
388,0.0860115078741451,-0.01709019512983541,0.005225904548517727,0.006384169704228964,0.10019757575526217,4.0067238603641586e-05,0.12400762480073897,0.007605394803759574,0.006714039497727289,-0.30000000000000004,HPC,VIS,HPC-VIS,459601,20240411
389,0.10696464406242887,0.003862941058448352,0.006320268525833415,0.006313267568010428,0.10388313931153434,0.0037256307948758116,0.1313047706873327,0.014902540690353308,0.0066626828299489295,-0.1,HPC,VIS,HPC-VIS,459601,20240411
390,0.12060449110134946,0.01750278809736895,0.007378890685382921,0.00640225783392935,0.12159134351846594,0.021433835001807414,0.10055816976103094,-0.015844060235948462,0.005770139915173454,0.1,HPC,VIS,HPC-VIS,459601,20240411
391,0.10294791492282288,-0.0001537880811576381,0.0059027144541455075,0.007088260098227648,0.12235230740002075,0.02219479888336222,0.10134786983753086,-0.01505436015944854,0.005940680151954544,0.30000000000000004,HPC,VIS,HPC-VIS,459601,20240411
392,0.1132301119865023,0.010128408982521792,0.006103381794724686,0.0057086366502862316,0.09765608099365358,-0.0025014275230049454,0.10228194708545256,-0.014120282911526838,0.005462576559561929,0.5,HPC,VIS,HPC-VIS,459601,20240411
393,0.12448018433497625,0.021378481330995736,0.006543279915785893,0.006269335972812484,0.11261225491064805,0.012454746393989524,0.09002135935335485,-0.026380870643624543,0.005179520986735916,0.7000000000000001,HPC,VIS,HPC-VIS,459601,20240411
394,0.1206956061963736,0.01759390319239308,0.006567692049664124,0.006110221731839419,0.11799099429970468,0.017833485783046152,0.09636529815465639,-0.02003693184232301,0.005405324180064164,0.9,HPC,VIS,HPC-VIS,459601,20240411
395,0.12238192020248756,0.019280217198507046,0.006702491294304945,0.005271171348693036,0.10253453509529634,0.0023770265786378086,0.10526148670603033,-0.011140743290949065,0.005825724166386498,1.1,HPC,VIS,HPC-VIS,459601,20240411
396,0.11712088727732752,0.014019184273347002,0.006404434637290565,0.005384183044368681,0.10127827419833234,0.0011207656816738104,0.1040960648829988,-0.012306165113980597,0.0054485309300314096,1.3000000000000003,HPC,VIS,HPC-VIS,459601,20240411
397,0.11446526748022838,0.011363564476247867,0.007217870228075348,0.005487123663300649,0.10160764638284665,0.0014501378661881253,0.11002618568581282,-0.006376044311166576,0.005658542679353048,1.5,HPC,VIS,HPC-VIS,459601,20240411
398,0.0947794371304761,-0.008322265873504417,0.0059097417342736,0.005545244572951571,0.10127545247960203,0.001117943962943499,0.10627726977301238,-0.010124960223967014,0.00536679727350837,1.7000000000000002,HPC,VIS,HPC-VIS,459601,20240411
399,0.10523296264774833,0.0021312596437678133,0.00614347416040584,0.005232600806801652,0.09190605157030375,-0.008251456946354777,0.12195775289457743,0.005555522897598031,0.006052902341086742,1.9,HPC,VIS,HPC-VIS,459601,20240411
