subject,date,probe,max_channel
459601,20240409,probe01,124
459601,20240410,probe01,102
459601,20240411,probe01,308
462910,20240813,probe01,356
462910,20240814,probe01,362
462910,20240815,probe01,370
462911,20240809,probe01,278
466394,20241108,probe01,254
466395,20241113,probe01,274
466395,20241114,probe01,268
466395,20241115,probe01,282
466396,20241031,probe01,342
466396,20241101,probe01,276
472975,20250326,probe01,34
478154,20251003,probe01,340
478154,20251007,probe00,350
478154,20251008,probe01,362
