subject,date,probe,neuron_id,region,allen_acronym,sig_goal,sig_obj_onset,sig_control,sig_obj_diff,p_goal,p_control_sound,p_obj_onset,p_obj12_sound1,p_obj23_sound1,p_obj13_sound1,p_obj12_sound2,p_obj23_sound2,p_obj13_sound2
459601,20240409,probe00,7,PERI 35,PERI5,False,False,False,False,0.10447453135772,0.49630308198095574,0.524418503981001,0.22952093600204782,0.657841373352267,0.36186903506517276,0.34774519737562604,0.5099253850075194,0.09295203996244294
459601,20240409,probe00,9,PERI 35,PERI5,False,False,False,False,0.3967834828768504,0.6163720761083147,0.7873316898512863,0.20964442321036425,0.4257004643409016,0.10239285102638329,0.1726091803633385,0.19236783897268583,0.53973353760434
459601,20240409,probe00,11,PERI 35,PERI5,False,False,False,False,0.4323640706193589,0.5999344230009638,0.07282621754182117,0.6599672965713267,0.38969918729519504,0.8905271356344604,0.7043073564971595,0.7897520258409975,0.3541059740220167
459601,20240409,probe00,14,PERI 35,PERI5,False,False,False,False,0.7609133384460718,0.758246653631224,0.275218312381194,0.5995296125658662,0.7860040040172024,0.8797047189580035,0.34745598901270436,0.8315052633324308,0.37513690756323403
459601,20240409,probe00,15,PERI 35,PERI5,False,False,False,False,0.8483075408731894,0.6750534793627254,0.6400200784566459,0.22739650507604736,0.23368286827674212,0.6401492932687886,0.1360219599308542,0.20082000055385285,0.9554546028032835
459601,20240409,probe00,16,PERI 35,PERI5,False,False,True,False,0.8061163722744846,0.03686848694505762,0.10621389367223877,0.4546978419584736,0.21197934721482248,0.5291459698934176,0.036871578015774564,0.1866050768798554,0.18355565555850017
459601,20240409,probe00,17,PERI 35,PERI5,False,False,False,False,0.7391976414335586,0.8314389708842206,0.5899220087659065,0.7150093035142646,0.4161988322102349,0.5810792412947599,0.48898569510893286,0.5316432075489619,0.5568190936034829
459601,20240409,probe00,23,PERI 35,PERI5,False,False,False,False,0.38948393210407917,0.5958288022787331,0.12268020589821282,0.5189417277635316,0.2792434204697657,0.5289825351127666,0.30018799217405057,0.18535213083367685,0.8345957488560467
459601,20240409,probe00,25,PERI 35,PERI5,True,False,False,False,0.04190219350563196,0.0916448640053854,0.12263037401527921,0.8481252158609598,0.2734310758188979,0.35538475176535855,0.015021445542338974,0.03438577274625121,0.08912206111513998
459601,20240409,probe00,28,PERI 35,PERI5,False,False,False,False,0.7430157658969238,0.3488815295483514,0.1067777560088875,0.38700590823958714,0.19731584954050185,0.5686227163699804,0.09679734560362585,0.5978715120831246,0.2869222530429024
459601,20240409,probe00,30,PERI 35,PERI5,False,False,False,False,0.35966423784309465,0.5929521144107971,0.9232917088436718,0.43014922043539616,0.6132164866449041,0.4176383915743095,0.3188900603339184,0.7335686471983092,0.534781699647423
459601,20240409,probe00,31,PERI 35,PERI5,False,False,False,False,0.43467271651803785,0.3626738440280469,0.578997488040547,0.7316937231742635,0.4630419425750292,0.6445453972433809,0.5927798905863699,0.7157526003040777,0.7142879885513704
459601,20240409,probe00,32,PERI 35,PERI5,False,True,False,False,0.7644719231901671,0.6910226075811952,0.04530238688534882,0.09388027590956927,0.164164048227314,0.37664210118662955,0.07242944932915663,0.0793235112942059,0.3300486445756182
459601,20240409,probe00,34,PERI 35,PERI5,False,False,False,False,0.400612885830788,0.209828288509591,0.5469441799460706,0.11971661885984808,0.15930869700743744,0.3663935492600102,0.30189098392174485,0.6652151109107869,0.3741570450861327
459601,20240409,probe00,35,PERI 35,PERI5,False,False,False,False,0.33859630072155755,0.7354680911350637,0.2794037643028856,0.050993337626459745,0.18613761519755567,0.03663602143120881,0.42175004254417403,0.17580718292694397,0.07765703312709404
459601,20240409,probe00,36,PERI 35,PERI5,False,False,False,False,0.5980829919443871,0.6893586908277755,0.1799769712591146,0.36109858266072303,0.9851001797905223,0.405316443982105,0.7479409546912176,,0.647443037210869
459601,20240409,probe00,37,PERI 35,PERI5,False,False,False,False,0.41417378058398346,0.5259448361500023,0.4805864738180269,0.5505072659539739,0.265088318143466,0.19102192618050906,0.38615003432728734,0.8383851511715154,0.4368974224854394
459601,20240409,probe00,38,PERI 35,PERI5,False,False,False,False,,,1.0,,,,,,
459601,20240409,probe00,39,PERI 35,PERI5,False,False,False,False,0.7175379592803705,0.19235324317406988,0.14207785852814614,0.34629172231599636,0.39932496274038276,0.19491564233098446,0.5622816712976665,0.251865784977956,0.503251803720803
459601,20240409,probe00,40,PERI 35,PERI5,False,False,False,False,0.5936789943486123,0.15842969701397858,0.3897100420110319,0.7520886346724485,0.25629052517536544,0.19260468242789175,0.5147866061044196,0.40224876678151456,0.7682428586472481
459601,20240409,probe00,43,PERI 35,PERI6a,False,False,False,False,0.278181478182693,0.16764077831038038,0.3295322437788828,0.06281342963915915,0.08173583775706028,0.8433818830040032,0.3078930906474171,0.8350268050499287,0.3935922539336152
459601,20240409,probe00,44,PERI 35,PERI5,False,True,False,False,0.4380218133068875,0.5174606946235356,0.003125334457226958,0.4163078125381764,0.09625908882187661,0.20269498916535744,0.4333537887391946,0.433483538057966,0.31548793229662164
459601,20240409,probe00,47,PERI 35,PERI5,True,True,False,False,0.010075634581934612,0.6273712535827984,0.0033686858465035163,0.14929315402818122,0.9599603626134735,0.23309976495233453,0.02195377596235526,0.012758392644178329,0.8024170132942008
459601,20240409,probe00,48,PERI 35,PERI6a,False,False,False,False,0.934484843113829,0.24882865694070733,0.8971869809837367,0.8501113566245948,0.2509020171684895,0.1270746237179059,0.3855593659695159,0.5826141972497632,0.5816193408680528
459601,20240409,probe00,50,PERI 36,ECT6a,False,False,False,False,0.43509556063094457,0.18139631546709833,0.1655513668683034,0.6765748860212608,0.045056755199043175,0.06077433629476958,0.970342925384841,0.9188659090819173,0.9161582450253294
459601,20240409,probe00,52,PERI 35,PERI6a,False,False,False,False,0.4231330690043881,0.4078657157344614,0.9228325431299842,0.5286234109516663,0.7936726067069653,0.729019988463929,0.5500985865216947,0.8757227772861342,0.8303707248805446
459601,20240409,probe00,54,PERI 36,ECT6a,False,False,False,False,0.404220957846403,0.6022123100450536,0.1791784664650362,0.13323121383872816,0.056559522221233394,0.3634026977191783,0.07401252240865486,0.21835747917494708,0.23527472480484368
459601,20240409,probe00,55,PERI 36,ECT6a,True,True,False,True,0.005726079575839038,0.05702759578877459,8.219680499044202e-05,0.0067211888540180675,0.05146245556692153,0.008997782392778153,0.0013271722613357184,0.001201150663565742,0.24973305216180786
459601,20240409,probe00,56,PERI 36,ECT6a,False,False,False,False,0.3071696446487937,0.37730156159346206,0.7390076705991344,0.5805390550666474,0.12221646111854345,0.09765715956738052,0.11759622910823286,0.39468915793961445,0.36323451426563047
459601,20240409,probe00,59,PERI 36,ECT6a,True,False,False,False,0.04848437365917513,0.14559288278770632,0.07841988201051975,0.11297853812641756,0.24509463888311633,0.12847492836239138,0.9135510183045574,0.970570959534611,
459601,20240409,probe00,62,PERI 36,ECT6a,False,False,False,False,0.1869230523196771,0.22902074128108496,0.41509675737131657,0.5238741296055509,0.8318943813296099,0.3590526965479274,0.33856258610961754,0.3509744323492887,0.39365923572302663
459601,20240409,probe00,63,PERI 36,ECT6a,False,False,False,False,0.47088838764172347,,0.29881306001935504,0.47039383243718436,0.393063005359089,0.9916871317381221,0.6807335142457819,0.26689675490055687,0.46509550283594736
459601,20240409,probe00,65,PERI 36,ECT6a,False,False,False,False,0.6292141660933479,0.15809621819885566,0.7767420339673531,0.26972723605282045,0.30439154979216343,0.09465525431519262,0.19859032450329717,0.25974046508716275,0.8644275982123846
459601,20240409,probe00,67,PERI 36,ECT6a,False,False,False,False,0.793545492567513,,0.1970623751928937,0.4443529534468118,0.7301627471759916,0.5288068888306551,0.9119892996691591,0.8535657496384706,
459601,20240409,probe00,68,PERI 36,ECT6a,False,False,False,False,0.18987550479831694,0.38976189924859683,0.20418799929236453,0.39861360712910543,,0.3281241245892297,0.16534207739294082,0.2378916080724749,0.38995435236932585
459601,20240409,probe00,69,PERI 36,ECT6a,False,False,False,False,0.43914521162144926,0.35453846722051363,0.578476197086622,0.6761375942758604,0.3293002996116452,0.3868344842958189,0.7714341760054646,0.8440336630065715,0.8847960791748299
459601,20240409,probe00,70,PERI 36,ECT6a,False,False,False,False,0.11626974422444092,0.8763474127764834,0.05896650153784444,0.1887001801338689,0.5968317468845399,0.8091912803598817,0.9821087701089236,0.4402850631728117,0.5028100629791199
459601,20240409,probe00,71,PERI 36,ECT6a,False,False,False,False,0.4635917169925896,0.247414912004288,0.9174029798973863,0.5815933207487576,0.7398887650062944,0.4733821234989877,0.939205227065678,0.8717300238975274,0.890822756395847
459601,20240409,probe00,72,PERI 36,ECT6a,False,False,False,False,0.38669881060538025,0.82902282177555,0.16650745480412155,0.03809188587595125,0.9357716019188915,0.03335944254289913,0.5762342302756591,0.2840877385605268,0.6768814366517668
459601,20240409,probe00,73,PERI 36,ECT6a,False,True,False,False,0.24261188064979566,0.5349061347891965,0.023122164675797197,0.0686428243255085,0.06297741804056567,0.5139840289406288,0.022768392019014705,0.14550143515947944,0.3168519821662116
459601,20240409,probe00,75,PERI 36,ECT6a,False,False,False,False,0.12457056194496108,0.6738022257269665,0.3476307314283076,0.16926750173390237,0.3933639126934765,0.8847932164361552,0.17531661579811497,,0.1501864863759057
459601,20240409,probe00,76,PERI 36,ECT6a,False,True,False,False,0.06262080930303082,0.7450653255028936,0.011968277678235162,0.07594591431314812,0.03013348328336718,0.24647709036010512,0.48418846127331683,0.5127738621687501,0.9414940277846426
459601,20240409,probe00,78,PERI 36,ECT6a,False,False,False,False,0.7470703039753471,,0.8467934400177222,0.7456847875345576,,0.7422096650852197,0.8496579418177072,0.8579629405783835,
459601,20240409,probe00,79,PERI 36,ECT6a,False,False,False,False,,,1.0,,,,,,
459601,20240409,probe00,85,PERI 36,ECT6a,False,False,False,False,0.7150492995576956,0.7400723000172591,0.973354667446556,0.6093074186893982,0.8435422794830019,0.48853382178167826,0.45082804793932874,0.4080436780607599,0.3300013944600322
459601,20240409,probe00,86,PERI 36,ECT6a,False,False,False,False,0.16020997610623466,0.07187620517895932,0.6092476816619832,0.22591699874453253,0.3807651708691351,0.35799864622159905,0.1397399016914056,0.735030489335866,0.11859428483563317
459601,20240409,probe00,93,PERI 36,ECT6a,False,False,False,False,0.2770757280530911,0.3158548071142008,0.08250349279441693,0.23810276824445809,0.29478501540294466,0.40745190698881484,0.2396571328394237,0.3577851699185447,0.5066530192243566
459601,20240409,probe00,94,PERI 36,ECT6a,False,False,False,False,0.7989106394999784,0.9341055727576439,0.6292866196262539,0.8002770393729651,0.9315428551761867,0.9847002125606549,0.8626689881590914,0.5809983401633456,0.7242066696725736
459601,20240409,probe00,106,PERI 36,ECT6a,False,True,False,True,0.16624642502057507,0.7525057518662834,0.005524589548564385,0.0074566771835866685,0.02150902893982709,0.0007727749972720188,0.2639292086689575,0.04237807736883259,0.041886594949445355
459601,20240409,probe00,109,TEa,TEa6b,True,False,False,False,0.028735655491362255,0.23287343985738151,0.09590727533961507,0.009665444697462333,0.40668111646465366,0.011417562911312351,0.3801090358374233,0.03771812757226212,0.050506900991944326
459601,20240409,probe00,114,TEa,TEa6b,True,False,False,False,0.016653552017806383,0.0874078129462138,0.24051901806739673,0.5647452279551162,0.2743926908956623,0.046228783501439885,0.0010923772298505607,0.5109629674631222,0.001376512636463767
459601,20240409,probe00,116,TEa,TEa6b,False,False,False,False,0.6035514140819062,0.915104060778153,0.07693044439137875,0.8982018446845547,0.7037219925275253,0.5271583240503126,0.19710014941867526,0.8439073589877809,0.2334660453056584
459601,20240409,probe00,119,TEa,TEa6b,False,True,False,False,0.43381138039158595,0.7843961267006565,0.014350331232259261,0.8721148802920542,0.7851707438651252,0.9108734747725318,0.3512296064149716,0.3663863826316024,0.8550114574018917
459601,20240409,probe00,123,TEa,TEa6b,False,True,True,False,0.14708478872990605,0.028368407306509247,0.009966560796987656,0.29123593875755927,0.5555396668527077,0.0793754341680547,0.9261294531934701,0.14644181257865008,0.3832792837181286
459601,20240409,probe00,137,TEa,TEa6b,False,True,False,False,0.6146300320184932,0.7703291938078392,0.012177361740185466,0.29618430060161616,0.6554539894663152,0.23152524864317292,0.8395985583117898,0.43779730076758827,0.5196940698311227
459601,20240409,probe00,141,TEa,TEa6b,False,True,False,False,0.15408170275863176,0.23036031167639437,0.04688575550386509,0.020564560982633262,0.08923488886882558,0.1425175959695104,0.41435243065145544,0.18292298446417243,0.3176829124623939
459601,20240409,probe00,147,TEa,TEa6b,False,True,False,False,0.11763919136719136,0.7449393487927389,0.04261309715108674,0.11813532948298577,0.07432720420405714,0.8431633792014017,0.24664695451120933,0.009232834417190361,0.19863511646869625
459601,20240409,probe00,148,TEa,TEa6b,False,True,False,True,0.5475910029006126,0.31318517989011607,0.0002155366006253434,0.5431432055513215,0.002881821978547361,0.0007112983933668104,0.23683291269640416,0.0044411069812865245,0.007095691448875785
459601,20240409,probe00,149,TEa,TEa6b,False,True,False,False,0.4712569923652715,0.7730681369210369,0.0013690630775631263,0.1765173590810657,0.12529826227270957,0.22772153523901983,0.008843087772989255,0.24972565454813167,0.0004706758236783237
459601,20240409,probe00,151,TEa,TEa6b,False,False,False,False,0.7885347056576317,0.5423208997149616,0.9857293725458979,0.48916087113592377,0.6163195745019951,0.37757317309080596,0.5749511720950902,0.8034605535535875,0.671007375242197
459601,20240409,probe00,152,TEa,TEa6b,False,False,False,False,0.5204918479988927,0.741480035876932,0.13216973746194582,0.49612631816581887,0.329242711704661,0.8221961769879093,0.9142561433171342,0.7586378376949114,0.9215001822899342
459601,20240409,probe00,153,TEa,TEa6b,False,False,False,False,0.16696014525313185,0.19237441077579553,0.24387319960163545,0.47559874334963126,0.6088586273787288,0.1658987526620992,0.12388827481160036,0.9760231375663093,0.3272770758942495
459601,20240409,probe00,155,root,ar,False,False,False,False,0.9240350480362518,0.13869990300768942,0.1437467224593909,0.4755793834663856,0.42538302484508883,0.8182326589668942,0.806228366399876,0.3605486230948598,0.44556270106299134
459601,20240409,probe00,156,TEa,TEa6b,True,True,False,False,0.0009613935422888575,0.2980031976536618,0.000644667241983421,0.06189648307106843,0.1078690514200612,0.03149360140229274,0.0033896484293215456,0.0007380387581508163,0.03485967111077537
459601,20240409,probe00,159,root,ar,False,False,False,False,0.44113059515115627,0.23625490941596283,0.3370680392539469,0.4577936949208906,0.8604884062590554,0.7254703397932974,0.7986777446108126,0.7713474158266806,0.7332465851240035
459601,20240409,probe00,160,root,ar,False,True,False,False,0.17008403559608476,0.5394101230470482,0.0007129610828748856,0.7138379436449466,0.3198650132525449,0.7239605351018659,0.0065521983255928395,0.025935568860404712,0.7065547303023061
459601,20240409,probe00,161,root,ar,False,False,False,False,0.07160415327780367,0.3380084612974025,0.16317313014395352,0.18555375786382167,0.6277946529684983,0.39761189533084607,0.04291775594038483,0.5710062166370735,0.1813468047395158
459601,20240409,probe00,162,TEa,TEa6b,False,True,False,False,0.07074396185157905,0.11011857800804936,0.000929159396615975,0.8372739459826043,0.1687077297068077,0.23165290627429092,0.5986616147204706,0.13056227183665037,0.6184650635638126
459601,20240409,probe00,167,root,ar,False,False,False,False,0.2892023165984644,0.18575587839885277,0.4290623331343355,0.6097518485582336,0.07496799582902214,0.17003335453581558,0.2719132239223908,0.4762983386669499,0.6940717377877508
459601,20240409,probe00,174,TEa,TEa6b,True,True,False,False,0.010528762960766103,0.3405659482997352,0.003841167266815715,0.014906864087686267,0.16183659039137932,0.10229052893208346,0.6388077975936862,0.9758722313893365,0.40558952712319973
459601,20240409,probe00,177,TEa,TEa6b,True,False,True,False,0.007534681240780494,0.0472152377269347,0.23052759047873572,0.39131140218691185,0.14621121843692142,0.37838495808028216,0.003998902961259265,0.006783177752913372,0.16374870886151383
459601,20240409,probe00,179,TEa,TEa6b,True,False,True,False,0.01597003781444073,0.008982831447537087,0.12495018816891612,0.04088263647962387,0.12125365987053682,0.16693075279767888,0.4055388617593557,0.4997347176849005,0.22715339049087535
459601,20240409,probe00,182,TEa,TEa6b,False,False,False,False,,0.6589795862200644,0.9557437697704704,,,,,0.8466416698370864,0.8099119116481581
459601,20240409,probe00,190,TEa,TEa6b,False,False,False,False,0.5242534279115156,,0.6181969815324442,0.6880391583557666,0.9688198448587039,0.40614210396530914,,,
459601,20240409,probe00,191,TEa,TEa6b,False,False,False,False,,,1.0,,,,,,
459601,20240409,probe00,193,TEa,TEa6b,False,False,False,False,0.8573074054244451,0.23858956308491985,0.3642653636067772,0.5307260839655803,0.8918159945952485,0.7126267075421925,0.1989951427994069,0.25377626194996206,0.03170763188543224
459601,20240409,probe00,195,TEa,TEa6b,True,False,False,False,0.042597779024175386,0.3964308244636874,0.10136132157806077,0.22921832910722728,0.2964325565937721,0.8744522894174096,0.01612994391424405,0.23432001310788064,0.21790327581422508
459601,20240409,probe00,199,TEa,TEa6b,True,False,False,False,0.04981438608233868,0.31821766607022073,0.6109989695877228,0.20893364163070927,0.27596587137322914,0.7534588456086455,0.03227034387321637,0.08415980215094598,0.4243949098689538
459601,20240409,probe00,201,TEa,TEa6b,False,False,False,False,,,1.0,,,,,,
459601,20240409,probe00,203,TEa,TEa6b,False,True,False,False,0.19800937023492238,0.30922392367664764,0.010873323749628794,0.13751532737602723,0.08989072342535687,0.7811962874832608,0.29112779181006687,0.29751702388257595,0.7329920321790993
459601,20240409,probe00,209,TEa,TEa6b,False,False,False,False,0.587095726667616,0.9068122100366909,0.2759521315059005,0.3472645939221768,0.6626496789705598,0.6591096825597466,0.8320856314357612,0.6569665263301008,0.7544158430718242
459601,20240409,probe00,212,TEa,TEa6b,False,False,False,False,0.6747605137914583,,0.5834151288211333,0.9099970128357191,,0.9744063451379391,0.7389616311440297,0.7110131861353968,
459601,20240409,probe00,213,TEa,TEa6b,False,False,False,False,,,1.0,,,,,,
459601,20240409,probe00,214,TEa,TEa6b,False,False,False,False,0.6198043307088571,0.866721862540621,0.6859236502398511,0.6988286956466023,0.7486080359715388,,0.13416299867697312,0.7040893399055391,0.3086620458789011
459601,20240409,probe00,215,TEa,TEa6b,False,False,False,False,0.09568214392479057,0.3536655124973457,0.5328412597466323,,,,0.11857974028303098,0.5742991813490447,0.4226223359471847
459601,20240409,probe00,216,TEa,TEa6b,False,False,False,False,,,0.9723834001312132,,,,0.974960502993482,,0.9969919455354492
459601,20240409,probe00,219,TEa,TEa6b,True,True,False,False,0.017471563187478667,0.11886373486206803,0.028612219644220116,0.8904820446597003,0.20157727825799798,0.13581743277043867,0.005053858774147324,0.026980521693895976,0.7031985600210797
459601,20240409,probe00,226,TEa,TEa6b,False,False,False,False,0.7813740956577597,0.4768293547824698,0.9984641152703019,,,,0.9453593701937917,0.674158443490498,0.5077850773373802
459601,20240409,probe00,231,TEa,TEa6b,True,True,False,False,0.03142922710308527,0.35886678002283967,0.028516083660251268,0.8700046952044412,0.7069768324449786,0.7375833474152056,0.07616117945898282,0.047409135034847005,0.715400606358195
459601,20240409,probe00,232,TEa,TEa6b,False,False,False,False,0.8119630827214053,,0.12542023715398676,,,,0.8021052939782453,0.7822412153663167,
459601,20240409,probe00,233,TEa,TEa6b,False,False,False,False,,0.7244650619935737,0.22178531625621278,,0.7854493571881231,0.8622516201758337,,,
459601,20240409,probe00,238,TEa,TEa6b,False,False,False,False,0.8773431220719657,0.8342519998577288,0.6043432721768189,0.7361204905200397,0.9563160167674847,0.6967937641532818,0.6888068906536531,0.8596070519216311,0.9296359516108978
459601,20240409,probe00,240,TEa,TEa6b,True,False,True,False,0.0044302414466935724,0.004623858497006417,0.8041852746282084,0.06263923571348284,0.6229106919543095,0.05557696014667357,0.04567147658653281,0.07713932955165992,0.9513226496664021
459601,20240409,probe00,245,TEa,TEa6b,True,True,False,False,0.03003861546968145,0.26481801531503524,0.0018214905215042654,0.015679450934918737,0.24901872574807793,0.011841511388857806,0.037404493802829175,0.013057090914770475,0.07389869359890755
459601,20240409,probe00,247,TEa,TEa6a,False,False,False,False,0.5591436363165083,,0.9354688250945264,0.34272540670970053,0.391134154767837,,0.405028917428661,0.4540321085713669,
459601,20240409,probe00,248,TEa,TEa6a,False,False,False,False,0.128619929579458,0.3550656066789276,0.12746701693807228,0.03133153785498166,0.9500965969630732,0.10116802996071106,0.0831371719789602,0.6630823542817871,0.20676427939538267
459601,20240409,probe00,249,TEa,TEa6b,True,True,False,True,0.0006794266079538369,0.17249447338483426,8.480690519729883e-06,8.926044705415137e-05,0.00013468408379890828,0.24746420555979587,0.00019970055735807346,6.356489295245016e-05,0.36922770575639285
459601,20240409,probe00,259,TEa,TEa6b,True,False,False,False,0.017313183818278732,0.1297389853776465,0.606898623579516,0.13602234300901672,0.030799656735416958,0.2255745593914611,0.2060741643889057,0.019395430879057263,0.006363433956422138
459601,20240409,probe00,260,TEa,TEa6b,False,True,False,False,0.2587101219595904,0.92948583679504,0.03753392542633105,0.08983012579791594,0.03949826325585559,0.43408160950995245,0.44140365898542566,0.06088725786845228,0.201125530926897
459601,20240409,probe00,267,TEa,TEa6a,False,False,False,False,,,1.0,,,,,,
459601,20240409,probe00,268,TEa,TEa6a,False,False,False,False,0.2802922196351645,0.7371707788688096,0.11726688775626315,0.3888592400418095,0.7994809664371261,0.8935772869879575,0.08253431841747627,0.062108728615745235,
459601,20240409,probe00,278,TEa,TEa6a,False,False,False,False,0.8693253954278884,0.8907940304740222,0.4084524793195011,0.14686276647278307,0.4707943101425305,0.03709109529312904,0.5421719855902399,0.2124385085339464,0.27311367683166565
459601,20240409,probe00,280,TEa,TEa6a,False,True,True,True,0.37718020012424114,0.012020936788377456,0.0001508085785296709,0.001336749049402286,0.0021547376637239823,0.3386704285005634,0.0019255253657562976,0.22469600905326648,0.007876470897424825
459601,20240409,probe00,281,TEa,TEa6a,True,True,True,True,2.550128334544155e-05,0.00013112767652123658,7.106333579265378e-05,6.505538958323509e-05,5.9606820270730054e-05,0.0009161459520035109,0.020758540244053214,0.5647936984939917,0.02970495254556582
459601,20240409,probe00,294,TEa,TEa6a,True,True,True,True,0.014184193006939627,0.0005506771567415081,0.0034066684293881933,0.00015453249292574078,0.0018062526453688221,0.1102167070265132,0.0379072515711798,0.15919267244488433,0.0033690418093149654
459601,20240409,probe00,296,TEa,TEa6a,False,True,False,False,0.19563241568752499,0.6055795393760313,0.011144940672349835,0.1868075628133209,0.4958368041660044,0.7140761933382194,0.0035115042371470784,0.6088849744967599,0.0034142084386822313
459601,20240409,probe00,297,TEa,TEa6a,True,True,False,False,0.02786552725415814,0.1439918433387154,0.004241911156318556,0.010827460162614932,0.24277759495403872,0.03939976703013992,0.033657115460181464,0.026886040486328255,0.0029487749654816264
459601,20240409,probe00,302,TEa,TEa6a,True,True,True,True,3.8361730924307835e-05,3.0842021109034334e-05,0.03399872695205908,0.00012941475156469373,4.5689798585324404e-05,0.00017435066087778672,0.1667069085935302,0.3020531184502123,0.7588009041217363
459601,20240409,probe00,303,TEa,TEa6a,False,False,False,False,0.29072484120431397,0.11956064735458238,0.13489872029171646,0.2873403397296004,0.5418410955870783,0.37276511540042767,0.7406304445352516,0.04947466923021138,0.07812155811994004
459601,20240409,probe00,307,TEa,TEa6a,True,True,True,True,0.030681046975009618,0.03231472686760284,0.000607844140723568,0.002074268754588937,0.1424677320316009,0.02617758652961999,0.003844973995103973,0.011607128443956394,0.03899475528158014
459601,20240409,probe00,311,TEa,TEa6a,False,True,False,True,0.11120721056883487,0.424070245472315,0.0005300967973872472,0.000861575117681368,0.002705979373466394,0.11306006980105465,0.01240193459251182,0.007184993850642529,0.014309965259547641
459601,20240409,probe00,312,TEa,TEa6a,False,True,False,False,0.05615699253367201,0.09561690958267688,0.0022211156003397736,0.8754641858669829,,0.9135784630195747,0.0010834272649766774,0.55323582316291,0.001121127967591895
459601,20240409,probe00,317,TEa,TEa6a,False,True,False,True,0.7100178074141281,0.8368450081246546,2.82399723878779e-05,0.00013012460289330008,7.38828665624025e-05,0.1494027373433351,9.192322102946626e-05,0.0001868890146046187,0.6868685893989281
459601,20240409,probe00,320,TEa,TEa6a,True,True,True,True,0.0024696288537190414,0.0017446208151702391,0.00367026122395242,0.0011037572608898483,0.00021153028990628098,0.00041540445737753284,8.725868778380885e-05,0.00017873934584899942,0.052762700203652035
459601,20240409,probe00,321,TEa,TEa6a,True,True,True,True,0.019172033657742338,0.006632755974391391,6.651375483390787e-06,0.0001019383928519968,0.00015762543045783062,0.5740927287489284,4.990365054524659e-05,0.0002327199621088294,0.030653279914912734
459601,20240409,probe00,322,TEa,TEa6a,False,False,False,False,,0.7965808304006421,0.655121274238903,,,,0.8200383435667746,0.8778584681906865,0.9056993130915676
459601,20240409,probe00,325,TEa,TEa6a,False,True,False,False,0.15521271575894546,0.5553608453141361,0.006379780363683474,0.20886943022226234,0.3469110505821682,0.6236815527316109,0.004811789706072878,0.16647849750955646,0.045579843746671234
459601,20240409,probe00,327,TEa,TEa6a,False,True,True,False,0.12418636801528193,0.0034685914329602996,0.018593049464969758,0.0839288490940181,0.3288439683017397,0.1423350912805862,0.0002975268488221161,0.0026631725552239693,0.018180303802302067
459601,20240409,probe00,331,TEa,TEa6a,False,True,False,True,0.8505465422613583,0.5789565652418849,0.03136551815637456,0.005591596049491887,0.020194436021827022,0.0013499685659879024,0.07613242176953461,0.010375511629701739,0.1619578027522507
459601,20240409,probe00,337,TEa,TEa6a,False,False,False,False,,0.8377993059027121,0.5557431998607208,,,,0.8874005391455869,0.9498769011264369,0.9589496618055604
459601,20240409,probe00,343,VIS,VISli6a,False,False,False,False,0.345911406729577,0.41927335382505015,0.8278693395672209,0.38532209965318154,0.7457823756577499,0.7718257330562626,0.9597571446548296,0.7558388501600182,0.882597622828351
459601,20240409,probe00,349,VIS,VISli6a,True,True,False,True,0.0015127871421193317,0.7716970862418975,0.0009883669350301272,0.00013920401510136848,0.00048769107425150615,0.12101012742941908,0.4790721664699499,0.5613269215286786,0.30455866530029574
459601,20240409,probe00,353,VIS,VISli6a,False,False,False,False,0.16939139129874947,0.20168665621423187,0.48876761978106353,0.9378187191015006,0.906569883631622,0.9913745852816145,0.7390205430711233,0.5199563827216936,0.523184463035554
459601,20240409,probe00,367,VIS,VISli5,False,True,False,False,0.18349991357696538,0.5163025364591473,0.0012511563385418922,0.27352041712604913,0.1917955977650999,0.9287920025215841,0.030532431493236256,0.08076157854797739,0.4608779605002573
459601,20240409,probe00,372,VIS,VISli5,False,True,False,True,0.8315586109578881,0.876980485274363,0.0003615159509632315,0.0014651312529251337,0.2023168430929846,0.017669614840655656,0.03246622401666899,0.5260879184712217,0.12100987709466049
459601,20240409,probe00,374,VIS,VISli5,True,True,True,True,0.0005331290008185885,0.000551777878798343,4.664312685864758e-06,2.590869221630321e-05,0.0005857818165538875,0.0015119999466777223,0.008499621893190201,0.04863993378118159,0.0032217972622834434
459601,20240409,probe00,379,VIS,VISli5,False,False,False,False,0.052163367403243455,0.7629175497325198,0.6049391713002614,0.013764358485293005,0.20202994639194283,0.025978348018625197,0.24079713393565771,0.14460476044035575,0.8796622632282298
459601,20240409,probe00,382,VIS,VISli5,True,True,True,True,0.0002045961118223305,0.007932802075237833,1.5052069701759763e-08,0.0030553488464237777,0.00013033654036853637,0.00017393050576697267,0.00043661845785536446,0.00028975520214424844,0.0032535805885440805
459601,20240409,probe00,384,VIS,VISl5,False,True,False,False,0.20189811335458585,0.3781072890029493,0.01382635499023288,0.5440086275631459,0.41897190319176725,0.6910314279738023,0.06750713421220078,0.19141521950893425,0.493523498349971
459601,20240409,probe00,390,VIS,VISl5,True,True,True,True,0.024424163767396867,0.002476645888739526,0.0011721214690200155,0.002263618496792019,0.0011889715607052986,0.0005320461349461736,0.0002260597363228367,0.0018916754442807049,0.002599239284001076
459601,20240409,probe00,391,VIS,VISl5,True,True,False,True,0.041392038809200726,0.5272333433812614,2.201375354227153e-07,0.0005729587617575582,0.00015371702646815866,0.03154130233837271,4.947207674954601e-05,5.155178042715036e-05,0.15836457791638414
459601,20240409,probe00,398,VIS,VISl5,False,False,False,False,0.41297341138697385,0.5461288939799986,0.43324243776707083,0.48824136874732715,0.3119790682851783,0.7228336404304905,0.04497191468212991,0.04497762771929126,0.9653304656767373
459601,20240409,probe00,400,VIS,VISl5,True,True,False,True,0.039844869797075466,0.7113236590271914,0.0008088402060498767,0.0002812349326493102,0.04047401688076868,0.011247008704887262,0.015066072709948308,0.5236020115112549,0.15439846280634584
459601,20240409,probe00,402,VIS,VISl5,True,True,False,True,0.00021940085807847787,0.09406777555993162,4.4040447988447085e-07,0.10438612119400581,0.006942792415850718,0.0008442315271287582,5.343548527392272e-05,8.067210802265024e-05,0.031442792027985944
459601,20240409,probe00,405,VIS,VISl5,False,False,False,False,0.2133642701835735,0.7316754558666264,0.38656229079765614,0.873156619363421,0.7271082568034588,0.31387842010947453,0.5731484392337309,0.6558577882755812,0.9209642792477045
459601,20240409,probe00,413,VIS,VISl5,False,False,False,False,0.485881856644366,0.4342599001288733,0.8433334067572364,0.37267307934243965,0.8720649981984174,0.1808002849361794,0.444804700591947,0.16052896902870095,0.45064372684570253
459601,20240409,probe00,414,VIS,VISl5,True,True,True,False,0.00041164890303324597,0.03706804266247998,0.0018716580273000494,0.015297384958977145,0.9591991912609408,0.017567511884220566,0.00013929211513064033,0.0004749232741239062,0.1211047209588545
459601,20240409,probe00,418,VIS,VISl5,False,True,False,True,0.12708973483946684,0.5598038443268711,0.0045876223580176845,0.00016534467049256207,0.002436788345265617,0.0052565997889056915,0.003972895975071444,0.010718302189278717,0.3508245525418854
459601,20240409,probe00,420,VIS,VISl5,False,True,False,True,0.5350273018473086,0.6278320681959779,0.0002653454916196063,0.0009882759684618492,0.0005028885255529136,1.869347479899197e-05,4.9831825895685355e-05,1.862337493585553e-05,0.00012931385523928807
459601,20240409,probe00,425,VIS,VISl5,False,False,False,False,0.08949790644915478,0.9682041420289674,0.1012330441505862,0.02124908848623075,0.44743035998224023,0.2976911225950737,0.07206657745648071,0.17097839772532597,0.9077788013068905
459601,20240409,probe00,432,VIS,VISl5,True,True,True,False,0.010677955300304798,0.046748950712001025,1.2151202095633806e-06,0.019846811221325034,0.021815435348676138,0.13484254882000868,0.0005837309618426101,0.00846214583453997,0.0017765377797097637
459601,20240409,probe00,434,VIS,VISl5,False,False,False,False,0.05039773000146197,0.18497965009492634,0.34877018677968785,0.18886277123023776,0.3983709228461072,0.5536260047623024,0.6384244572587828,0.43952841555340716,0.2098965011029359
459601,20240409,probe00,436,VIS,VISl4,False,True,False,True,0.1109705506062828,0.425012408763371,1.3933721731973492e-08,0.07053071992072069,0.0030671305457483644,0.0011088901318643263,0.0007384555895386669,0.00017318748144434792,0.12470429654075366
459601,20240409,probe00,441,VIS,VISl4,False,True,False,False,0.32075501326829436,0.26518688035524796,0.015002605591495799,0.2663496011905323,0.3309557924359724,0.7563535112543882,0.2007989235261053,0.02171045543697092,0.05762634087259921
459601,20240409,probe00,443,VIS,VISl4,False,True,False,False,0.22678227554411112,0.9054406617586526,0.00013480628167894526,0.06065135103364483,0.3762802502469972,0.3172902018222381,0.041008940463432286,0.2548210897030838,0.5980343359881664
459601,20240409,probe00,446,VIS,VISl4,False,True,False,False,0.892454994180326,0.7645792475514659,8.13966272363853e-05,0.27547166268776535,0.10659745473445414,0.2923290419090606,0.2530473642151907,0.18961827280416688,0.6440506113096736
459601,20240409,probe00,447,VIS,VISl4,False,True,False,True,0.6566763776021038,0.6631124304047293,0.03466995557153274,0.002049345192783547,0.008296796397752937,0.492846081494974,0.0066356101511206855,0.019036791087855942,0.3813441638440844
459601,20240409,probe00,450,VIS,VISl4,True,True,False,True,0.0014179975907512299,0.34975971678687834,7.889061834909228e-07,0.00011068057744056947,0.00022622899573554456,0.05380348214356234,0.0005172329165282763,0.0008730003906441963,0.004656538610281813
459601,20240409,probe00,451,VIS,VISl4,False,True,False,False,0.46874946535134954,0.8838799556910003,1.630116937212378e-05,0.008424122001653434,0.015057811088754813,0.37887472301875347,0.04405621038573093,0.10308044438210173,0.43654356707895603
459601,20240409,probe00,453,VIS,VISl4,False,True,False,False,0.06745501232450657,0.051079482751839045,0.0010612448503003469,0.17845015357926353,0.048557471110417305,0.2524635710309502,0.04740684339637513,0.15636585639287193,0.15727531189350452
459601,20240409,probe00,455,VIS,VISl4,False,True,False,False,0.261291039393034,0.5147455248593007,5.9264162210470595e-05,0.2587853472257453,0.1253739524061851,0.07941465673378922,0.034740670321893874,0.030810170301598383,0.03101494125963067
459601,20240409,probe00,457,VIS,VISl4,False,True,False,False,0.7694137524022224,0.8578975435192528,0.0009375820133225021,0.13045860957504152,0.5488236901224317,0.19352573501242643,0.7181824138532011,0.5830186646593684,0.47531090483869043
459601,20240409,probe00,459,VIS,VISl4,False,True,False,False,0.17757947099929794,0.6821355616138955,4.3694452500631087e-07,0.08776714982906364,0.36569464181098044,0.08371464371003234,0.052209275881179296,0.0851579389073931,0.38564001290085914
459601,20240409,probe00,461,VIS,VISl4,False,True,False,True,0.36749552667084184,0.28101017587818067,0.004507957713222099,0.08703825499517626,0.00480590714332052,0.00017314717834204796,0.001320179301388169,0.001300388307290179,0.0018945619810898373
459601,20240409,probe00,464,VIS,VISl4,False,True,False,False,0.6443331270220307,0.38867770807489244,1.114538767832407e-06,0.29710125336230864,0.01913155842972203,0.16362055117104524,0.13098590311177982,0.024300605115408547,0.11678583618863392
459601,20240409,probe00,466,VIS,VISl4,True,True,False,False,0.0037344160544964256,0.7836055159419315,0.006471470495170273,0.09272052471424297,0.1376709923739372,0.6401030469007403,0.007207849340711503,0.0006233272459762462,0.1580437879414135
459601,20240409,probe00,467,VIS,VISl4,True,True,False,True,0.0016349377937665555,0.3753038643316391,1.8402351415036655e-05,0.02864689377655749,0.00020165262818072627,0.02562883670871552,0.0011070127792806028,0.0001669775047413724,0.03694159081866222
459601,20240409,probe00,468,VIS,VISl4,False,True,False,True,0.7046847374156345,0.8811836058208017,1.033621494950232e-06,0.04557061820518893,0.006451640552257443,0.00269905801622472,0.013189481106672285,0.0027601779710173524,0.45950606714936304
459601,20240409,probe00,478,VIS,VISl4,False,False,False,False,0.7457819500736413,0.651327992402026,0.777996959340242,0.7180824913561756,0.8909297642639298,0.7130906379792401,0.9167733814803258,0.8689348563868786,0.520741083650197
459601,20240409,probe00,484,VIS,VISl4,False,True,False,True,0.6822895665869619,0.3440681850240417,2.199549220649466e-06,0.08704430610046032,0.001558196762124986,0.0022061940239581634,0.09169929572694746,0.003754056465199662,0.007291444974906858
459601,20240409,probe00,489,VIS,VISp2/3,False,True,False,False,0.3549292603851554,0.445065310288669,0.0004050913508720777,0.10116686479896642,0.06005169329041926,0.024809068902778342,0.0022730731821013483,0.007252589057281544,0.011932848727900125
459601,20240409,probe00,491,VIS,VISp2/3,False,True,False,False,0.40281633959935914,0.07493244387848741,6.082089798464807e-07,0.018549094393370935,0.04977880260182488,0.04194925491732182,0.008865993571273378,0.02465153221461769,0.0055107207042645046
459601,20240409,probe00,500,VIS,VISp2/3,True,True,False,True,0.0009794512976252223,0.47171204020694446,5.004447967138503e-10,8.282478207433108e-05,0.0011906814834630186,0.10366205874799694,0.00040052714479932305,0.000949916716464938,0.04683728705420065
459601,20240409,probe00,514,VIS,VISp2/3,False,True,False,True,0.3286548540912837,0.3618439501432278,4.6030769307314756e-08,0.0004555702317265986,0.004332880803554429,0.0005165867638836641,0.028528501515334703,0.036468503437488975,0.0711074721070204
459601,20240409,probe00,526,root,void,False,False,False,False,0.10766302598405808,0.056301935470409625,0.25340706430421744,0.6481729257751847,0.6516042018754604,0.4820215110056517,0.2999165505999808,0.8584229529983256,0.11930975665933063
459601,20240409,probe01,1,HPC,DG-sg,False,True,False,False,0.32582060488783837,0.22978402460104075,5.625738449421824e-05,0.16279841783032067,0.04191471934761304,0.0198036263025948,0.05734400023697617,0.0009250914212657335,0.16582584025335279
459601,20240409,probe01,2,HPC,DG-mo,True,True,False,True,0.009905041411544024,0.2156675165871349,5.3282340712446086e-05,0.011785785548400152,5.421542823713654e-05,0.0001511019203382924,0.001930120577251504,1.1409159693553939e-05,0.0005694756828659164
459601,20240409,probe01,3,HPC,DG-mo,False,True,True,True,0.057750067543280825,0.0003617086358010946,2.4868482291218186e-06,8.161342990398168e-05,0.00020012401511659839,0.0028990297322514236,0.0802028539627887,0.13351112284205824,0.013344327428701397
459601,20240409,probe01,4,HPC,DG-mo,True,True,False,True,0.006314739888088283,0.24024493318620943,3.530035772458806e-05,0.010366450999530596,4.311182412430892e-05,0.0004887473427496181,0.00035623356036751375,3.543011992868106e-05,0.0005902249625696632
459601,20240409,probe01,8,HPC,DG-sg,False,False,False,False,0.5398217875546125,0.700858080774737,0.8514718281420292,0.9024400960686149,0.8764547897841602,0.9028495206048744,0.6637666606054402,0.7170051789340491,0.9300122693617984
459601,20240409,probe01,9,HPC,DG-sg,False,True,False,False,0.5254137214871923,0.9397265370748559,0.014067783858603966,0.2985006538843903,0.0634895683612402,0.2877497229014052,0.3329211327907988,0.2406576928928481,0.35893447725155725
459601,20240409,probe01,12,HPC,DG-sg,False,False,False,False,0.0785059797996287,0.0963466656942168,0.1079123545535371,0.5413946258554394,0.6081541994712337,0.19706213454783617,0.8167559899826529,0.5686080751358187,0.853706299130645
459601,20240409,probe01,13,HPC,DG-sg,True,True,True,True,0.00013071460702818172,0.03577369717793055,4.8019589493297765e-05,0.00031803067310798294,0.006249963356932842,0.00023808062481556203,0.0002511938509134337,5.1884014380054744e-05,0.0004307476307774394
459601,20240409,probe01,14,HPC,DG-sg,True,True,True,True,0.010220687964628272,0.0010159995547314171,4.849494655467801e-05,0.000173300995243153,0.00046334784386348193,0.008888289190134735,0.015231901559645267,0.45229459548249906,0.0038750782833419928
459601,20240409,probe01,16,HPC,DG-mo,True,True,False,True,0.00013442034605970488,0.23836193397439165,9.599498371537507e-06,0.00019716407176129103,0.011262891636182326,0.00017854388630700324,0.00023157339191193227,6.882264773289126e-05,0.027211807874419125
459601,20240409,probe01,17,HPC,DG-mo,True,True,True,True,0.00019820725647412551,0.012789618275659831,2.9642945438834722e-05,0.0003718720567623679,0.0001740748216418897,0.00015052646966584593,0.00031560315890633017,9.156290950129709e-05,0.005349640038029402
459601,20240409,probe01,19,HPC,DG-mo,False,True,False,False,0.7591981762564892,0.4639030781240804,0.00011180844237301812,0.12942240833749163,0.1171166304151775,0.008910368327177953,0.64323290435036,0.06573260253560376,0.011449658854950973
459601,20240409,probe01,21,HPC,DG-mo,False,True,False,True,0.10916019977490177,0.13173517504449395,0.0009375224675487459,0.013695241072030018,0.024835225957811846,0.008288766019120541,0.25627674188020155,0.022087953846170905,0.030680698245132643
459601,20240409,probe01,23,HPC,DG-sg,False,True,False,False,0.1567902797663706,0.0750365191347292,0.006232966236384141,0.2791573816541091,0.7162910713695558,0.3398685356303919,0.22433441896867945,0.022067967070739658,0.07078801606262464
459601,20240409,probe01,25,HPC,DG-sg,True,True,False,True,5.479180357770286e-05,0.30958993969227244,3.100527786004115e-05,0.0002140051534034182,0.021725574827903937,0.0001878981549294778,0.0003012600273663013,8.130614060009034e-05,0.0013969719739971298
459601,20240409,probe01,27,HPC,DG-sg,False,True,False,False,0.45481913986930345,0.35654469672024025,0.027056923458866122,0.5816698608230432,0.2928188109801795,0.6185331521403294,0.1299302091367306,0.661063035376507,0.5210114038703565
459601,20240409,probe01,28,HPC,DG-sg,False,True,False,True,0.3964166473210804,0.38302919269980484,4.29308388039118e-05,0.006597731768301807,0.07692852555450891,0.3370903805107115,0.3690427209099052,0.7909615968615531,0.4956907452054433
459601,20240409,probe01,32,HPC,DG-sg,True,True,True,True,0.00039033749553973873,0.007804464838404024,6.914896392151704e-07,0.00046719626967417494,0.013049984279955518,0.00021600498763396647,0.00016506645865199676,5.344819721797567e-05,0.002317553181634402
459601,20240409,probe01,38,HPC,DG-sg,True,True,False,True,0.0003041390991770365,0.7548580602272955,4.1798966321504594e-07,0.0004948113590820258,0.9146490782854779,0.000763744068897898,0.0008605628848390445,0.0001841633679129373,0.12062938893653641
459601,20240409,probe01,41,HPC,DG-mo,False,True,False,True,0.09344097906221571,0.4205625185292514,7.609249430551301e-08,0.0010794018954188855,0.00021381633450390236,0.02059253809122752,0.00027733346175462525,3.460740955163466e-05,0.36029627555205
459601,20240409,probe01,43,HPC,DG-sg,True,True,True,True,2.4844160964820894e-05,0.00012353905519491004,6.631203073914627e-05,0.0001421660837164218,0.00013185635805224027,0.13178150743336414,0.011306676888520273,0.05643766339135936,0.008658887553165018
459601,20240409,probe01,45,HPC,DG-mo,False,True,False,False,0.43762861704850897,0.452187845207652,0.019541630895550943,0.4927625203405833,0.1165577739476078,0.16794673964971374,0.6744525460596082,0.2608923503710321,0.30115385270787054
459601,20240409,probe01,49,root,ProS,True,True,False,True,0.0028821489687255175,0.7657696380967687,1.0137099271112504e-08,0.015597708245058461,3.996127347338785e-05,8.421139443892667e-05,7.089327717124672e-05,1.2528116026144787e-05,0.0016835055455500791
459601,20240409,probe01,53,HPC,DG-sg,True,True,False,True,0.018077322096521575,0.059493597137694754,0.00024585672373822476,0.0076247838829065495,0.04572038554439761,0.0024014667666198974,0.023094391682178084,0.009957592750118649,0.06313267186886284
459601,20240409,probe01,55,HPC,DG-sg,True,True,True,True,0.00434671166557421,9.678366088594625e-05,2.0818532479038865e-06,0.0014946636412397352,8.575668056809427e-05,0.043261968412543816,0.00019247188129090098,1.430279561376313e-05,0.3652101525148037
459601,20240409,probe01,58,HPC,DG-mo,False,True,False,True,0.19841385136821965,0.6563516080647845,0.0011317875308705094,0.006254458740679314,0.19241389079052285,0.0006734635681281409,0.37661206292329275,0.025074830988557673,0.057145789778479505
459601,20240409,probe01,59,HPC,DG-mo,True,True,False,True,0.0011970980254465413,0.13282116383365072,0.0008010077528741721,0.00046938113503158796,0.004216617627429198,0.00034098414282413003,0.002291855584834801,0.00044285478612449136,0.016790027776545258
459601,20240409,probe01,61,HPC,DG-mo,True,True,False,True,0.0038790494844668233,0.5282447497861458,0.00010818750349506079,0.00491256498284276,0.018943896814396566,0.10689211787261421,0.027584926144541888,0.04599269638256065,0.7838689386900125
459601,20240409,probe01,63,HPC,DG-mo,False,True,False,False,0.20360357407003027,0.11955070671547341,0.009810239267474152,0.5214558830823174,0.026230310351224473,0.15611999122369868,0.24701154059520114,0.10065195500470503,0.7097735704870979
459601,20240409,probe01,64,HPC,DG-mo,True,True,False,True,0.018325690210323153,0.6284266941323853,0.006810623355923862,0.003195909639179706,0.13104119209920562,0.0011268406906019823,0.09536372460125908,0.005150229773564385,0.0014049393745614314
459601,20240409,probe01,65,HPC,DG-mo,True,True,False,True,0.00011825573885715368,0.19834925720920993,4.43446221631838e-07,0.00028093996282596567,0.003682950041587252,0.00034073285013236365,0.0003753282399444613,0.0001282474322071847,0.05276855505983413
459601,20240409,probe01,69,HPC,DG-mo,False,True,False,True,0.4088165788900029,0.700383050015422,1.2486199728600766e-06,0.01806541923309224,0.00016517591474696225,0.007089363654658065,0.002070979595038991,8.585962841500816e-05,0.04108207927072238
459601,20240409,probe01,72,root,ProS,False,False,False,False,0.7242368742528853,0.814664464762378,0.10843769046848029,0.5019195233628853,0.5064743189959753,0.4811994493156171,0.6841056352801167,0.37038156567324176,0.586842823848543
459601,20240409,probe01,75,HPC,DG-mo,False,False,False,False,0.6939780094759294,0.613026167593302,0.34889426144668845,0.3939233950438802,0.08514367787212573,0.3151149858555772,0.4081648297740391,0.5810160722526877,0.24348291811639844
459601,20240409,probe01,77,HPC,DG-mo,True,True,False,False,0.010714687301783377,0.8466497631005565,0.01785642127498277,0.07306026457290427,0.7302399886652645,0.018099406714851884,0.020961592301987242,0.004970071569510015,0.10159136757816578
459601,20240409,probe01,78,HPC,DG-mo,False,True,True,True,0.18700568631925008,0.010175021923499283,0.0003724376907819904,0.006135803390344918,9.426319659822102e-05,0.0006557717334474411,0.0017859833206618214,0.00014620315763436142,0.0031639011539168482
459601,20240409,probe01,79,root,ProS,True,True,False,True,6.812475969864007e-05,0.4535415726673033,0.00023319305340352425,0.00023754316064528158,0.9350542314086183,0.00036517080269471425,0.0020963676388102703,5.326070409839012e-05,0.02399374022195977
459601,20240409,probe01,80,root,ProS,False,False,False,False,0.917828069015932,0.2970239706441813,0.16077534438409513,0.09670515293095938,0.2755193298186541,0.04883931208506542,0.08681210672100048,0.7341134989429334,0.29908140887109114
459601,20240409,probe01,82,HPC,DG-mo,True,True,False,True,0.00013325545127995664,0.15473915408829364,7.300076519944909e-05,0.0002847513026208448,0.002013242585602204,0.0007450110547775335,0.00892175891708813,0.0026025571419195925,0.39037789289875646
459601,20240409,probe01,86,root,ProS,False,False,False,False,0.18362573251280612,0.9148681572936708,0.12177345195735878,0.48774862781798545,0.6671347618297911,0.814311113547638,0.5179326887224409,0.6404042583602394,0.8786763880427753
459601,20240409,probe01,89,root,ProS,False,True,False,False,0.7595957566533253,0.8441449081367388,4.045207160863207e-05,0.2615978469226282,0.18826399999971577,0.7190082336009163,0.16217855819072236,0.21299488055240912,0.39762899458368683
459601,20240409,probe01,90,HPC,DG-mo,True,True,True,True,0.00011044936450999021,0.011888554837933274,4.382889180809535e-06,0.0009698466817964491,0.11950558522287869,0.001276673567132347,0.00011156908800225018,1.8287269369809955e-05,0.00850972003855055
459601,20240409,probe01,93,HPC,DG-mo,False,False,False,False,0.1275364002806808,0.6764228903091261,0.09186349956251294,0.18184645062564964,0.7875488544211644,0.22742694418840992,0.3039658640208316,0.09345196727330052,0.802356061552058
459601,20240409,probe01,96,root,ProS,False,True,False,True,0.14499681105789108,0.46654638672868554,0.014192523451903472,0.01956559459676588,0.07308467288883347,0.000742321361460685,0.2179700949923169,0.009006733532546995,0.020916830801272268
459601,20240409,probe01,97,root,ProS,True,True,False,True,0.004534698190291175,0.5209285823711984,0.0013522434746007228,0.003366404431379144,0.4840697577872439,0.007849944433771738,0.2314572358696685,0.0058387816509538615,0.002887492898131061
459601,20240409,probe01,98,root,ProS,False,True,False,False,0.2189612187801725,0.9229886665045275,0.00662835778414661,0.32744647965971374,0.8986699314444548,0.29509183392353666,0.5369733181163381,0.13148964368930327,0.3089126755710012
459601,20240409,probe01,99,HPC,DG-mo,True,True,True,True,0.0033837921195337683,0.0025243842493831714,1.4361794074879697e-05,0.018703354796176463,0.0011077764578388827,0.21507324499714142,0.001772488707632247,0.009709829435536443,0.0066779295643899506
459601,20240409,probe01,106,HPC,DG-mo,False,True,False,False,0.06270205577832622,0.2529214416119897,2.967995722302774e-06,0.02631196702917027,0.8051043997458499,0.050162262150600156,0.033436367810224965,0.006802905992302377,0.4273907670723708
459601,20240409,probe01,110,HPC,DG-mo,True,True,False,True,0.0015500836934567719,0.06013076587750754,7.542922819681053e-06,0.0016078336751678135,0.004431428505572654,8.594800572159222e-05,0.005009066513589788,1.9986386871950756e-05,0.00010494133918692583
459601,20240409,probe01,116,root,ProS,True,True,False,True,0.001233603988307741,0.652901248416182,0.03723113127414779,0.0004745735068477641,0.041240552877711,0.01637056078453636,0.5133437013193851,0.15115285653706745,0.2020143444364757
459601,20240409,probe01,118,HPC,DG-mo,False,False,False,False,0.6564751370065516,0.7334803920551998,0.42116866053272917,0.00922372056801568,0.40120361488742173,0.24614109586988642,0.20916775882298677,0.5791572509565545,0.4838572755067708
459601,20240409,probe01,120,root,ProS,False,True,False,True,0.06304517936864507,0.12461160234216573,0.0027070125540852308,0.31107663142261366,0.0011059311368922797,0.003393971248283445,0.011631306396351682,0.0010314552737125116,0.3882245750515493
459601,20240409,probe01,123,root,ProS,True,True,False,True,0.03615822602038643,0.3985484209861103,5.4053426512545855e-08,0.19841672821505507,9.069231622593765e-05,0.0004206801670127991,0.00011540744074944875,4.189906605411853e-05,0.006812555449561164
459601,20240409,probe01,124,root,ProS,False,True,False,True,0.10513243315314369,0.4610506523427329,7.833739337215206e-07,0.4780691983032852,0.004033982574562223,0.01232353344348236,0.00020578351784816817,0.0007671452232971276,0.45548844533546606
459601,20240409,probe01,127,HPC,DG-mo,True,True,True,True,0.003432629925261055,0.020465812142294815,3.437679308559982e-05,0.16234052688037448,0.005675404660365091,0.020328379491265536,0.02355459517479852,0.0074398158985254925,0.5242617801629234
459601,20240409,probe01,129,HPC,DG-mo,True,True,True,False,0.022488964538558087,0.03121987598769327,0.003572271265593452,0.06457901881833061,0.032890044021214315,0.5087518112815721,0.20557861052027449,0.23934533542961833,0.834219732694695
459601,20240409,probe01,130,root,ProS,False,True,False,True,0.7785670901232368,0.6859253307819044,0.02930439040665378,0.004949566557744478,0.7038159119446108,0.004205018024973528,0.00373840455660035,0.32299425093943923,0.0029206896873023025
459601,20240409,probe01,131,root,ProS,True,True,False,True,6.170545102168745e-05,0.08574590277838545,4.114595224480322e-05,0.00030936626641475673,0.27498541481499916,8.298638187786977e-05,0.00011348585567794167,5.220048636533914e-05,0.0012936183727995099
459601,20240409,probe01,132,root,ProS,False,True,False,True,0.37048347369251866,0.22393980539661296,2.157668926416889e-06,0.011084341657636054,0.00030163238598701625,0.00048212245687317967,0.37441603838073134,0.010899148331130037,0.004019989708087923
459601,20240409,probe01,133,root,ProS,True,True,False,True,0.004082392636373666,0.4082224608116368,0.002980510061998287,9.538284919663464e-05,0.007718700079421104,0.005598350865460344,0.2736660068150675,0.1117982441869616,0.15726853548387543
459601,20240409,probe01,134,root,ProS,True,True,False,True,0.002877600277850667,0.10164849499045747,0.04203762512034703,0.0057074605332461115,0.10479331137366876,0.15428057104222126,0.052484697926080126,0.021434055975888877,0.07707089837405834
459601,20240409,probe01,136,root,ProS,False,True,False,True,0.1805594686230626,0.4270929677086668,0.02288675685998398,0.007526310395153724,0.1107161946946118,0.0006805615626626071,0.13514314868932698,0.12408659295340851,0.014949533820859062
459601,20240409,probe01,137,HPC,DG-mo,True,True,False,True,0.01018863667147396,0.1606328321815671,0.0014385508729793939,0.0042023462283719,0.20960976310366553,0.011491502719940816,0.019082581433565005,0.007421834632817648,0.07086060635051594
459601,20240409,probe01,139,HPC,DG-mo,False,False,False,False,0.15585913341122892,0.4331533050989852,0.9517048095949492,0.034031829583673234,0.5556894960434721,0.024383076120847558,0.7657433399617366,0.45796078255973693,0.8669470338169681
459601,20240409,probe01,140,HPC,DG-mo,False,True,True,False,0.6218497777150429,0.0435574674040321,0.0002044836805475958,0.3623680657047672,0.23909801741900205,0.03494816712449955,0.21164483473775397,0.015259599605281449,0.0453076369541453
459601,20240409,probe01,141,root,ProS,True,True,True,True,0.03631699830782975,0.03653807027896128,1.391685441820556e-05,0.30756997822451826,0.0003355385098960939,0.007826246847990381,0.0001116574824773231,7.841412170106477e-05,0.38268280857682657
459601,20240409,probe01,145,HPC,DG-mo,False,False,False,False,,,0.4407473491556121,0.9559314353267475,,0.8779258778134785,0.3011238482695542,,0.22720612652869332
459601,20240409,probe01,146,HPC,DG-mo,True,True,False,True,0.0002213339190823005,0.3055614984425723,1.166249624207083e-06,0.00032311196028078637,0.019086211018455423,6.656289847584151e-05,0.00048575850741960913,0.000202876131571883,0.015135250970655156
459601,20240409,probe01,147,HPC,DG-mo,False,True,False,False,0.7449234503958262,0.26765824525858806,0.003239464462809316,0.12065366257174603,0.6881137598859508,0.28599925408236626,0.5629127902627913,0.3701638124184513,0.8425847403294184
459601,20240409,probe01,149,root,ProS,True,True,False,True,0.007992206941619173,0.5664156492179827,5.7635404053013595e-05,0.0024677947119365884,0.000680724221950535,4.969101426333111e-05,0.012362862903860461,2.1169883200999884e-05,0.009843851776613066
459601,20240409,probe01,156,HPC,DG-mo,False,True,False,True,0.7254377843249089,0.3387221729824942,0.0006208056678237428,0.09135432450913317,0.00023624680413070198,0.019281491502350034,0.031508740597367746,0.003090559540788962,0.00612271151913113
459601,20240409,probe01,158,HPC,DG-mo,False,True,False,True,0.22860599170400564,0.10965145013882271,4.17202512403847e-05,0.0023402758187657247,0.0002080281510491444,0.018794240545605745,0.00032030242911273987,5.965965051479838e-05,0.1689608086949469
459601,20240409,probe01,160,HPC,DG-mo,False,True,True,True,0.09374944069877988,0.02515498268641969,2.8733568835370704e-07,0.3298796451086582,0.00027308088835631406,0.00037614648265282824,0.0003893902790491621,9.937457960185192e-05,0.11506306469632177
459601,20240409,probe01,161,root,ProS,False,True,False,False,0.35406379402920796,0.673172013384855,0.00011965501675625934,0.38339071133272573,0.029400377859703508,0.0664271696370986,0.026599046124378578,0.023899594973268656,0.7438656401734953
459601,20240409,probe01,162,root,ProS,False,True,False,False,0.3633301943430761,0.9259363960636864,0.013070783868697422,0.18873557529606066,0.16799906424674194,0.7001847546180329,0.15706760123787245,0.5758403508435084,0.49711443297579627
459601,20240409,probe01,163,root,ProS,True,True,False,True,0.01717483227034966,0.2863150900451461,0.023151211589714227,0.017786128936954304,0.5684832421655017,0.007697039784098969,0.019753690003001978,0.012043831923603476,0.256206851672407
459601,20240409,probe01,164,root,ProS,True,True,False,True,0.005299092015605078,0.8207055370066878,0.0008421595002054971,0.007499363066426845,0.1493563299407651,0.0008609059662711971,0.005057028133479968,0.010781850346106236,0.24217147182456966
459601,20240409,probe01,165,root,ProS,False,False,False,False,0.8716007374983309,0.7739217891928706,0.33225089590621415,0.18866581879013644,0.2371816503925811,0.25325308069038555,0.33764901347847065,0.34673101433811826,0.3820019350387054
459601,20240409,probe01,166,root,ProS,False,False,False,False,0.1148114068042001,0.5107347997733753,0.10109308316307253,0.15816012209255037,0.4269795861918626,0.41233935936547006,0.4212213632429608,0.35509073864684393,0.5906364460162801
459601,20240409,probe01,167,root,ProS,False,True,False,True,0.4935609670936407,0.6243223905662181,1.0922982435213058e-06,0.138055749385823,6.177899646397922e-05,0.010557627688805304,0.0003403395962886524,0.00041982325830935974,0.05105737119711684
459601,20240409,probe01,169,root,ProS,False,False,False,False,0.23558801394114226,0.8471335470965634,0.15706047386879818,0.35940308363635276,0.7209404997530788,0.3968556976032954,0.5302143257572072,0.4153565633367472,0.9389494057549389
459601,20240409,probe01,171,root,ProS,True,True,False,True,0.017629841413720926,0.7735391158194931,0.0018676038549078067,0.021158239130155243,0.0004158252658361672,0.09024761589907393,0.11447435834150232,0.00206252186841005,0.35892526037785244
459601,20240409,probe01,172,root,ProS,False,True,False,False,0.6540650098287111,0.6218912798542311,2.4277461057597982e-05,0.6564242473790072,0.0340177774919217,0.1265098301023233,0.12900378397054302,0.04115045775394932,0.6294495583908315
459601,20240409,probe01,181,HPC,DG-mo,True,True,False,True,0.003213178721489851,0.6935093262479253,3.809020633349647e-07,0.011230859465083287,0.0014300192319794958,0.0009607124352731811,0.003410120474809708,3.629690586692824e-05,0.10374296104023695
459601,20240409,probe01,182,HPC,DG-mo,False,True,False,True,0.22885089085659815,0.44059719744618286,4.403069409086857e-05,0.017444787118928495,0.17677384162750542,0.007422063273400448,0.4165725588541245,0.0466482783789296,0.02663932274350167
459601,20240409,probe01,183,root,ProS,True,False,False,True,0.00787022740713672,0.6386280805100117,0.06120117241637146,0.003776989326533031,0.39934698359104726,0.004922751060489783,0.05574083227871918,0.00804637040067302,0.0925795408847988
459601,20240409,probe01,184,root,ProS,True,True,False,True,0.03515183349745632,0.08484468925436861,1.0381673384962653e-05,0.0003267208600592486,0.0001284233705051152,0.16513714664319568,0.00013997919784047852,0.0018753706242397028,0.15693489864961307
459601,20240409,probe01,188,root,ProS,False,True,False,False,0.5735684621231482,0.782565050758911,0.009409400266202073,0.08318431349867594,0.19602082292149003,0.017552780841088134,0.16790268900537297,0.0341566957876569,0.011846599929374535
459601,20240409,probe01,191,root,ProS,False,True,False,True,0.14263917327654418,0.09966186025760904,0.01444281324750707,0.0949993362361552,0.029326811143922105,0.0029423261800658462,0.05345913151938553,0.18070054513760814,0.001222845405585482
459601,20240409,probe01,194,root,ProS,False,True,False,True,0.24887014023892529,0.2920680804997525,0.003410269830535828,0.04441426799694026,0.0025860514975970528,0.02488503768500716,0.00928337986671779,0.006421886008464939,0.4840397636084952
459601,20240409,probe01,195,root,ProS,False,True,False,True,0.29261856905013506,0.7333927375619769,0.00029618727360669617,0.009351235049340545,0.0015358262026351488,0.0691945365996961,0.007006250215675025,0.0013642731475381753,0.4095202571624659
459601,20240409,probe01,196,root,ProS,False,True,False,False,0.05738485562357831,0.48862587389445056,0.006478748170350546,0.015701390337353738,0.17925551369463955,0.00917049176679674,0.0006988083867163208,0.011647445780655241,0.1216091036057596
459601,20240409,probe01,200,HPC,DG-mo,False,False,True,False,0.09242386298968752,0.0017540683665734358,0.26783242543974317,0.07378149845037929,0.028599721541020973,0.20709745275310698,0.3032106195022286,0.5725684050589945,0.4183259658858749
459601,20240409,probe01,202,root,ProS,False,False,False,False,0.0511641409879634,0.08525564709713085,0.09069950799470872,0.09432112923916058,0.4410847361036747,0.18345844909434494,0.3052526637703342,0.029890912959085636,0.18772039880488833
459601,20240409,probe01,206,root,ProS,False,True,False,False,0.38313985931711525,0.8499039618300845,0.004807484750065094,0.06855551368411905,0.11927495422168233,0.18400355094963894,0.635216542197498,0.4910469410421463,0.3691228481165988
459601,20240409,probe01,207,root,ProS,True,True,False,True,0.0002233359557268777,0.12804574013655878,0.00011446709673457178,0.00012493605263252938,0.08328430124376762,0.00011580060775728818,0.026484425011739754,0.0008856273220666511,0.0026128118346414597
459601,20240409,probe01,208,root,ProS,False,True,False,False,0.7226565888513945,0.7635617128275677,0.0001963727526789194,0.4900982124619968,0.5841156075339522,0.19812527666082824,0.5239979330100704,0.17408005829403972,0.608477226826304
459601,20240409,probe01,209,root,ProS,False,True,False,True,0.12395650782967671,0.5688033495727591,7.507465602651919e-05,0.044014419527101944,0.046592344865802326,0.003987179939983987,0.1134209670026054,0.014688807792832548,0.05783968362101133
459601,20240409,probe01,210,root,ProS,True,True,False,True,0.0010324470321882995,0.42312375366894084,7.023037269737742e-06,0.0005470548933337316,0.29067869034051363,0.00032411093627893184,0.0029152413975049862,0.0013935962359094,0.02095676485742559
459601,20240409,probe01,211,root,ProS,False,True,True,True,0.25271976625086223,0.04885998987348228,6.498368188134762e-05,0.02753828518552015,0.0004358158092844233,0.0002203300648612183,0.0021837234505233116,0.0021104617499472234,0.32801310944833495
459601,20240409,probe01,215,root,ProS,False,True,False,True,0.20128062096172838,0.5085198458752671,1.8784656069525951e-06,0.07929231816406956,0.00025277458363792693,0.0014432029150338588,0.0008080810060819843,0.0001775137668265092,0.10909259812353889
459601,20240409,probe01,218,root,ProS,False,True,False,True,0.3757923962013219,0.9026514558768256,6.1199891656649186e-06,0.2269740245693047,0.0013496701407327283,0.005991006255611442,0.003108234440442059,0.0006602573169360859,0.11194230485870893
459601,20240409,probe01,219,root,ProS,False,True,False,False,0.46035603812604764,0.05794606159525728,0.008320483007151935,0.335401672940585,0.8029063380454344,0.2942954216330752,0.740165307691974,0.5097593416259176,0.2960942717419841
459601,20240409,probe01,221,HPC,CA1,True,True,False,True,0.01416710573126656,0.5115622837566873,0.0009569937195748057,0.00251711205256977,0.6178395619245847,0.0012667548110057991,0.0015209225538813653,0.002367070102379243,0.889729382736258
459601,20240409,probe01,222,HPC,CA1,False,True,False,True,0.06439240579990024,0.9077362095708362,1.1495592767696294e-06,0.3375111532494015,3.45474530654144e-05,0.0009064508442552244,5.2155551775179276e-05,1.8818382492069574e-05,0.04108962840385255
459601,20240409,probe01,224,HPC,CA1,False,True,False,False,0.6800772382378422,0.7666233687638706,0.005517341838135015,0.6760172293028976,0.05737773626476206,0.10509285334457463,0.9101651020888293,0.41036598764181353,0.21084393292892412
459601,20240409,probe01,226,root,ProS,False,True,False,False,0.9495337666801309,0.9184776323209082,0.028031532461280873,0.25127573585928564,0.669218604878322,0.7859825224560888,0.2398352621899249,0.7106908828862286,0.667177256277524
459601,20240409,probe01,230,root,ProS,True,False,True,True,0.01092652518679016,0.00036796901440416807,0.16012711167252558,0.00043651091426955,0.005519327165951937,0.07443477947236754,0.0728317824859277,0.001968385070736267,0.003967291297177433
459601,20240409,probe01,232,root,ProS,False,True,False,True,0.1954433749828648,0.46805676373419636,0.00024840181029051056,0.047254547984430184,0.003958704820493764,0.1158062048082863,0.002074665584706703,0.003906478056240337,0.5190422075740346
459601,20240409,probe01,233,root,ProS,False,True,False,True,0.16719306283510194,0.5878128864046964,0.000776412290567241,0.03349105660952589,0.17087381945418523,0.004705764481316099,0.5157712708385301,0.06118915362354349,0.05081180735981994
459601,20240409,probe01,234,root,ProS,True,False,False,False,0.03445679723353667,0.7661357854998557,0.5040487284673896,0.05036952286761498,0.04425341301987684,0.7326905013401281,0.5976422575129827,0.354443043156502,0.04067005747024477
459601,20240409,probe01,236,root,ProS,False,False,False,False,0.25735357428716576,0.5756981446901224,0.10415122795933851,0.3031200975287327,0.03545342208277069,0.15068074003225518,0.03638985390403682,0.017512596004191083,0.08588308951387724
459601,20240409,probe01,237,root,ProS,False,True,False,True,0.08013191316427126,0.23722115871677996,8.680278186412593e-05,0.06719524549578115,0.005451478996144954,0.00985271889310646,0.01916918933157863,0.0028252078398653957,0.3146309900115152
459601,20240409,probe01,239,root,ProS,False,True,False,True,0.376398765687439,0.4045769493468532,9.660560391866468e-06,0.47672286759745186,0.000645515689967735,0.003252101176975719,0.011692770844840328,0.0010195477725816193,0.11810161635304128
459601,20240409,probe01,241,HPC,CA1,False,True,False,False,0.09388888280712271,0.6250091098022419,0.03522694038183449,0.33476972485039747,0.02286541984768331,0.15642497322681026,0.1648865268726779,0.5563383966788611,0.2002038432310913
459601,20240409,probe01,242,HPC,CA1,True,True,True,True,0.000610582216372002,0.046243424777952624,0.045836071078979024,0.0002016063528987866,0.0002443111907173279,0.01567587861569064,0.023411371672004133,0.03028886453118962,0.6422038694398506
459601,20240409,probe01,245,root,ProS,False,True,False,True,0.2297626889798069,0.7140097051432424,0.0023731386910006425,0.02731009655528438,0.003846755810067104,0.17000782278745774,0.0020990632938733267,0.00936044326554164,0.10740069359780346
459601,20240409,probe01,247,root,ProS,True,True,False,False,0.02440172326472201,0.46450995384156357,0.00017014661369740836,0.024844119335955428,0.3712401661048482,0.046525286792276854,0.4248729099112484,0.026899650357732563,0.0186866908512503
459601,20240409,probe01,251,HPC,CA1,True,True,False,True,0.0025679214340695866,0.15887305085168746,0.01989993986828209,8.017969554185989e-05,0.0009442603656831805,0.004457078669370951,0.16173249587492589,0.016029801626692652,0.03182872080596888
459601,20240409,probe01,253,root,ProS,True,True,True,True,0.03638502608369154,0.03729664864588622,0.037193842100149754,0.006581678421151649,0.8494571847039165,0.0020832677991632353,0.030180717960734293,0.0012080041934947605,0.011455974934466484
459601,20240409,probe01,255,root,ProS,False,False,False,False,0.22241957048631,0.7444063492862261,0.05360196897916947,0.11147607890884781,0.03842160761384805,0.39210381225479607,0.3985312777522193,0.27225412488810397,0.935127812945949
459601,20240409,probe01,258,root,ProS,False,True,False,True,0.05861635991100822,0.06148003452630513,2.2084985680237423e-06,0.014091777664013594,8.496455772333267e-05,0.0009619013750781225,0.0001899113713063061,0.00011638591211526883,0.02936516981958992
459601,20240409,probe01,259,HPC,CA1,False,False,False,False,0.3166851808642447,0.850244704480472,0.1807252059669875,0.13753883582499749,0.04420781813328878,0.603563944679402,0.4234555960538552,0.4774646380906217,0.11808725441892809
459601,20240409,probe01,261,HPC,CA1,False,True,False,False,0.1417392103909284,0.5650101244959456,0.0011094266893785232,0.5148869896060628,0.24450868069271836,0.09480691459982038,0.07278163145912031,0.10433783739267621,0.7375242434749889
459601,20240409,probe01,262,HPC,CA1,False,True,False,True,0.35140295055558746,0.8131048084651756,0.00011990952784202147,0.15169177717296534,0.0036536926034478334,0.056831829754453556,0.0025382670164915133,0.0005597871832866419,0.041087203742672385
459601,20240409,probe01,263,HPC,CA1,False,True,False,True,0.7645145183975401,0.8345728756178168,3.609901906209689e-05,0.1541382067256113,0.0001481712503622612,0.006293214078847753,0.001859896128864169,0.00010377838227992875,0.17185049416083797
459601,20240409,probe01,271,root,ProS,False,True,False,False,0.9048427315094811,0.6529331014452205,0.00031385293630292743,0.15529899773813838,0.11179128138673933,0.018746080847657498,0.5925002171902498,0.017566984743439207,0.04854816334829459
459601,20240409,probe01,274,root,ProS,False,True,False,True,0.1437127343045297,0.3726391897122572,0.0008131904909675081,0.004979608948865066,0.0002966326859947799,0.00030148772997107276,0.003862807691617731,0.0005714120408560897,0.005959779367779916
459601,20240409,probe01,277,HPC,CA1,False,True,False,True,0.8747608910868911,0.8810391302255837,0.017447674067803565,0.22931268394760307,0.0024100301538682034,0.10721514826452982,0.14649141764736406,0.0015662530439178868,0.07517747666213281
459601,20240409,probe01,278,HPC,CA1,False,True,False,False,0.2400265470805435,0.7210287303559595,0.013301458703659175,0.12686590117689078,0.031157006284994293,0.16542133773214662,0.005298814530807272,0.009351732762371556,0.657133131831464
459601,20240409,probe01,280,HPC,CA1,False,True,False,False,0.4827930547304843,0.31491532466904126,0.02677204159196156,0.917399044478789,0.4671723223227118,0.504526332621314,0.3532270730004474,0.24905791888359252,0.7298453967422027
459601,20240409,probe01,285,root,ProS,True,False,False,True,0.010247011805335493,0.06026546715639303,0.06827579227710179,0.012445843300716741,0.0019492985912784588,0.019538777360600945,0.03252126650471743,0.01266053002324008,0.1177582499363784
459601,20240409,probe01,289,HPC,CA1,False,True,False,True,0.9562475197789511,0.18282709999188396,6.211508354247997e-05,0.16899015273833295,0.09570880955505168,0.008099479573483226,0.1858780264404064,0.002765702862191799,0.021481539995593657
459601,20240409,probe01,290,root,ProS,False,False,False,False,0.5761824380076592,0.9072427029032387,0.3098118080727934,0.669727144291937,0.6669842183580393,0.7722726017747615,0.12346217670806248,0.07844455303225173,0.6760069836524831
459601,20240409,probe01,292,root,ProS,True,True,False,True,0.04132193496578318,0.6985492647384888,0.0001719563321876949,0.002599842800176222,0.0034529732501353827,0.14069807168181425,0.13983631049152734,0.7573067469756877,0.035742382280156026
459601,20240409,probe01,294,HPC,CA1,True,True,False,True,0.015611445787464207,0.738492207502929,1.2423373174641483e-07,0.04050219399134658,0.0005743692072561757,0.002463664662199605,0.0026732194600633807,0.00011563766394417918,0.3257107730140296
459601,20240409,probe01,297,HPC,CA1,False,True,False,True,0.33233884369230526,0.8449774164172066,2.643753525988224e-06,0.06422377589993311,0.0001901849707846015,0.0033940419540683386,0.0008737926715802757,0.00011447029155975397,0.19176024017628512
459601,20240409,probe01,304,root,ProS,True,True,True,False,0.010795627853686263,0.0021645744897252905,0.007424495062691161,0.07874971292452371,0.15406057816101804,0.14678222413878972,0.01039051902632282,0.1564876491395104,0.0026057749258914242
459601,20240409,probe01,306,root,ProS,True,True,False,True,0.0016109001199303696,0.06762309154150603,0.007755872041153911,0.0010129062159084379,0.05407248285392363,0.044381783410239906,0.4667286868098609,0.7260792239059144,0.3043017264112411
459601,20240409,probe01,307,HPC,CA1,False,True,False,True,0.3906750619586802,0.35616979609569177,0.0029739810219946428,0.02511174071862432,0.000626047954057074,0.0004053735822223681,0.07815515410389173,0.0003645400723935044,0.0032629855511357997
459601,20240409,probe01,309,HPC,CA1,True,True,False,True,0.006896083749016513,0.0604200651511263,1.7220900449754772e-05,0.00040086161265873166,0.0029230374838780104,0.0001468593581617217,0.0033632802273825257,0.00023060632140425863,0.0005164542741676881
459601,20240409,probe01,311,HPC,CA1,False,False,False,False,0.5005840088105498,0.22116800424077065,0.17295515599102684,0.17093973938515272,0.13831768104644693,0.7868245722670458,0.9566433668996374,0.8129385439661323,0.8562222313007954
459601,20240409,probe01,313,root,ProS,False,True,False,False,0.1385594440919048,0.3640385547236745,0.0012749526257405108,0.5571005582030197,0.011089883654038624,0.034108454535408894,0.13446347820221827,0.08853142856087082,0.937124203250051
459601,20240409,probe01,315,root,ProS,False,False,False,False,0.47589530945727276,0.7654192206666949,0.07404770533092064,0.33526693618694847,0.06410244635333828,0.034014851603672014,0.5609600958426415,0.17789399889241497,0.08996707010657301
459601,20240409,probe01,316,root,ProS,False,True,False,False,0.11229853863495887,0.9622382258161806,3.0041640137645764e-05,0.2634240552580912,0.011036149073972212,0.014518452185024677,0.004934718262886273,0.0027521798175337286,0.3593436625553371
459601,20240409,probe01,317,root,ProS,False,True,False,True,0.07762311173245195,0.5345759138479946,0.0005832304976384206,0.005144036933941387,0.002442015550928711,0.6422789530344243,0.278523304584393,0.011423082658842842,0.305111752756124
459601,20240409,probe01,318,root,ProS,False,False,False,False,0.6360526524402645,0.25540513717795754,0.2880248248822148,0.5705759416347129,0.9373611315636079,0.6220538070450864,0.2358405143604534,0.20399426162464418,0.9306020219491363
459601,20240409,probe01,320,HPC,CA1,False,False,False,False,0.5451641540603818,0.9222669392255792,0.07257269309776027,0.5914918188682533,0.09838411383047752,0.6337675451871198,0.10343205344127027,0.028540555393523515,0.901411359356603
459601,20240409,probe01,326,HPC,CA1,False,False,False,False,0.23426674224847932,0.8386264119989293,0.4712163064471102,0.08040483193747783,0.42708272877702536,0.4485217904675809,0.6933603166053754,0.585310661285366,0.8535972693037014
459601,20240409,probe01,327,HPC,CA1,False,True,False,True,0.5455800247393815,0.919293929485705,4.359851929813807e-06,0.10637010814047154,0.00010103734478472681,0.0004302249216368015,0.001097025084199399,2.641274902637214e-05,0.04016401906771172
459601,20240409,probe01,328,root,ProS,False,True,False,False,0.8298028489519294,0.5523264204895775,8.762776267934314e-07,0.010181618332521403,0.045931908381528275,0.29379851733499385,0.05434479861547825,0.07995290685272105,0.4244104116614288
459601,20240409,probe01,329,root,ProS,True,True,False,True,0.03501791528541409,0.07081007157405306,0.0030849210290632145,0.004096278701482103,0.0015102725408649986,0.00024213154119079316,0.1319516914510842,0.0008924884228710406,0.005083111449781796
459601,20240409,probe01,330,root,ProS,False,True,False,False,0.9194993532513628,0.36814974057010663,0.00023202829006596648,0.7035425029915275,0.39645510937404627,0.1764842849830105,0.7905840007917286,0.9248795167055718,0.7351562847237931
459601,20240409,probe01,334,root,ProS,False,True,False,False,0.05154921600087192,0.2788018870899248,0.00648323682497709,0.17397541919042925,0.01410483089579917,0.013320883595105415,0.004131353714623809,0.009522019703213425,0.12978680922939934
459601,20240409,probe01,335,root,ProS,False,False,True,False,0.1590949445609926,0.007913065220224946,0.13175484201914955,0.1260126939849543,0.16687071919978358,0.2325268357468837,0.18946143209528765,0.02271339013619078,0.17440787469364816
459601,20240409,probe01,336,HPC,CA1,False,False,False,False,0.9594594105742578,0.8286323897576306,0.3338209282174839,0.6510407253500932,0.22524605656538144,0.15202612796830972,0.7571591544166538,0.43886717305456757,0.27554825466265664
459601,20240409,probe01,343,root,ProS,False,True,False,True,0.09324251647500303,0.2007591755618925,3.545703987728466e-05,0.16818830447370958,0.000849790309417453,0.007481571238168172,0.004990483111120714,0.002459198631595161,0.2686319875824884
459601,20240409,probe01,350,HPC,CA1,True,True,False,False,0.01922599886213394,0.05028638547464204,0.0005016944277314028,0.20575122992745765,0.053640438855654504,0.03377444844726407,0.0045392367565606495,0.5344317567552956,0.0009074415803895786
459601,20240409,probe01,354,root,ProS,False,True,False,False,0.37282296375129775,0.9379398701954214,0.007386706381302899,0.8108244292912026,0.02930904194332895,0.01575287666564884,0.7240825880136628,0.14017209644924777,0.361600505871324
459601,20240409,probe01,356,HPC,CA1,False,False,False,False,0.3574900475119771,0.9335773543882956,0.1205655845488236,0.012766205630785898,0.10959312165530166,0.5487532866095519,0.6140217427215655,0.5631007076560306,0.6622845730646022
459601,20240409,probe01,357,HPC,CA1,False,False,False,False,0.7024658443825174,0.6002028307847589,0.28981028349141935,0.048165739577249456,0.5174350579992733,0.2578973010723524,0.4767891769131156,0.6818615880654579,0.18511024261131148
459601,20240409,probe01,358,HPC,CA1,False,False,False,False,0.7913221193078133,0.2875249498325224,0.3912479694126436,0.19785320937005912,0.19844644046930293,0.2598049993771009,0.277348734172414,0.08873859927380634,0.28612047948888486
459601,20240409,probe01,362,HPC,CA1,True,True,False,False,0.03501192190184854,0.7266555324231139,0.01318323496294005,0.4028990265706881,0.10801519027966233,0.3887727051403532,0.04269094527245709,0.3178071489729929,0.6609658768158497
459601,20240409,probe01,364,HPC,CA1,False,True,False,True,0.7113433619666587,0.6821301768492101,1.4480669373706512e-05,0.03950580981475982,6.863765606512917e-05,0.00483297346740863,0.00014789799997960706,1.946897381543966e-05,0.009714656011099998
459601,20240409,probe01,368,HPC,CA1,True,False,False,False,0.020477222424007513,0.09688809120740416,0.10130443628856545,0.6668507219564639,0.12316400603073574,0.4228274491522611,0.7225267045932403,0.17429285265555972,0.7960691070362634
459601,20240409,probe01,370,HPC,CA1,True,False,False,False,0.03478462963347817,0.4522878336258841,0.05005924892129343,0.8189531205319109,0.613790816153954,0.6849848758329972,0.6857448729352733,0.09704251445428591,0.2832737746555313
459601,20240409,probe01,371,HPC,CA1,False,True,False,True,0.08035590163985695,0.05530755880058935,6.092647353661551e-05,0.004352261668454482,0.001576507151721862,0.5069959663671948,0.010429251835275433,0.010617312028603831,0.8978401427677642
459601,20240409,probe01,372,HPC,CA1,False,False,False,False,0.14091118389076573,0.24727144124228773,0.9453200184882335,0.3897510163121214,0.10673854039697728,0.24956028092137839,0.8924113022911427,0.636377691558764,0.8434622486849941
459601,20240409,probe01,373,root,ProS,False,False,False,False,0.07155724542640429,0.0993986527849885,0.0833425031876519,0.04090695901258312,0.05347062763671051,0.4334966903447216,0.005117644102032304,0.009964952954761852,0.22544498579579908
459601,20240409,probe01,378,HPC,CA1,False,True,False,False,0.10682305211431109,0.39364296784908603,0.015627905034852896,0.1579319869951361,0.015707998988123695,0.008784949527721908,0.00443721696220245,0.0017832676209833531,0.01958395904734056
459601,20240409,probe01,382,HPC,CA1,False,True,False,False,0.23153475377239008,0.7937799185861517,0.020573601126811503,0.373664540920575,0.24637136938322124,0.06857710786651905,0.09283198225350309,0.060745318291866246,0.47784283401851924
459601,20240409,probe01,386,HPC,CA1,True,True,False,True,0.011684470089858623,0.7192345940530525,0.0015146505286315337,0.014266612774924803,0.011361413247464758,0.0005311470866489199,0.00010142787345768234,0.00014161920138988648,0.6819670114883372
459601,20240409,probe01,389,HPC,CA1,False,True,False,True,0.2971863869404743,0.17276437195747552,5.836493783550889e-05,0.061049037776552795,6.566003157948419e-05,0.00010415469183566728,0.0017212908782585634,5.792541932092554e-05,0.0012676000788782726
459601,20240409,probe01,390,HPC,CA1,False,True,False,True,0.485143893443735,0.19157919629538522,9.604954070041583e-05,0.01552231707330054,0.001941256920149237,0.14167990566968258,0.00023785901593531555,0.003915190789090639,0.14556690547690743
459601,20240409,probe01,394,HPC,CA1,False,True,False,False,0.4287523876169127,0.1168371129440885,0.020873753681754814,0.7481553770314906,0.05212891402595221,0.30078204793451135,0.9398372293796979,0.38696703434906077,0.5414457732917322
459601,20240409,probe01,397,HPC,CA1,False,False,True,False,0.6417260831709133,0.021770232518212307,0.21619601090469975,0.05376543104463416,0.012198299264032486,0.36497739422671494,0.6284315100416109,0.7165381198017677,0.5821844419389229
459601,20240409,probe01,399,HPC,CA1,True,True,False,True,0.033414700596060665,0.0836222058260947,3.8171331986580626e-05,0.0003230084386858234,0.002144505424201748,3.740237383675904e-05,0.0015200398412802407,0.0038590132973349567,4.2283985223989795e-05
459601,20240409,probe01,406,HPC,CA1,False,True,False,False,0.06530656668561563,0.743527122489944,0.029738655147081516,0.017207573809058907,0.0423549037796932,0.039788234713708515,0.30022186354178493,0.2663110533263957,0.2039238060099282
459601,20240409,probe01,407,HPC,CA1,False,True,False,False,0.20999275296535702,0.5068471320854409,0.0026303677555297167,0.8199748576376685,0.24890080959526406,0.26261423361975933,0.001562577276972732,0.019310722138855763,0.011793703957214907
459601,20240409,probe01,409,HPC,CA1,False,True,False,True,0.11641919642249798,0.35589307402866865,0.001214472988472659,0.6866468032276316,0.004280566789132023,0.038981738804162225,0.0011269361511304643,0.004633163491719938,0.7985593046463185
459601,20240409,probe01,414,HPC,CA1,True,True,True,True,0.030367494466650102,0.04731186782220709,1.258479007193447e-05,0.0007902470059184541,0.0018422094119753263,2.3561153388973466e-05,0.001952445785408763,0.002136762221292998,0.00011438777686412216
459601,20240409,probe01,415,HPC,CA1,False,False,False,False,0.923024041196225,0.07983906491082293,0.2665105009188973,0.5661246385437437,0.2353259695781027,0.3930176574435804,0.5535168199073169,0.4010862230354285,0.28203149014465345
459601,20240409,probe01,423,HPC,CA1,True,True,False,True,0.04883967760408214,0.05759117198857033,7.199506737387562e-05,0.00015613594521401986,0.001456246374746284,0.00016300804112268086,0.0006024101652258862,0.002289273582807283,4.9120995525786526e-05
459601,20240409,probe01,426,HPC,CA1,True,True,True,True,0.04330839731431546,0.021812033261333186,2.691510715646661e-05,0.014865693648483114,0.004098207496202155,0.30317540321021264,0.016662524603924367,0.01213401806388581,0.8372772026981469
459601,20240409,probe01,434,HPC,CA1,True,True,False,True,0.0015667564472928719,0.266622101537039,0.0001441874167743551,0.008253219799131073,0.00018529442013437425,0.0003223323583253501,0.003886431429121595,2.532833992441308e-05,0.05344955120776218
459601,20240409,probe01,435,HPC,CA1,False,True,False,True,0.050681252995467885,0.07154401972008317,3.0940937367773813e-07,0.002991172218667515,3.515928343511554e-05,0.0005311855043875768,1.5982647933343586e-05,3.688738913543155e-05,0.006304795585347245
459601,20240409,probe01,438,HPC,CA1,False,True,False,False,0.7409393791608297,0.07528099759898377,0.00013796803202381636,0.05486972423444758,0.009883100038769688,0.9094272697166452,0.0033724838027139326,0.0014312558039456524,0.9085679366254918
459601,20240409,probe01,439,HPC,CA1,False,True,False,True,0.5578995976285746,0.645288472253724,0.0002378916503705808,0.42857705459819395,0.0008604244342996781,0.0015103129099418577,0.0010882298797280088,0.0002164044190351433,0.10248763536696326
459601,20240409,probe01,440,HPC,CA1,False,True,False,False,0.11765209050576109,0.15178739019985887,0.0017720056025974928,0.3010282124506878,0.013332297522824721,0.011205013294767974,0.07841467970933425,0.03633070737545774,0.5986039464496344
459601,20240409,probe01,441,HPC,CA1,False,True,False,True,0.22577083119403263,0.7717735304278472,0.0007648459417421982,0.07250681267445458,0.00013374842926028307,0.00024776649139346407,0.02999121603548105,4.3049151937535335e-05,0.0033028438923425885
459601,20240409,probe01,454,HPC,CA1,False,True,False,True,0.36528910778099055,0.5836805454557996,0.0006879508259797218,0.0509303861626752,0.002222754346301148,0.3090123861229568,0.00019476371565008144,0.00033428234620880293,0.461990762695517
459601,20240409,probe01,455,HPC,CA1,False,True,False,True,0.4087538971359731,0.3179469310290014,0.00039705328121331096,0.42319027047377256,0.0028771700449431448,0.03291711619697446,0.0006616482748115216,0.00013244048544747145,0.05369477183535354
459601,20240409,probe01,457,HPC,CA1,False,False,True,False,0.27863583311685425,0.03547298992551373,0.2803681144892517,0.39501732488352714,0.10172225423127812,0.2690915597442761,0.8843557812129673,0.6281671580721702,0.8858422946106419
459601,20240409,probe01,461,HPC,CA1,False,True,False,True,0.12163932778513087,0.054260258028030584,1.4097165157433977e-07,0.02498713518751361,5.961474876714501e-05,0.005481438109829817,0.0007899677610262446,0.00017437406068065986,0.438777869467159
459601,20240409,probe01,462,HPC,CA1,True,True,False,True,0.008832519223061275,0.8812405163670107,0.0012609155593047428,0.0003479282591778432,0.00019055164509218514,0.0025096467228776786,0.001083334085985821,0.0009930143605622055,0.005354383313605382
459601,20240409,probe01,463,HPC,CA1,False,True,False,True,0.11336526127389224,0.16777251291711492,0.0006665837384999262,0.10798484541515196,0.00032438960468839095,0.006020491415563711,0.0020427959134823315,0.0007960592270551681,0.5617984285915578
459601,20240409,probe01,464,HPC,CA1,False,True,False,True,0.07695480544103683,0.13829467618958324,0.00020501313686449585,0.036659468102977044,0.0002151696634470346,0.0016438172104166204,0.002114837318822005,0.0001475202573915091,0.5062579977837975
459601,20240409,probe01,475,HPC,CA1,False,False,True,True,0.11538262465159366,0.03166559223699772,0.06014667377802685,0.01227165303156541,0.02592073956511587,0.007253566454931359,0.39247170932827524,0.4853042488929813,0.7298305822452116
459601,20240409,probe01,480,HPC,CA1,False,True,False,True,0.2400380187281116,0.31407768086270604,2.050671252695757e-06,0.010936843357380321,0.00016632803143223907,0.016314415019058615,0.00011963604411324713,8.813632582260755e-05,0.4657450675769257
459601,20240409,probe01,482,HPC,CA1,True,True,False,True,0.03154533117019298,0.15044247415335188,3.0762303920850442e-06,0.07396218710765112,6.700053326103017e-05,0.00036208279622451656,0.000622412642018233,2.769252197365457e-05,0.031505034501443596
459601,20240409,probe01,484,HPC,CA1,False,True,False,True,0.07516270552592241,0.8226203781783792,3.875693291743865e-06,0.22255647961852132,0.0002282168574465615,0.0013058892355092278,0.000609683763669211,3.593682935532083e-05,0.24594886283166717
459601,20240409,probe01,485,HPC,CA1,False,True,False,True,0.3378159233875956,0.8958377889164668,1.0748228911117153e-05,0.4018594602002613,0.00025371919810390775,0.0001654225185371283,0.0006144828716858619,6.207136545188785e-05,0.017245175460880002
459601,20240409,probe01,489,HPC,CA1,True,True,False,True,0.0019347997896489444,0.7477764765445589,0.029255792627750576,0.0010667968452900967,0.006935024858587768,0.04484266718639107,0.6313377883526601,0.29100381228881556,0.5709815836833239
459601,20240409,probe01,493,HPC,CA1,True,True,True,True,0.00605057405618048,0.008288940793019228,2.879186846893589e-05,0.1911492477469945,0.00016643625460888156,0.001441426921497846,0.0011797405720898047,1.0278286498244249e-05,0.011339594998179714
459601,20240409,probe01,496,HPC,CA1,False,False,False,True,0.5652973877698254,0.38313158306437667,0.0696610078743547,0.6087745489503633,0.0076021300298072525,0.09028448486984608,0.010395961640430218,0.07782805351642186,0.679589177099174
459601,20240409,probe01,497,HPC,CA1,False,True,False,True,0.3281340042272646,0.8070014110706014,0.006879210537255376,0.5248889797293462,0.005427326574417024,0.028384646220935617,0.1191004459833983,0.0031517672225147564,0.18305384026981641
459601,20240409,probe01,499,HPC,CA1,False,True,False,True,0.4064373605475423,0.7021976852709443,6.918450857551495e-05,0.0574416141715699,0.0009838479110606535,0.0002358255813041943,0.000742032095505718,0.00026797474176665226,0.07272037255661723
459601,20240409,probe01,500,HPC,CA1,False,True,False,False,0.051080916813525556,0.3364627470470891,0.022871829707948654,0.49714604974439713,0.28337372318591403,0.6953971183259964,0.05393086682228654,0.12496195126904375,0.446668532031119
459601,20240409,probe01,502,HPC,CA1,False,True,False,True,0.8896214688947381,0.633112321154385,0.0002476050388988682,0.21884293293885615,0.0006119419877634868,0.00457595382045306,0.0035447726817071645,0.002221388615471942,0.7604615991707511
459601,20240409,probe01,503,HPC,CA1,False,False,False,False,0.3890330208372498,0.7400423678387069,0.12537859054301148,0.7282168794023437,0.6903105302300682,0.907820793278306,0.7820154143204878,0.7004560224601806,0.8458650089083294
459601,20240409,probe01,509,HPC,CA1,True,True,True,True,0.023058153711643437,0.004480305203688029,0.0013041489398143424,0.0009663958427792441,0.0032144615732025983,0.44837600605084305,0.12017125452207467,0.2305027577650205,0.5125315801700538
