p_obj1,p_obj2,p_sound_id,p_ripples,z_obj1,z_obj2,z_ripples,pattern,region,subject,date
0.703165589329074,0.9460635932046072,0.4334152078146568,,1.6807747606031227,-1.0239327017293005,,1,PERI,459601,20240409
0.24292937989071495,0.03966943986089688,0.15605762821403357,,5.380822828207637,-6.810783750449957,,2,PERI,459601,20240409
0.11610641534910948,0.5399280128080919,0.25108667192813716,,-8.692289608814905,3.2802423898666766,,3,PERI,459601,20240409
0.9739875446372961,0.43214903712262953,0.8499825458780146,,1.3536283930310187,-2.561759426377061,,4,PERI,459601,20240409
0.8142079221834961,0.47040353418743197,0.7839709183525061,,-1.5389075090282125,3.0710371306787088,,5,PERI,459601,20240409
0.9060901183566507,0.44637343199863844,0.977347665425625,,1.2471357687450535,2.1532243223363814,,6,PERI,459601,20240409
0.3222179179191135,0.8739697075295634,0.22012920486400855,,7.680409490007918,-1.683250985431751,,1,TEa,459601,20240409
0.13074528528421436,0.011142485471861585,0.019169059634422725,,-9.686359867192223,-11.462722829213519,,2,TEa,459601,20240409
0.9679838246640191,0.3314306287098804,0.7442574864110201,,-1.0311959732089395,-2.9834563498986917,,3,TEa,459601,20240409
0.39186269099974436,0.7914170711330752,0.06300632579671228,,2.20461030994126,-1.103373910241002,,4,TEa,459601,20240409
0.032494165281339304,0.0010057922032926658,0.5212261246773859,,11.971194511025686,-19.78709830390521,,5,TEa,459601,20240409
0.6805639644468594,0.8368485890660575,0.9157316429144828,,-2.1654766987259526,-1.2497744358172973,,1,VIS,459601,20240409
0.8604034507777998,0.30048424089604053,0.9344104999947815,,-2.240766243838464,4.757911712587248,,2,VIS,459601,20240409
0.700973777552143,0.8030175064230386,0.7970299737453248,,2.3587030374716544,-0.9628708382181128,,3,VIS,459601,20240409
0.9319526584347613,0.5079537845499649,0.9653909406316977,,-1.6108980902518655,4.693441251866506,,4,VIS,459601,20240409
0.7120932212407867,0.7505363313153114,0.7318105297767122,,-2.9257498841060876,3.50581610315278,,5,VIS,459601,20240409
0.28804419478178367,0.10310387003251975,0.24241281471930032,,-3.2668685856587043,3.540597980094926,,1,CA1,459601,20240409
0.17766688909632022,0.028431866619809343,0.48194842276058625,,9.888057646645132,-10.492826253657292,,2,CA1,459601,20240409
0.11688508704145151,0.5707177938602516,0.48945736212099933,,4.765072536601009,-1.8261710138282097,,3,CA1,459601,20240409
0.7308554030837723,0.8349891866114203,0.9584833070993023,,2.868693472601874,2.1638160178973167,,4,CA1,459601,20240409
0.717103268749296,0.8363214076467855,0.9399581406382698,,2.2294030860577525,-1.1340830313792556,,5,CA1,459601,20240409
0.49896653743618236,0.4705874700490422,0.8322913225005512,,2.645505124707748,2.1708168895030377,,6,CA1,459601,20240409
0.6743780409107942,0.348140855580481,0.7627724163154996,0.04308609213378811,-3.445509433734509,-4.936086782676386,0.01479541531186888,1,PERI,459601,20240410
0.8078992293587143,0.4748449404194732,0.916900986984972,6.7703067800573e-05,1.8315197219960662,-3.8063683939515234,-0.06426560192699866,2,PERI,459601,20240410
0.3453647804966721,0.9150170773763382,0.5327939038220233,0.008301023581826161,-3.706721870435079,1.163596484851888,-0.03431629746377444,3,PERI,459601,20240410
0.7847612584281634,0.3639609669760542,0.5897617830361307,4.497067048792047e-05,-2.661500398796406,-5.076021579299061,-0.06146542644180332,4,PERI,459601,20240410
0.6437937886599716,0.8754031328275091,0.913340006610838,0.13876619138637247,-2.6565644664552366,-1.4654735006713406,-0.01887959545427063,5,PERI,459601,20240410
0.8929376377919569,0.1456360930385684,0.9014847845111569,0.0005577507905768497,-0.9916480508257349,-2.588849716710608,0.05214097405503205,6,PERI,459601,20240410
0.4633509574041371,0.5684677879851951,0.3554397104794431,0.0007751562407435353,6.43665282870928,3.183197627205705,0.03198398716236882,1,TEa,459601,20240410
0.5625319677805733,0.8050792666323713,0.39115679376636514,1.2663395905221364e-05,2.0840135235748667,-1.3347996963683852,0.04257958251073511,2,TEa,459601,20240410
0.8295940979661565,0.20509633493808543,0.7349024159997306,0.00018255959486146445,2.713509324579128,9.987974809330108,0.03388060261125313,3,TEa,459601,20240410
0.7932852132677963,0.925680201902101,0.3188862239878394,0.006116929492806289,-3.2717450651919973,1.4653594428370122,0.022495411459539382,4,TEa,459601,20240410
0.2328099915388876,0.03293781870652002,0.04462792491818679,0.0003425233230368585,5.813933881128316,-11.791227210611513,0.04118370198191875,5,TEa,459601,20240410
0.5501554129445108,0.8999761012024146,0.22209365045389562,0.04047687670334976,5.6339197321317664,1.7825061365676493,0.010267933724017346,1,VIS,459601,20240410
0.6775126591180467,0.9150460068192191,0.6814000005568197,0.0051436844827034145,6.12761457728395,-1.6995882125370794,0.016770341386711816,2,VIS,459601,20240410
0.877759474488317,0.25777078256692365,0.41879197877057617,0.09307262095411672,2.100216779458072,8.189084976649003,-0.01257703603179428,3,VIS,459601,20240410
0.29022861537530853,0.8853605380598046,0.13909171229433492,0.0007922838762856044,4.74040034835546,-1.1997076488682776,0.027787662729760368,4,VIS,459601,20240410
0.8688368424498473,0.8010515671690632,0.911158651052101,0.21489184180644405,-2.4497082561035275,3.849952620899307,-0.011353649001358426,5,VIS,459601,20240410
0.3032441373725846,0.011367275801500987,0.08588034903104236,5.249699921328066e-06,-3.5439513183566302,8.635980741210393,0.061381454171371454,1,CA1,459601,20240410
0.8875709049765871,0.7471757496085139,0.7488091181202925,1.8440891192850195e-05,2.183234250944641,4.258964858041127,0.020895786071192732,2,CA1,459601,20240410
0.9168663996535524,0.47530988292519794,0.5496581868242327,0.05558202428209447,-1.2628292992125476,-4.00585360978631,-0.012770588727855192,3,CA1,459601,20240410
0.8137714911823082,0.8149738065993741,0.603225631898492,0.00011050205992524376,-1.7504533482351323,1.8127492192724086,0.024905009539334406,4,CA1,459601,20240410
0.5994140614686327,0.2957957434877492,0.4249785657283415,8.40136281998749e-06,3.292978832600367,-4.363916234166741,0.04642420360029925,5,CA1,459601,20240410
0.5154989842775561,0.418912485099891,0.680721881146602,0.011777926373021441,5.046622326464421,-6.061527265045605,0.015330817540367294,6,CA1,459601,20240410
0.4323654148354631,0.19221866176563251,0.32343517281814504,0.0001546611279932275,4.649200545795735,-4.102576527814571,-0.07441572190121842,1,LEC,459601,20240411
0.14144273301614263,0.12599208581906784,0.38995697490245096,0.024618446895652957,6.828474420440321,-6.001576649725024,0.03041197399176933,2,LEC,459601,20240411
0.3837705352100389,0.10616161381735656,0.26729258494053776,0.00017357173764942502,5.308275260171827,-5.914863063195493,-0.07701414252327773,3,LEC,459601,20240411
0.47596462652828975,0.06228769826115588,0.6088990163606891,0.19602823809840642,-3.559080382389217,8.230745131358537,0.028988217491037586,1,PERI,459601,20240411
0.8372268633056699,0.8679271682527976,0.7154779830551795,0.1092262418994634,1.3572218954386917,-1.3563556513913173,-0.021130073433498583,2,PERI,459601,20240411
0.834092112885979,0.03262700684409592,0.6329378830618948,0.2056442039504972,1.2224821764443092,5.166936954784345,-0.01817226289472061,3,PERI,459601,20240411
0.4895206789865907,5.485749330680356e-06,0.5786316267180518,0.05075271988493901,2.887296238716931,-28.645345172414377,0.02938325677824606,4,PERI,459601,20240411
0.6502161195885401,0.1248031870477857,0.7723733103905502,0.9997799726947986,-1.3450506311605213,2.599428553365122,0.008766742978941325,5,PERI,459601,20240411
0.19575377323578524,0.2626489797222561,0.49874610630801186,0.10173360531956233,-4.933602335506425,-4.22456747197433,0.02341087783144712,6,PERI,459601,20240411
0.9213422562866096,0.02383986279136563,0.9201311493111998,0.5289346627031196,-0.9718031828933542,-4.630017246431739,-0.012362882176786282,1,TEa,459601,20240411
0.38150303960248744,0.22771779297130024,0.6002086489148173,0.004390684278601231,2.4554987462926663,2.398274167496564,-0.03755684545682367,2,TEa,459601,20240411
0.30799722748658187,0.2202504081671287,0.1886836110166057,0.00033170605155985466,4.737910832641687,-3.5605798740772676,-0.0754931243774905,3,TEa,459601,20240411
0.058505672245988904,0.14685074471042847,0.13512213649431493,0.1394969943711576,-5.559717208091762,-4.4587246792851065,0.015445999221935926,4,TEa,459601,20240411
0.38717106783034805,0.2879189974038028,0.5318799401609358,0.11223621710511733,-2.363068657891323,-1.4387996550149524,0.04544004162077986,5,TEa,459601,20240411
0.38248888161740857,0.20853719235703994,0.4257683682048482,0.08484263728111008,-2.686184393905494,2.3162058113605846,0.04041630572316714,1,VIS,459601,20240411
0.7542735298808361,0.5894599644361782,0.8282135067631484,0.001458007163282482,-0.9232190317519007,0.9798840533551147,-0.045328559266471,2,VIS,459601,20240411
0.11107308766862178,0.2520116079643009,0.032494262871213375,0.05176663433489237,-7.165137528518321,-4.962017726827504,-0.03233359253470438,3,VIS,459601,20240411
0.29750832391534954,0.9315567524822859,0.17009828207220157,0.0043818639063333276,-3.3437414117045816,1.2072547261081532,-0.04019845556603411,4,VIS,459601,20240411
0.012369426658861427,5.849119437606465e-05,0.020528486991835848,0.0015688227017374157,-7.14810366066037,11.828027287867368,0.05338395288593079,5,VIS,459601,20240411
0.46142447158850275,0.4318849390067617,0.4522613312168444,4.250932271343544e-05,-3.8130736302108166,-3.9388482634351902,-0.0796830918047173,1,CA1,459601,20240411
0.22325692467985903,0.0016200999375634018,0.5807282336203161,0.2527845568788428,-4.533774612495416,11.371615771476385,0.034366313320001236,2,CA1,459601,20240411
0.26187033402187065,0.9246195221302042,0.3584294578512437,0.004293143634004015,-6.6173297345038025,0.8662218286977019,0.07232288663775527,3,CA1,459601,20240411
0.537860865244075,0.005846607178395358,0.3623167124836111,0.0004968521231127898,-2.2020870271494086,-7.197908969353725,-0.08312215725092356,4,CA1,459601,20240411
0.22875229738955727,0.43864883408794053,0.1784912903532656,0.004280050575514727,-5.516608708200318,-4.37666299830527,0.06214356482857082,5,CA1,459601,20240411
0.9374160633398372,0.031390117132981454,0.731720904037477,3.794419188007936e-05,-0.5057377099735607,-10.045494947293111,-0.08900143026772672,6,CA1,459601,20240411
0.6045108333966502,0.006436638333807032,0.5316321489218423,7.423815889806562e-07,-0.9539917365013395,-3.6429503686649403,-0.017294796257658125,1,LEC,462910,20240813
0.3872892818030781,0.04506859637881089,0.605475470090183,1.7959534970302116e-09,-2.7920222730340862,5.269287049225093,-0.038111113016286516,2,LEC,462910,20240813
0.6383914786126303,0.0002799792390297817,0.8487013059723327,0.007512615446646498,-1.319364426592363,-7.635785925541206,0.010692379270560545,3,LEC,462910,20240813
0.0460390793894474,0.013321529494224715,0.8752114648302357,0.009747793453014464,-5.960554171414215,6.220740498060698,0.01403709587359579,1,VIS,462910,20240813
0.7260437029510521,0.10826478161159891,0.13266823216239987,0.00030587320343311575,1.1703051339491959,3.4568138566541378,-0.020090018830177817,2,VIS,462910,20240813
0.04090325630998359,0.0007517657557024604,0.4634560361844242,0.0433883022019006,-4.116805592950379,7.644628493173964,0.008308077686723585,3,VIS,462910,20240813
0.7039706964705756,0.44322199126853135,0.8808120730434184,0.007656460178828262,1.8318894324928634,3.044623954827615,-0.007003473183334939,4,VIS,462910,20240813
0.5402392683294566,0.36701738668786277,0.18820632503941326,0.016276887186246092,-1.7943829292387181,1.8081513033475398,-0.006008639100566027,5,VIS,462910,20240813
0.7846272610431593,0.09306094813241961,0.7541534183177606,8.057901168534443e-08,1.3305959237164389,4.974245363470805,0.023909640070412425,1,CA1,462910,20240813
0.24775550305917504,0.00031059774458164213,0.5041678976793516,6.725509038574273e-12,-2.9423899605170183,-10.539034357871369,-0.04603362961771229,2,CA1,462910,20240813
0.40387551377961417,0.044051973109984544,0.8748470404018691,1.0103418102147543e-10,-3.37915244660924,-8.749287093372315,-0.046311734894325,3,CA1,462910,20240813
0.8425347081189694,8.428856606568225e-06,0.4698784557297452,8.55563397905712e-11,-0.7728843505259724,-8.996954325689297,0.047041901261905786,4,CA1,462910,20240813
0.9009523386218734,0.23750812176709513,0.6477306212816242,2.0773827102971154e-11,0.6570764707443644,-2.126329462922929,0.03639005338516129,5,CA1,462910,20240813
0.1697729454875534,5.7012131688960466e-06,0.2773900587431938,2.2917545638989623e-10,2.3968888998071693,-14.290134607101773,-0.021027706518504465,6,CA1,462910,20240813
0.8359136791290241,0.09424533135593927,0.37671905811668305,0.05974278031583491,-0.8180236246072641,-2.5581187873678033,-0.043588399396985646,1,AUD,462910,20240814
0.3519869072594569,0.02101065918845413,0.8482863251185843,0.0008963080381433342,-2.00845669084756,3.462470880041594,-0.07688551776133593,2,AUD,462910,20240814
0.8526372680063756,0.10578453707384516,0.3552205499077621,0.0643888127148905,-0.8180610330992751,-2.5583091664828324,-0.04358908222813772,3,AUD,462910,20240814
0.6060278885292931,0.43533438432376115,0.680870965657741,0.3626704142115239,-0.4185986217054436,-2.928413318892678,0.032203233214985146,4,AUD,462910,20240814
0.9385715571267917,0.4464012883029399,0.8551287605053611,0.05516855183856317,0.653946135723586,2.06053935850767,-0.06596843299299064,5,AUD,462910,20240814
0.5340248614416448,0.48684973235571716,0.5550795779201451,0.9688487204269749,-2.21084866781017,2.0645473793458793,-0.02514785366888285,6,AUD,462910,20240814
0.8367433987570427,0.08613749889675115,0.40942480706814977,0.07377935156886728,-0.8180136758332132,-2.558073487687882,-0.04358823565558849,7,AUD,462910,20240814
0.927324877907834,0.6890850711521729,0.6047785943211523,0.02182471363677707,0.6478986486373712,-1.2743263040576047,0.013613232146316948,1,LEC,462910,20240814
0.5209359821200399,0.711681534833587,0.7618012838063293,0.005754911544310848,-1.2356135053317692,0.9462080167467048,-0.008976841990765932,2,LEC,462910,20240814
0.8157585938501759,0.3379214215929881,0.9016581447863158,0.006133639028953031,-1.7661023296676084,4.150313771548745,-0.01646157459739396,3,LEC,462910,20240814
0.7211003254893258,0.2102613622882481,0.6884024913926019,9.32997277925951e-05,1.2866853675646457,2.9129181054225626,-0.017983571114724605,1,PERI,462910,20240814
0.7291243838650625,0.0638071977030863,0.7475812551312735,0.00033978253822719573,1.0352373603161746,3.4132606413834656,-0.018081755938883247,2,PERI,462910,20240814
0.7545173830155563,0.17235474790503036,0.48479722293571803,0.00020864313128465817,-1.7424767776923016,3.4026256247430284,-0.02022835049201452,3,PERI,462910,20240814
0.3290282658022823,0.1769257057417324,0.31394337698348884,0.01865223705522867,3.0612323876826175,3.6837006360060034,-0.00925525011546409,4,PERI,462910,20240814
0.8103656316519816,0.8330908072510974,0.839828162337674,5.895697992031046e-07,1.005449441704592,0.6999096996396724,-0.01805822249454957,5,PERI,462910,20240814
0.9520013616329267,0.34248837373487395,0.916552902357947,0.08921049557467176,0.22337160757153335,1.1904602590117177,0.004750505107720239,6,PERI,462910,20240814
0.6925816740033035,0.07131054662971514,0.6857529454191871,1.4341172693832505e-10,1.2975078348909894,4.020531830147572,0.05645896277965779,1,CA1,462910,20240814
0.7037614865020059,0.5187872206951376,0.6292180968596957,8.038835153101331e-10,-1.798861564130713,2.5711815161166465,0.037982570270905805,2,CA1,462910,20240814
0.0739015938920281,0.35019846590342707,0.12483676424684964,9.822476165766147e-12,-3.3745960230121708,2.025982590670044,0.03871866323845834,3,CA1,462910,20240814
0.8416549815095432,0.1427345503178039,0.5182152583383316,2.216808796995373e-05,0.8859424295153777,2.6174581868253806,0.021516892910739292,4,CA1,462910,20240814
0.7402400914467999,0.7275934206893767,0.11964469664815791,1.894484569220367e-12,1.278054649551821,-1.1568144250305408,0.06934226988881717,5,CA1,462910,20240814
0.9305448577997588,0.025956683963299088,0.9404593657389219,1.6114620748908237e-10,0.5639985362516347,-7.5845434703358015,-0.06284393739183884,6,CA1,462910,20240814
0.6258118092189795,0.07022064856991939,0.7223978913519885,0.01320395609582492,-3.36415300073806,-8.657105896668147,-0.004933719377065843,1,VIS,462910,20240815
0.8906724770399009,0.4286073867723872,0.7055971116850857,0.001005148509193421,-1.7067548642227002,-4.816566277955842,-0.011594487219171855,2,VIS,462910,20240815
0.23931295556339527,0.18850944764996524,0.793548304198687,0.00012026993211700088,-3.2909401568918546,4.84078465720191,-0.027805962547993158,3,VIS,462910,20240815
0.2845554162439251,0.05693242339313276,0.5607850809986084,2.134640760820261e-07,-3.8171997283079184,8.70475549865333,-0.04711157660838586,4,VIS,462910,20240815
0.7436557697399087,0.020576895210528856,0.954209606819617,2.0417008861350894e-08,2.3588196957351952,11.44202384763112,-0.04312468839395332,5,VIS,462910,20240815
0.6465219184153874,0.5563806803231002,0.6346104819215841,1.3749876792701343e-09,3.6201313673748428,5.2540908951181,0.059573738537162545,1,CA1,462910,20240815
0.2590142729013334,0.0941083803624343,0.7548669279701591,6.589218060071289e-11,3.8633561149026976,6.501603519640319,0.039678732788760315,2,CA1,462910,20240815
0.9018372153473309,0.7171454301835165,0.5302760923321497,7.020387604583789e-10,-0.5735416005878962,-1.2928862415826583,0.07619782914552006,3,CA1,462910,20240815
0.6722741521390719,0.0022534862631458097,0.906749460688987,6.995737322768036e-12,-1.3731619713676047,8.6804754934776,-0.0837536040362924,4,CA1,462910,20240815
0.6592954435848195,0.49593405189845097,0.8639482705022199,7.249756350802272e-14,3.5251480710856424,4.881781571232001,0.05029245687285588,5,CA1,462910,20240815
0.9071925386750189,0.13356229058040026,0.7939039720711987,1.287117079584732e-10,-1.385984838298461,8.190165552063291,0.05360294429785736,6,CA1,462910,20240815
0.16861183781371814,0.32481929070983007,0.20077922089956612,0.04824235324216386,-2.9250781580147076,-2.3583096719538896,-0.016156531526663465,1,AUD,462911,20240809
0.29148030057536556,0.9110641102597122,0.6068718918813896,0.004311932264788321,-5.398021922507926,-1.0094532084257846,0.03597829158379878,2,AUD,462911,20240809
0.4657203203250969,0.8901246760272836,0.5151860454933714,0.42885376516467355,-1.4142454296012934,-0.7202572743566882,0.011410427309511645,3,AUD,462911,20240809
0.1982190348742794,0.4956051012355508,0.5468502095899361,0.5037485863174873,-2.5260004227430826,1.5533603641622444,0.010537063386605634,4,AUD,462911,20240809
0.654787111201135,0.5781249014598759,0.6046530336794937,0.04236436708186486,-3.0071477147939105,-2.8544549626607223,-0.017390237680150897,5,AUD,462911,20240809
0.3524199882631699,0.44834112885678323,0.27325193029239325,0.04568566632599391,-1.5691022605697738,1.7119609426828903,-0.022632168280640835,6,AUD,462911,20240809
0.8241198500959886,0.8612386224692441,0.8619078693176551,0.009755659957121687,-0.7138091585540873,0.7161444222030133,-0.015351290007356565,7,AUD,462911,20240809
0.724430600329905,0.9376103440685983,0.7935171899975914,0.09889898028770128,-1.4961428381928854,0.9771926995482678,-0.016954321633913635,1,PERI,462911,20240809
0.4657638460044511,0.5804487907046099,0.1507663782231563,0.2529912271426278,-2.815231481829687,-2.313683927415862,0.017455357201398434,2,PERI,462911,20240809
0.9745289885257014,0.7629552311644812,0.887787584764317,0.4668382470336042,0.5047853568411647,1.4694702206732524,-0.012661940752256943,3,PERI,462911,20240809
0.5827925371230462,0.5836238334148272,0.5062609620794553,0.029018827936185487,-1.665169606217315,-1.8643297184072556,-0.023229324056288445,4,PERI,462911,20240809
0.26461213924710125,0.664825359961524,0.13340840987929947,0.9890275245813452,3.771582063571475,2.4508844600033015,-0.007391200818109876,5,PERI,462911,20240809
0.1629100781189159,0.8704606486181005,0.10797110507768215,0.008747716453476273,-3.9327440269589533,1.240953805628286,0.024279853716176244,6,PERI,462911,20240809
0.934897936162704,0.9081585469250959,0.9081256231132937,0.024649718573881874,-0.8203447502774522,-1.1999450703740775,-0.019077197216968874,1,TEa,462911,20240809
0.941021515336114,0.8701653187279864,0.6966822754916843,0.3023406373287293,-0.5053618070089223,1.2894166556284092,0.02283125630799707,2,TEa,462911,20240809
0.08729802540565124,0.45344167614999276,0.9284136779783189,0.0824793699963714,-5.382910269751474,-3.1539688615765527,0.02316579178821159,3,TEa,462911,20240809
0.8627494945332571,0.4233726019730426,0.8033482273886979,0.0013913664138728299,0.8844286065750246,1.97120260158624,-0.03624159845089864,4,TEa,462911,20240809
0.8236762331259001,0.9695647338560506,0.7074726520668437,0.10566101550684603,1.3033919989806142,-0.8381405753673503,-0.023982838872525516,5,TEa,462911,20240809
0.5135712626619346,0.3657503890098589,0.8531253434542451,0.005269967709338741,-1.8620498754300723,-2.0537496897253606,0.02605905155387692,1,VIS,462911,20240809
0.818645891814697,0.3860374714959287,0.6668960029651128,0.1702214498850264,-1.4360595538903962,-2.950448542453963,-0.013629906170901441,2,VIS,462911,20240809
0.7880827373500243,0.9055811086606468,0.9107719368263765,0.0160582359441096,-1.4821040406772443,-0.9941695691248724,0.0189896870621449,3,VIS,462911,20240809
0.257295834843854,0.08189854843217914,0.16876062329556052,0.21690836103121613,-3.391584674362584,-5.033801716737499,0.013057688289338348,4,VIS,462911,20240809
0.5535117848485436,0.3219022695095475,0.6997321378515422,0.0011500204667967973,-1.1614853806615415,-1.7518321956372833,0.04530895613637228,5,VIS,462911,20240809
0.19109151393037827,0.29207813148285444,0.18771293654108778,2.3757982413608048e-06,2.4291586523157656,2.6575612310692716,0.057041585396129135,1,CA1,462911,20240809
0.12030697093315601,0.20419626288694182,0.1514895373373032,2.3536523720446567e-05,3.4498672317113783,-3.563497003858374,-0.08652617495702453,2,CA1,462911,20240809
0.8190747283269159,0.6002284836508269,0.8877475985162805,0.00010426363356341728,1.4830969481866956,3.23181060282788,0.028390603502703237,3,CA1,462911,20240809
0.3740508436932839,0.9566979549829793,0.42563045919408093,4.757445207193012e-05,-3.9938317520276883,0.7120075475157719,-0.09629297439011753,4,CA1,462911,20240809
0.6834197461598104,0.26903167926413585,0.803121964398217,2.4524397437386547e-05,1.3419415315915841,2.7030099018594775,0.03545525575131844,5,CA1,462911,20240809
0.8287092120138438,0.8411401176221346,0.9445870775308065,2.543339727711924e-08,1.8462386609045869,1.475443114458737,0.0542082761481761,6,CA1,462911,20240809
0.14045212834133258,0.1096190800454353,0.3317607425798407,,-7.267255848048219,-6.861928739785915,,1,AUD,466394,20241105
0.41181370844795284,0.6692551091618265,0.5424645712994487,,-9.077138549277556,-6.270953539403972,,2,AUD,466394,20241105
0.739263463105007,0.4176097915037982,0.9408768484550201,,-6.056732086689659,-12.430920635803707,,3,AUD,466394,20241105
0.598261976984561,0.8212378299236183,0.6656277913185988,,-7.131032996873745,-4.1033770549421185,,4,AUD,466394,20241105
0.69820532305762,0.929408339418373,0.5871241809276722,,-2.930233902408684,-1.290030367695889,,5,AUD,466394,20241105
0.018614645031958865,0.32282755222295756,0.023921337117970842,,7.343780010156614,-4.042221870124345,,6,AUD,466394,20241105
0.30908482955149796,0.6422124632664035,0.6779030039572258,,-7.0103579837153545,-4.867536489334694,,7,AUD,466394,20241105
0.13919148742266862,0.3225233343004452,0.5244911736583973,,6.006399486350686,-5.193730584992331,,1,PERI,466394,20241105
0.902393930396503,0.530701320990475,0.674960113774894,,-0.8986655048193364,-3.1114718389139404,,2,PERI,466394,20241105
0.8705900492376922,0.6143452092634155,0.9136628187594281,,-2.471029139660526,3.715152334961341,,3,PERI,466394,20241105
0.916202414335479,0.45703093011489027,0.9445721585714024,,2.561885845892335,7.5201839196386455,,4,PERI,466394,20241105
0.4438292900896388,0.8045219679722572,0.302333940257839,,3.5583992027080016,2.4754454926680958,,5,PERI,466394,20241105
0.6202765222159614,0.45142960363104534,0.8152363500580111,,4.02202087202654,-5.578781717111255,,6,PERI,466394,20241105
0.7183465630199176,0.73516402953216,0.06827552469274234,,-2.258272968839731,2.346438952905587,,1,TEa,466394,20241105
0.4626707617964043,0.16400738225522926,0.4775035753510718,,-4.4811666356414595,5.606836303219941,,2,TEa,466394,20241105
0.6802129790810711,0.6734048919997575,0.6660470234905861,,-6.006800683801669,5.2646300982666965,,3,TEa,466394,20241105
0.3201218490847957,0.25225408358271306,0.44188902646647066,,-4.996128370020613,4.871083068131335,,4,TEa,466394,20241105
0.7133087199805287,0.09443073522211076,0.1109642081253257,,-2.6159307687071576,5.764903212450802,,5,TEa,466394,20241105
0.7969982014675642,0.44904456316180863,0.21607078906395205,,2.257127968807911,-4.394221429080796,,1,AUD,466394,20241107
0.7673045469429441,0.03282754481344119,0.7975803798345364,,-1.5807794003146458,6.617997229190735,,2,AUD,466394,20241107
0.8038810083351411,0.8876224362351322,0.2324204429596658,,-0.853844708728545,-0.7874712164115824,,3,AUD,466394,20241107
0.49869724409780913,0.20493175528238405,0.4244333032168599,,3.8366625400709697,6.23793752230189,,4,AUD,466394,20241107
0.7604360329284958,0.7352574511797418,0.22487479053274573,,-1.7931610597101562,-1.7800207328060107,,5,AUD,466394,20241107
0.007157073016976434,0.04938016549202051,0.8090022982585793,,9.769916729699442,7.655259096392825,,6,AUD,466394,20241107
0.7270817463498053,0.8105868409563263,0.6553074901318447,,2.524780857554529,1.9964555696543551,,7,AUD,466394,20241107
0.9373094707646469,0.8424472123597914,0.6430568614148054,,0.8644210976507324,-1.524408083615971,,1,LEC,466394,20241107
0.4961969018415284,0.4230015834193618,0.8478969299546396,,1.6467655162987225,2.02789559918808,,2,LEC,466394,20241107
0.9401956219595439,0.5998784085785798,0.8405545541098597,,-1.5682314365157524,4.200780143532077,,3,LEC,466394,20241107
0.5376684860900098,0.8883060475973186,0.24855329585276142,,3.4189387961879403,1.224305083917218,,1,PERI,466394,20241107
0.4059284957104181,0.35239876835666417,0.9270456620219132,,2.8263988136675238,2.969560685931962,,2,PERI,466394,20241107
0.28229812896755146,0.02514797513196454,0.15721825250026766,,-3.5865522377249315,7.084064442311562,,3,PERI,466394,20241107
0.48427730109044176,0.022568682678677066,0.22013179432424157,,4.037370792319628,10.257659087760517,,4,PERI,466394,20241107
0.4366795578870992,0.16886597768517264,0.20550426104374986,,1.6261128617591414,3.3324649174876004,,5,PERI,466394,20241107
0.3690243581470902,0.007521372999352849,0.6684381317506394,,2.9803608247068034,-8.694056445055743,,6,PERI,466394,20241107
0.23641959265609502,0.15722344808375155,0.5031342207986175,,4.327689187125009,4.873656397134059,,1,TEa,466394,20241107
0.18367762117302178,0.3355412791037239,0.7006781761501542,,4.2249722607450035,2.801559156249851,,2,TEa,466394,20241107
0.39665836027768087,0.49438210990502496,0.1933681644398867,,3.9217834102092852,-2.764230451807197,,3,TEa,466394,20241107
0.3959482684357746,0.3580429355932806,0.057094321422186955,,2.258905473627978,-2.2331914222532223,,4,TEa,466394,20241107
0.20956669033007802,0.05908008149707922,0.9539401028422857,,6.319702127776641,9.344402506039923,,5,TEa,466394,20241107
0.03904588364592432,0.8223192372716648,0.11375761781709004,,4.5767339872404325,1.2465716694546751,,1,AUD,466394,20241108
0.683043018571547,0.003918942170736295,0.7942026759461043,,1.6238524304655961,9.120030419562463,,2,AUD,466394,20241108
0.4374224485537942,0.7698682842418358,0.6165512170246672,,3.380431169488503,1.8771957970667952,,3,AUD,466394,20241108
0.5592234262212106,0.6611777422381986,0.4621227371373329,,2.6734153923534327,1.6926863448200014,,4,AUD,466394,20241108
0.9425950399029602,0.008609675617259338,0.7398468651680571,,-0.7949715976569052,8.448891007573058,,5,AUD,466394,20241108
0.6283979762402786,0.4282880784535473,0.6112989141611497,,2.8262104686490734,-4.379665813662354,,6,AUD,466394,20241108
0.4166982452990383,0.6654509920111844,0.7440290351232289,,3.8240970289891596,3.0810280297833668,,7,AUD,466394,20241108
0.36132650740830696,0.4812488463039447,0.4130377890690764,,-1.7055149419054578,1.2706053949584175,,1,LEC,466394,20241108
0.8985601599875394,0.7213332350274468,0.7101059491662188,,0.6455994790993859,1.214193355530343,,2,LEC,466394,20241108
0.024624361768880276,0.08056285045989009,0.2450113613064484,,-2.9827338865079454,-2.7692814797319554,,3,LEC,466394,20241108
0.2424731276826828,0.005753081006188987,0.07038094878402901,,-2.378113674603207,-7.552371194055271,,1,PERI,466394,20241108
0.7664759354722384,0.07917306646593025,0.39018091139874667,,-1.9509315392187963,4.8394336303455,,2,PERI,466394,20241108
0.0470161412743223,0.15129660849424675,0.18066129394386288,,-6.775987122615919,-5.349099185720665,,3,PERI,466394,20241108
0.046005842471614766,0.0032845119751439,0.20103370307115564,,-4.1849830997428885,6.968030266494945,,4,PERI,466394,20241108
0.6540785478332447,0.49099955175105436,0.6748843764540555,,-2.9183376651545316,5.14441478621364,,5,PERI,466394,20241108
0.2804572403597321,0.047681958545173986,0.9367801407139272,,-1.5596914077270876,3.2074751168554494,,6,PERI,466394,20241108
0.7999252904092016,0.23841745978493767,0.9019973082512063,,-1.7717368911867546,5.299817606226793,,1,TEa,466394,20241108
0.06168262510901945,0.04281957851463292,0.07982146788343925,,-5.343073455288017,6.576733801499363,,2,TEa,466394,20241108
0.5643016716896181,0.04425489474074573,0.9052837367570792,,3.1203508493594425,7.17149840263152,,3,TEa,466394,20241108
0.3280480276522699,0.06664853749227195,0.29139983279113235,,3.538472542852053,5.468716318687353,,4,TEa,466394,20241108
0.8818814116268969,0.03720755433353129,0.9676768561539235,,0.7959408175384329,4.724845023503231,,5,TEa,466394,20241108
0.6887769311992257,0.6001103379070936,0.9540948364088753,,-0.9171110682705282,1.185624415724326,,1,VIS,466394,20241108
0.748843017133537,0.4560262618875266,0.36929283817796843,,2.268858252921803,3.2538849101268403,,2,VIS,466394,20241108
0.813621143544299,0.4393141134037555,0.6041757592815,,-1.9766882591279278,5.549935110534163,,3,VIS,466394,20241108
0.833120431729669,0.5476891331936071,0.5817183955196855,,-1.9716945007907063,5.553134938929208,,4,VIS,466394,20241108
0.8761292746415922,0.4061273633688285,0.6885941347316518,,-0.5323264900708385,1.954534441321994,,5,VIS,466394,20241108
0.9002191158119357,0.6642128135196514,0.9534163804134264,,-1.2716622214438977,-3.3168936373412863,,1,CA1,466394,20241108
0.9270636974993379,0.0384379106550653,0.5172738019689529,,-1.2264580023432825,9.725583873771678,,2,CA1,466394,20241108
0.8536047452228559,0.5584003401777655,0.9008464288265421,,-2.330673313290599,-4.917552652001067,,3,CA1,466394,20241108
0.20851006114615567,0.0822894978113341,0.170198729747167,,-3.628724596892051,-5.686586308160575,,4,CA1,466394,20241108
0.8732873409208144,0.25209831324454,0.6556885036064299,,-0.9225906731603277,3.8485150824547745,,5,CA1,466394,20241108
0.8208704319775421,0.5188969318200507,0.453236097675345,,-1.8453563143935008,-2.3442088250955395,,6,CA1,466394,20241108
0.25982074931445354,0.27426482014352416,0.6022709934072674,0.0776119713327662,-9.724362654633463,6.768061489371417,0.012100158662652016,1,PERI,466395,20241113
0.7913769936227306,0.15650675149698656,0.714188292822022,0.06541397595786047,2.501513944678649,6.4685876117487044,0.011075218472256088,2,PERI,466395,20241113
0.2780988208331271,0.5586372312903655,0.7589966358982198,0.27346540582109713,6.789202357547955,-3.9095687510476287,0.008669056432937496,3,PERI,466395,20241113
0.9282800684667466,0.5138847058459888,0.8468351816629117,0.18392542613334406,1.6920241873583621,-6.071138833140573,0.013725752253457768,4,PERI,466395,20241113
0.8127970541340066,0.8344042352393443,0.516529792609187,0.0010526124498063671,-2.255597225021082,2.394425624023389,-0.020783388196203775,5,PERI,466395,20241113
0.9049326363720662,0.5886937078564578,0.5163397801575622,0.006389205079418758,1.7943413254711147,3.5420097511573267,-0.01585262205722668,6,PERI,466395,20241113
0.360150229905856,0.6786299164179959,0.7854507432168015,0.0009863258282647447,5.915141326645318,5.660531763120819,-0.024279303461346772,1,TEa,466395,20241113
0.1529183184395988,0.7317833524594114,0.7360719262535876,0.07009323950691237,7.340084307130505,3.4020980828486884,0.015034427191237121,2,TEa,466395,20241113
0.7554777119230687,0.8052806368212322,0.8463007848334513,6.88410257186911e-05,2.7901909999112853,-2.7342750568403864,-0.02563067462001736,3,TEa,466395,20241113
0.3941214311464849,0.6768969645826152,0.5647714820556432,0.0037934497816614066,5.64003558445828,-4.928862392927493,-0.026586468780402318,4,TEa,466395,20241113
0.2324663896161394,0.756013102649835,0.2097623396063112,0.007268910065100553,3.0051211854010367,2.319258407038595,-0.027046539589692487,5,TEa,466395,20241113
0.6930965428879905,0.7820164722724969,0.8754983580332533,0.2723530216805501,2.426059163087357,1.2005156608993763,-0.012408571044471956,1,VIS,466395,20241113
0.8379049494402343,0.2435943428511127,0.3005530981185558,0.009113710611066028,3.0218473650377713,9.756282183767969,0.015700661811849002,2,VIS,466395,20241113
0.8288969916248419,0.25714923351251484,0.3601021076248624,0.010642146726734802,2.7800061076154035,9.659500613522903,0.015721504277178285,3,VIS,466395,20241113
0.3736984798014171,0.8652950598080571,0.7720988643872,0.39442730462446085,5.138532818568257,-1.8174888475260744,-0.012470951813169347,4,VIS,466395,20241113
0.9631654490614983,0.9116380894418474,0.12569727507360529,0.0005158938492921816,0.9590374887009764,1.4123465109907443,0.03491563872481214,5,VIS,466395,20241113
0.9033770649438648,0.7453524879378972,0.5990110347505924,2.8527168215664034e-05,1.688753935391229,-4.483361504074798,0.011978834480126191,1,CA1,466395,20241113
0.7682298583198824,0.8056816421742905,0.910099899567838,5.408971504028415e-08,5.7841696733797,5.08712374034631,0.046539568370231287,2,CA1,466395,20241113
0.7772376121743717,0.02686170739830218,0.28960247997177857,3.4892410072373536e-09,1.7402142135891752,-6.305780674293197,0.05815664227461429,3,CA1,466395,20241113
0.791610222441399,0.8495060609282443,0.7805366496992361,6.3035378028430955e-09,-2.294328916353126,-1.9975881361046488,-0.09215919686987967,4,CA1,466395,20241113
0.8681275690807413,0.8627310234212069,0.9263666676642974,1.7473689162272876e-10,2.1765885616078586,-1.730391715435716,0.04498053326685677,5,CA1,466395,20241113
0.7468622432288808,0.32810203127013826,0.09521270950863936,6.613898317908706e-08,2.1615524780761493,4.436973536203942,0.041596688834162045,6,CA1,466395,20241113
0.1757468603031035,0.5373975920379549,0.9276989113071527,0.3224916086316473,4.753325117189809,-2.7352937298550914,-0.020221886298080992,1,AUD,466395,20241114
0.0005353269491248369,0.28530195934245317,0.07479135469609632,0.11858942567012476,7.424769668680597,2.9778184665420837,-0.012495037111951135,2,AUD,466395,20241114
0.9008791080945937,0.5786112105115656,0.8694348368172959,0.0181759292915592,-0.7579480860525335,1.9810491609007306,-0.051071025550498146,3,AUD,466395,20241114
0.5240219178647092,0.7637790999696038,0.8545272002325615,0.2188939242849195,3.484638767719825,2.155954314609391,-0.018654261070528803,4,AUD,466395,20241114
0.4700379884517083,0.4723206995571966,0.33922331442169584,0.6667962918732993,1.4203090794025504,-1.8111090803903747,0.01311635198792587,5,AUD,466395,20241114
0.7239604254737577,0.8321055190620134,0.8999062467676326,0.49032208399493304,2.5057457578657103,-2.0254482004939462,-0.01678656939369721,6,AUD,466395,20241114
0.24498749524259322,0.8896582876492196,0.7058759439158497,0.12746313150089328,3.334323637524843,-1.039526071130766,0.020726282790527534,7,AUD,466395,20241114
0.8700627741238143,0.5632022725232074,0.2541094055516566,0.3462525959671945,-1.2485633931516638,2.6478959800627,0.014610692856826868,1,PERI,466395,20241114
0.923357551664511,0.7945991715270783,0.3003707051816409,0.9950395669298226,0.981191765097859,1.8299141603505997,-0.006272266042753024,2,PERI,466395,20241114
0.8060431635529219,0.49985303325448505,0.5555852802350076,0.10376123048515007,1.5208795593041653,-2.669496925463486,0.02067846191675875,3,PERI,466395,20241114
0.7462718239817792,0.017848883658845294,0.7206416635178468,0.06905566949640707,-2.1536523159264234,9.975764546251252,0.019468087170695824,4,PERI,466395,20241114
0.6825558645200149,0.11734217081652987,0.37164688111769717,0.20762129572715182,2.406715740637032,-6.059540696896288,-0.016545946030262614,5,PERI,466395,20241114
0.7876601705767146,0.5104472996525571,0.2501868290573751,0.5743261461389475,2.072050441877142,3.800257341795958,-0.02185447247143681,6,PERI,466395,20241114
0.4279346110976381,0.40382099143750816,0.20768105160451944,0.4724130595814581,3.8450972341733736,3.8627015698920233,0.01688340593744191,1,TEa,466395,20241114
0.9604225984384651,0.013078816873648758,0.17753284747608122,0.6482095468196936,-0.8142261560913834,6.565215729850408,0.015099625439505509,2,TEa,466395,20241114
0.2129682336363129,0.5768856887703396,0.4964831519918954,0.05484970133020872,-4.525879272150871,2.9268953851342534,0.027275570685037626,3,TEa,466395,20241114
0.8863894893410669,0.8385379929023258,0.319529842213769,0.4037720481953577,1.4210865287973642,-1.4572507585693562,0.021188829507497176,4,TEa,466395,20241114
0.12703610753462613,0.3475906468109542,0.1688046792198411,0.7661766374326273,4.332682055606025,-3.160451691879734,-0.009690187818164412,5,TEa,466395,20241114
0.5748779405240543,0.3147781045214797,0.27078937135690384,0.03990143517604239,-1.649562268062052,-3.8791738342135766,-0.06539288194697915,1,VIS,466395,20241114
0.944446321432612,0.38475026257932765,0.6095115533807984,0.6168082053959694,0.9161960094756428,-3.281368109483775,-0.04688593906936045,2,VIS,466395,20241114
0.6062267715549288,0.9134388416617297,0.34469295711638126,0.15045818740815053,0.7619631954136653,0.3464239535144716,-0.06975011097547747,3,VIS,466395,20241114
0.3358290909672784,0.5805388217080099,0.7727647557712108,0.00884826719300369,-3.436148705917598,-2.4869530086930722,-0.06646625665013138,4,VIS,466395,20241114
0.9140486487963847,0.38946524606828936,0.6163964364700005,0.6010498561385555,0.8929514012021524,-3.267437418134887,-0.046692002486273504,5,VIS,466395,20241114
0.6926349066920425,0.0017771423150662047,0.7234251603151145,0.0006643451383744337,1.54188652798427,-9.861704405288247,0.07012552695249161,1,CA1,466395,20241114
0.8802357137144332,0.42678099504107037,0.8414888699604771,0.0001787037217311216,1.7581781341260772,5.957877688409227,0.051004973370812556,2,CA1,466395,20241114
0.8375233003692492,0.19889281451455576,0.5924804052891348,0.06321866534901988,2.0593350738403835,-6.168615969963836,0.020279237688001956,3,CA1,466395,20241114
0.7774590347535475,0.8814858618335647,0.8269527921220611,0.0008151317237689026,2.0369090003677153,1.1503928137675268,0.04404242474839799,4,CA1,466395,20241114
0.4567550950375352,0.2797909143327444,0.3774849957848335,0.0003925487181735132,1.8723852243500412,-3.2954455709384645,0.05799236187793138,5,CA1,466395,20241114
0.5432586844228725,0.40686802974067393,0.6265256519279906,0.00015441777388469635,2.054156804419006,2.9178985040756067,0.06563850944373857,6,CA1,466395,20241114
0.7313862296599896,0.04282726117255131,0.4534657348861181,0.05128838635435462,1.711965152083163,5.440286379511755,-0.028499953263828877,1,AUD,466395,20241115
0.01036107348709392,0.020726118795041826,0.04422094282890365,0.0032240644067561552,10.99065599897539,7.01228758191165,0.042147150782304355,2,AUD,466395,20241115
0.8093014888396712,0.6015951461959683,0.6925372651347388,0.0913551040391758,2.4974412242854815,5.278629794744662,-0.02251689465990327,3,AUD,466395,20241115
0.24313114219367837,0.6968207615355662,0.5930519848891715,0.001651036648243065,8.29505862388737,3.657285238302088,0.042862881227084815,4,AUD,466395,20241115
0.6122540215256478,0.6495941089530328,0.7463727319353788,0.00999328431367763,-5.48586247599199,5.0474392402612,0.0180269523181835,5,AUD,466395,20241115
0.29084629551412855,0.2952077307190709,0.6081136386224573,0.11183257643565603,4.865148282846488,4.138004725082932,-0.014119954244826252,6,AUD,466395,20241115
0.17532279269964823,0.17951965470798192,0.25863164728436827,0.007265099715814793,7.666793307027177,7.617540572093794,-0.023529729795750257,7,AUD,466395,20241115
0.872345675481921,0.387405812779789,0.745297006770669,0.4713534448180685,0.8660224020533249,1.6928930865480112,0.026720159393969333,1,TEa,466395,20241115
0.5588958706133278,0.27077698157026253,0.5178187371320008,0.6539478780280927,-2.7101393212710527,4.6231476513408145,-0.02273118214103091,2,TEa,466395,20241115
0.5595257813030623,0.4369389128119491,0.7450067246697231,0.4130340005296196,3.8832624269059637,3.618489610489641,-0.06582816129062843,3,TEa,466395,20241115
0.5253434723762287,0.5886304770685775,0.338095473617394,0.08608166083971014,3.3679605522105356,-2.9600826464969634,-0.0341592448328843,4,TEa,466395,20241115
0.4313503390405742,0.677994121897713,0.2894667520183023,0.1744766593328736,3.353914984053909,-2.4475222050369867,-0.04317966955420695,5,TEa,466395,20241115
0.9294559420853246,0.7921305708007937,0.9332862235468491,5.8708861661038725e-06,-1.2504586636408939,-3.3964284743067235,0.06271610409499433,1,CA1,466395,20241115
0.6969692954188256,0.03257204155565119,0.5570940972741198,1.3801290140946776e-05,-2.732433925033957,-9.425923036018116,0.06557748352044945,2,CA1,466395,20241115
0.7951711502619397,0.05325821793121688,0.689708397290403,1.7404600224257827e-05,2.3875046080593245,-10.215847981786503,0.04845836240401902,3,CA1,466395,20241115
0.7748306288585844,0.5564953298314832,0.8802374614967676,2.830843417789275e-06,-2.634682197599819,-4.551638351701895,0.0732918326467192,4,CA1,466395,20241115
0.45931285932157206,0.7973872967604689,0.56787271585591,0.007468095486044879,3.201817391176129,1.9223906905142996,-0.033434323362848364,5,CA1,466395,20241115
0.7469425254575038,0.7067912904501576,0.7703770175327016,1.894088894616175e-07,3.569897280871251,-3.3482576974198635,0.052551548900008384,6,CA1,466395,20241115
0.8587649636146575,0.5459975103054209,0.7573303147412761,0.6121407849537194,2.026667437956432,3.6463107223822013,-0.005514219748578612,1,AUD,466396,20241031
0.11421469767871684,0.2132012411615234,0.23181384313743592,0.727855972453924,-7.263854356449441,-3.0666475836761884,0.003611438377637296,2,AUD,466396,20241031
0.7656668538031559,0.4355856253523156,0.4740302320213725,1.4070036180591217e-06,-3.398628771403149,-2.7898474907330457,0.04359260795186237,3,AUD,466396,20241031
0.9217794709963629,0.8918879616037376,0.8088493614724278,0.012258683556421235,-1.3965758216130533,0.9768807913710875,-0.01049156898396169,4,AUD,466396,20241031
0.47398694617390635,0.45654064697936625,0.32153346007009354,0.000509542111692296,-3.861450368307423,1.851859309323179,0.022328961723375267,5,AUD,466396,20241031
0.9554906121555629,0.8233198180922274,0.8938341775676315,0.2002601824700857,1.5394219296956273,-1.8861292312677898,0.007291711992217796,6,AUD,466396,20241031
0.8241763846729646,0.08482295000116558,0.8027197238882886,0.058125168280919626,2.091967328613057,4.957609106437484,0.007510276090241009,7,AUD,466396,20241031
0.8281768964225722,0.8818878654656267,0.4803144881118727,0.05315613932154151,-3.1488586240183047,1.5193528333045838,-0.009991393602503831,1,LEC,466396,20241031
0.472591395196868,0.0601492964257353,0.9208372637641536,0.019919516998659237,3.628283564365794,3.2655869590971967,-0.01054626012644259,2,LEC,466396,20241031
0.9029594587471067,0.38789752631500374,0.792272266238063,0.08547794715079293,3.0023334247237354,3.1028536142804004,-0.00922202534886646,3,LEC,466396,20241031
0.9426255946008101,0.03903648094220469,0.605834059773895,0.4464713013549152,-2.0155177936785416,-6.071145351704104,-0.006795624280775193,1,PERI,466396,20241031
0.45009154676560004,0.0033347537902892466,0.2421470669826301,0.0043627686161290535,-6.986852217714689,-11.978723727448322,-0.019570677811889335,2,PERI,466396,20241031
0.6913799876418494,0.5587116499679657,0.8544439857761521,0.0005598907474679837,6.002860123195977,2.95968750040946,0.02169458932797884,3,PERI,466396,20241031
0.20690383982818072,0.0329191452325206,0.6869942395024802,0.0023671112013665674,-6.385864803580423,-7.711495311810422,0.014694240969821403,4,PERI,466396,20241031
0.06237496920595087,0.05644214118251911,0.10863618359934502,0.009572896796752328,9.964139085815203,4.123982263043461,-0.014659510242639914,5,PERI,466396,20241031
0.4866229996855158,0.376419758307711,0.8566777708158189,0.14563426365382703,4.7995953469185935,-2.2669874229653004,-0.011836815573336067,6,PERI,466396,20241031
0.5299648776902806,0.5573212873203572,0.011400962759497757,0.5100784669465508,5.396584589621671,-2.08040714681107,-0.009159042690725261,1,TEa,466396,20241031
0.7234043851026845,0.8935603493955587,0.7786821465626681,0.33049343852884683,5.531426441878958,1.0914438628142098,-0.008283509485039035,2,TEa,466396,20241031
0.4105354180976265,0.45915033117365567,0.9653130918937017,0.0022477049821938433,6.983964751281215,-3.541018018615588,0.01674474807604751,3,TEa,466396,20241031
0.08454616614373278,0.5674169836614404,0.27437977687446924,0.8920134832882428,-7.737016420492867,-1.8761377831948542,-0.003342608771768589,4,TEa,466396,20241031
0.6960783269439406,0.18213229786299834,0.8081983599168118,0.6284616779560148,3.1671150856264583,1.890652719068889,0.004106896173364442,5,TEa,466396,20241031
0.5767207359094528,0.5530979694867091,0.020908106829271245,0.40392856810120104,2.1692528144307093,-1.5449175353733864,-0.0034905277330097868,1,VIS,466396,20241031
0.7399326278731528,0.02555866671855589,0.8495221753128652,0.005782910304707678,-3.248487704902136,-4.553689143218277,-0.012595551669646585,2,VIS,466396,20241031
0.7882361931471527,0.9061392395107379,0.9000048893279944,0.007126163126533469,-4.203731631437433,1.0509497082909465,-0.013844768566606607,3,VIS,466396,20241031
0.7385224558220103,0.6585110548881462,0.6664215402736606,0.27624852328716376,-2.8630237208483034,-1.8750367859893733,-0.006629971151133213,4,VIS,466396,20241031
0.04759340108395893,0.20461165021534078,0.4313858261172967,0.9482219119057651,-9.275055069004999,-2.796163363645151,0.0027457708609934287,5,VIS,466396,20241031
0.7716513786993027,0.04494776430621261,0.6869019727131565,7.817401592724593e-07,2.1499329204497837,3.5783943724968643,0.04109268947481485,1,CA1,466396,20241031
0.4415768644775876,0.4624715048710647,0.5563034404434416,4.948137048987888e-07,5.231226533474626,-2.277787391758813,0.03816101984005929,2,CA1,466396,20241031
0.569442964053712,0.18466123988843108,0.4101979272615598,8.625046876709064e-08,4.546283850446093,-4.6159304047686875,0.0494285055993116,3,CA1,466396,20241031
0.23099681262053495,0.1454137757815115,0.5913830768815873,8.56973137786099e-07,5.851898329017399,-4.414429995297097,0.04567724480948933,4,CA1,466396,20241031
0.26903436725954566,0.585813931205593,0.5497250720413858,3.263700913525014e-06,6.91068494520348,2.7143383230079112,0.03728035884938898,5,CA1,466396,20241031
0.3398939997711514,0.2573151178772889,0.27618692030315495,3.870568310304634e-10,-3.469279976387524,-2.6937422498232624,0.061366938411255706,6,CA1,466396,20241031
0.9135965858606948,0.049610941906755524,0.353273065079837,0.05174513685960502,2.440432788678596,13.28153663205789,0.01334711959067185,1,LEC,466396,20241101
0.256881983556583,0.026145245759042424,0.09912026272497887,0.011088272661738174,-12.361175140020201,19.038065475130697,-0.02539106918516898,2,LEC,466396,20241101
0.6056481759228012,0.04320832191471757,0.030179642013178687,0.008236290861252327,5.3823532166246295,11.62768565118173,-0.02068798603377723,3,LEC,466396,20241101
0.39902693808133693,0.5782047954468128,0.37740944784802977,0.0001201498090604991,-5.114546206409779,-4.428848680663332,0.05022965715260865,1,VIS,466396,20241101
0.09104346557488385,0.3398107241501228,0.09677966615993583,0.0008830907992815051,8.406723510991101,4.407925374136023,0.031461229702448336,2,VIS,466396,20241101
0.7495364623012681,0.6213776238268822,0.7492152408375412,0.07338099647951635,4.288834915470155,-3.9608742115278894,-0.016582967553643125,3,VIS,466396,20241101
0.9375000620220455,0.7759684530128363,0.6455337947765778,0.21886359198337058,-2.726317234320879,-5.763955630430575,0.015081616641877849,4,VIS,466396,20241101
0.24617236830172695,0.9213292884986948,0.5574829580412917,0.03317230505904978,-6.380987734401083,1.856219374278768,0.014949087308940614,5,VIS,466396,20241101
0.7926122017451815,0.1900368165124341,0.3935758169019299,4.846629436672245e-07,2.5697169805195874,8.97602381188359,0.08910516245148774,1,CA1,466396,20241101
0.49197661963269534,0.3180811971982953,0.5707269095733842,4.345964652541223e-05,6.939817761086511,10.15302914068497,0.09324553743524365,2,CA1,466396,20241101
0.5995487913911357,0.279862589252887,0.5927185272436346,3.339364381682586e-07,-5.474727960726226,11.950834461816806,0.08346062318570745,3,CA1,466396,20241101
0.5630189111448316,0.1683098948137136,0.6043457877953795,7.32057241259465e-05,7.304164914114699,-13.611649532559415,-0.029151685866410048,4,CA1,466396,20241101
0.44447500317914945,0.30400161334076103,0.8793340899379084,1.5528490671101736e-07,-7.051390623873147,8.189788233206235,0.04752213687895793,5,CA1,466396,20241101
0.8147159881626459,0.5776312134922422,0.1044386888221559,4.122598151745649e-08,2.0327236247356937,-4.249234716456147,0.12094537240637934,6,CA1,466396,20241101
0.528100957818149,0.03828080430969971,0.8146502581208015,,3.5373001211811888,8.019075355509308,,1,LEC,472975,20250326
0.9012953066178566,0.6930184415137068,0.7676206107521025,,1.5537528964448448,-4.113692800819646,,2,LEC,472975,20250326
0.8377808656840222,0.36830146999881175,0.6206502533866096,,2.2677309300946655,-5.94947540039993,,3,LEC,472975,20250326
0.8813802464955979,0.6201187752120378,0.19688714511400518,,1.63333344768348,3.251739834905935,,1,PERI,472975,20250326
0.30124697385962285,0.04983149267131648,0.9467878301627698,,5.046528135355592,9.7278031614398,,2,PERI,472975,20250326
0.8879783177303253,0.7799149518686956,0.1319954384997568,,2.053419488133132,3.3709319658292327,,3,PERI,472975,20250326
0.15545980058218867,0.1967284779193601,0.7706505853565697,,7.933550073924701,7.168380532302257,,4,PERI,472975,20250326
0.8370552471802681,0.3560851586934737,0.09395576248752247,,-2.1999397311668694,3.882543804864157,,5,PERI,472975,20250326
0.8546068579342927,0.23979061131799462,0.15654043384069893,,-1.7207708378364301,-7.044652400417005,,6,PERI,472975,20250326
0.6241653649700685,0.0054332127017723275,0.24382796559660547,,4.261263594912439,-19.542775053153964,,1,TEa,472975,20250326
0.8374964833283678,0.5499300867795041,0.7845237974013669,,1.6322979335014978,-3.116962667365398,,2,TEa,472975,20250326
0.2630561428643716,0.12005486341856508,0.19978763718311787,,3.3054051047208928,5.311970592014752,,3,TEa,472975,20250326
0.2401525731089169,0.07709260171407784,0.4794840726577074,,8.641350353896687,13.738675885880543,,4,TEa,472975,20250326
0.8486604327786638,0.007675892353504188,0.5171054003811244,,0.953979074142459,13.483922651658556,,5,TEa,472975,20250326
0.9296669487295812,0.13612873416620397,0.9146794638646488,,1.4678427661252074,6.233799170958824,,1,VIS,472975,20250326
0.2587768781442784,0.005798709201248475,0.37406331106742063,,-6.135739044640029,-15.584397022026671,,2,VIS,472975,20250326
0.7441017666292642,0.03240081826602903,0.25535218184102526,,3.60273191043547,-12.46159811441443,,3,VIS,472975,20250326
0.8917057151005184,0.08113564442149634,0.8563585212618083,,1.9691674985206817,8.611203466180886,,4,VIS,472975,20250326
0.8978177269429084,0.06389643824958002,0.6366268693539674,,1.2497801854652784,8.239390578285713,,5,VIS,472975,20250326
0.6849668069576691,0.1347951618098303,0.6192589567473957,,4.271778344131852,-14.62262355516848,,1,CA1,472975,20250326
0.5336501773135357,0.10332932338586664,0.8799037100022181,,7.091723329764237,14.431402492070866,,2,CA1,472975,20250326
0.15394429666906273,0.23214023055194055,0.31253958588297803,,10.25873607150045,-7.8044033339497005,,3,CA1,472975,20250326
0.3453524914531926,0.025040262297141624,0.2687074598561835,,6.515758832521368,-13.054992665834238,,4,CA1,472975,20250326
0.6557944498666223,0.8318150087442678,0.22031908800366284,,-3.233832887092214,1.7444704271666756,,5,CA1,472975,20250326
0.6974862290924365,0.15818247049808543,0.5595293636211796,,3.729185410015238,-10.603668405129417,,6,CA1,472975,20250326
0.24278861625373382,0.47586048193530506,0.46038963752388284,0.13519508234583444,-2.2285295349986303,1.5318304314908116,-0.011993770780382692,1,AUD,478154,20251003
0.039262983211468816,0.10511450043572224,0.4748819804438733,0.19702434419019632,3.4944466821894133,2.8180172725724004,0.013075466550721608,2,AUD,478154,20251003
0.024507495184623695,0.04628353567107979,0.19099799021087982,0.0012529732656781922,4.244390704662138,3.4092385717088014,0.03890761106502259,3,AUD,478154,20251003
0.17103821893920335,0.02446966398342243,0.7037947736496448,0.4781271224754011,-2.4342894340874253,4.203046641328169,0.008218825984980955,4,AUD,478154,20251003
0.4143502230361322,0.12016774813217157,0.6063158864756402,0.00037613526095026106,1.5876153191195577,2.5064524541398545,0.05006091000936534,5,AUD,478154,20251003
0.013299031379665038,0.014318377255518988,0.09831339152719454,0.005292774947208589,2.8327824445126364,2.6995528625789498,-0.024046613414253272,6,AUD,478154,20251003
0.06365253278837857,0.12681608105063524,0.14392426350869947,0.00024710237133451773,3.924865323411741,-3.0832727820080117,-0.037822693092814476,7,AUD,478154,20251003
0.9018362074780375,0.18784459218744376,0.45794016195395015,0.0012025864141222975,0.7031648725498438,2.5662970466810884,-0.01639785231325066,1,PERI,478154,20251003
0.018912805812395184,0.517950552493508,0.025693329290015332,0.26567083778829104,-5.2118841766772706,1.6998597352075409,0.015224485374948499,2,PERI,478154,20251003
0.3865245062302137,0.0031480332163489333,0.2501962285178907,0.0025674395060691912,-2.044507128224151,7.100843265983796,0.018815633034269183,3,PERI,478154,20251003
0.20815684253604416,0.11602646178471454,0.05347332541061067,0.006189879315591784,3.0401401855748147,3.047540688678845,0.01468109319554898,4,PERI,478154,20251003
0.057232102687663544,0.0018708259720151554,0.04269469201602061,0.07602619664219956,3.544799626805406,5.6816203975999136,0.016134005262138207,5,PERI,478154,20251003
0.9682936697298063,0.33559807407988296,0.8769945452477674,0.09868605854562296,0.43555874624720436,2.879609948068684,0.010668222975340414,6,PERI,478154,20251003
0.04443703911597985,0.29317891552552977,0.1291084834920727,0.037970440397197214,4.183325591894289,2.651777739136397,-0.01735506936148204,1,TEa,478154,20251003
0.7694482617079563,0.11473387311932604,0.6248407207031708,0.060818804029723506,-1.9108222163853914,5.473267011983198,0.01520503433000058,2,TEa,478154,20251003
0.02591877804087961,0.0024562702770383193,0.009584586899742398,5.555132054468892e-05,3.8865218773785983,5.725883151180515,-0.03453696931486581,3,TEa,478154,20251003
0.37958285028642824,0.9029887133099642,0.8721466246158467,0.1311745532588866,-2.936700074398239,1.0906199547805788,0.011234415011382655,4,TEa,478154,20251003
0.4896565489605116,0.35240342150656534,0.77164622607012,0.0062031948255687475,1.9173418800959527,2.342091317156054,-0.016550361560452993,5,TEa,478154,20251003
0.9646660136446461,0.00047125021832505887,0.9342340993408874,0.22253094750712743,0.6279151276287834,-10.578339634259006,0.006543272385783822,1,VIS,478154,20251003
0.7294340095187261,0.15481488269085186,0.792296332183219,2.099644583752891e-07,1.4210828839769964,3.3029862735760194,0.050206019452657125,2,VIS,478154,20251003
0.645525322625511,1.6659868998791794e-05,0.9150292148197612,0.051593866198517135,1.9096503066762294,14.93139698735015,-0.015879556160482648,3,VIS,478154,20251003
0.7023611384868151,0.14642432021907004,0.6038456034101058,0.013545457534447358,-1.3005800995587526,3.1553111677423513,0.018774145039275044,4,VIS,478154,20251003
0.04601962472282273,0.008331248314612405,0.08758575747287112,1.2571337889566436e-06,-3.300724667601818,4.9377482649159825,0.07340067983032968,5,VIS,478154,20251003
0.8895476865379693,0.000208895114660268,0.876948050745682,5.860447460648288e-09,-1.0346594178242672,13.672370683710117,0.08055248557815083,1,CA1,478154,20251003
0.47409399246588146,0.18681419558556345,0.44578760716644783,1.648351819483196e-07,-2.795228835970776,-3.9428625516310203,0.05632994425682411,2,CA1,478154,20251003
0.5652919804601075,0.3555205649921177,0.5569154804913983,3.299946560453293e-08,2.363949601738064,2.9779296453470487,0.03590782833039115,3,CA1,478154,20251003
0.24437232192950376,0.026752475731063763,0.18885270479256588,3.0856449173555234e-08,3.866874779696819,8.66769710627156,0.08457150859184481,4,CA1,478154,20251003
0.37128367665748174,0.19530521103579457,0.46701017764768027,1.107086755602893e-09,-2.5789308578430035,-3.587466246016559,0.038176761867330294,5,CA1,478154,20251003
0.08521319600077826,0.1709696776802624,0.05505951364007666,3.5989506440570196e-06,3.1165229292262664,-2.949139377685396,0.03382738143132101,6,CA1,478154,20251003
0.677136145758319,0.000990532869674099,0.0017771618615040063,3.373382353322185e-05,0.7154415341069975,3.197144438680687,0.03570306588609729,1,AUD,478154,20251008
0.5094538342812335,0.36594452178923675,0.5890932669702349,5.227216749825736e-05,-1.0688476060870904,1.5463680898929255,-0.016635758087815408,2,AUD,478154,20251008
0.5888476859134565,0.889473701209559,0.403372345433613,3.7715287692918764e-07,-1.3653120015640052,-0.5119590829964928,0.022807761898075752,3,AUD,478154,20251008
0.13693553578321338,0.4678862666500181,0.01319477955277859,0.0006847986697543496,2.537608156531763,1.3947092310587468,-0.017973385780154782,4,AUD,478154,20251008
0.8634580063583863,0.6704301531794623,0.8024543471544114,0.0006023103404804164,0.7278690220734535,1.1067714840260443,-0.014555288185092377,5,AUD,478154,20251008
0.8929395138048637,0.808416903712106,0.2280315639715278,1.6467020924615383e-07,0.9405053343382516,-1.0298028610308834,-0.04229893048106186,6,AUD,478154,20251008
0.14419533896015946,0.06357618853221714,0.03474540305858853,1.0929827232164513e-07,1.723689611925359,2.2666519532814298,0.0325242450088936,7,AUD,478154,20251008
0.3164163653643448,0.9163195035582115,0.2961302873707431,0.9744526043270221,-1.8575607406469048,-0.4811828389088671,-0.002782251707803326,1,LEC,478154,20251008
0.764205557406622,0.2979853282677414,0.5959661849162132,0.156025366693626,-0.7482850781095803,-1.5425032109582362,0.011356245091590403,2,LEC,478154,20251008
0.4868439815988538,0.22172941570103688,0.6627310603910738,0.01506133136397847,-0.6058945158357055,0.9776547489103766,0.016273794191840794,3,LEC,478154,20251008
0.737501981403788,0.027372832856087936,0.43055365027164694,0.3160831535880204,-0.9616285154725711,2.985412615730836,-0.00794800843145712,1,PERI,478154,20251008
0.8310169283191952,0.16819620714609995,0.8605099236780027,0.00031803157454846076,0.9595094254100416,3.2433524589194755,-0.02254178631445586,2,PERI,478154,20251008
0.4996899494193864,0.3663739989341228,0.5773977968089987,0.7438722368605646,-1.1937274743121362,1.3654881382833173,-0.006009842137156825,3,PERI,478154,20251008
0.3400737580487272,0.5569776843142413,0.16615070422741807,0.6192806718495812,-1.3409459565374695,1.0654152582319447,0.007471985291512327,4,PERI,478154,20251008
0.5045795265176616,0.1805729205879909,0.9070250957633653,0.0023032908916715833,-1.5164570584319814,-2.269469698012733,0.012095887903857605,5,PERI,478154,20251008
0.8003874820032735,0.28315311912993546,0.709095305062383,0.07389352820875428,1.0400828597651233,-3.081581157203365,0.012932445985018306,6,PERI,478154,20251008
0.6149713744859526,0.41332519939003887,0.8272047095711552,0.05429918497668884,-1.1526926624737697,1.7395258290069802,0.012602063971140578,1,TEa,478154,20251008
0.8820875788181346,0.7482905957340362,0.8733751566637832,0.00016538168597968195,-0.7676611524311647,1.1912241259230854,-0.022371628182119185,2,TEa,478154,20251008
0.4435307784383554,0.020938547270948016,0.4706817522554766,8.920200549877855e-06,-1.4442516471340179,3.6765801154201414,-0.024607189771832006,3,TEa,478154,20251008
0.8853573185710898,0.04498497887741004,0.687232137865132,2.9619408998260432e-05,-0.6429121829398343,3.5578234655613152,-0.019026665377049824,4,TEa,478154,20251008
0.4515932430102879,0.7733134080505477,0.754813259786573,4.507134221398701e-09,1.1301206688874876,0.5981817599058143,-0.032216193510401614,5,TEa,478154,20251008
0.5425047621310155,0.34982773518787535,0.4979699224304853,5.956211578395099e-07,1.714449206469101,2.0478151106320164,0.0181252420544861,1,VIS,478154,20251008
0.4586123241342789,0.5133932220113802,0.5837460401614858,1.7576843869271386e-08,1.3739264400528648,1.3436564717118105,0.026919960508848116,2,VIS,478154,20251008
0.593722515518293,0.05556619989866762,0.033674933076214386,4.109909876981455e-06,1.0753948896457493,3.0979335884273116,0.04913596963156941,3,VIS,478154,20251008
0.26701697748557607,0.07412196832177997,0.5393854947530057,1.1492933271739503e-08,1.3249130975312922,-1.8741769036137537,0.024513712778137287,4,VIS,478154,20251008
0.9374370237512086,0.8313552430979618,0.5514175845347493,0.0011459459760136959,0.3814758299818804,-0.6156315635485958,0.00881430357644105,5,VIS,478154,20251008
0.193244231261959,0.3560214201321562,0.3330281086346951,7.978541782804882e-08,2.7855233775390484,-2.153781728572927,0.023768044190542806,1,CA1,478154,20251008
0.6299030005307082,0.5155236599748693,0.43768183204541933,4.674018949657466e-10,-1.021084711471786,-1.2557211388354244,0.03588100812490763,2,CA1,478154,20251008
0.6610861428017452,0.7738556538029377,0.5179772163317531,1.7995876677723288e-07,-1.386126340141701,1.024571719505224,0.01895978482030422,3,CA1,478154,20251008
0.9254736281593786,0.3473415279537728,0.5737705386064225,8.787505856311384e-08,0.7682197375476192,-2.167225860758071,0.028037718618736853,4,CA1,478154,20251008
0.8159400158059906,0.9267392011533058,0.9310174229408218,1.6632805133198758e-09,-0.5969429252972352,-0.45276927887135726,0.04492430521259533,5,CA1,478154,20251008
0.48878893156847725,0.2784996022649002,0.5993968769335731,2.8689077669064034e-08,1.0197794206328819,-1.3805484873873397,0.03647872621209607,6,CA1,478154,20251008
